Auto_Date,Auto_Time,Form_No,Entry_Personnel,Filled_Date,FIR_No,Police_Station,Time_Of_Crash,Date_Of_Crash,Collision_Type,Hit_and_Run,Special_Case,Case File Available,Crash_Severity,No_Of_ Fatalities,No_Of_ Injured,No_Of_Vehicles,Location,Road_Type,Road_1,Road_2,Road_3,GPS_Lat,GPS_Long,Note,Crash_ID,Distance_From_Landmark,Text97,Veh_Rel_Travel_Dir,Crash_ID_new,PS_Name,PS_Name_New,PS_State,PS_Dist,div_DCP,Sb_div_ACP,Circle_TI,Latitude,Longitude
20-07-2022,04:33 PM,210435,Ashwani,2022-05-05T00:00:00Z,0435,104,08:22,2021-07-10T00:00:00Z,Unknown,TRUE,FALSE,FALSE,Fatal Crash,1,0,2,Unknown,NA,Nangloi Flyover Towards Peeragarhi,In front of SDM Office,"Nangloi , Delhi",29,77,One Cycle rider was hit by car on flyover . The victime was taken to hospital by public person .,3556,0,North,Unknown,35560435104,"NANGLOI",Nangloi,Delhi,Delhi,Outer,Nangloi,Nangloi,28.682101,77.070204
20-07-2022,04:33 PM,210702,Ashwani,2022-05-05T00:00:00Z,0702,104,22:30,2021-10-05T00:00:00Z,Sideswipe (Same Direction),TRUE,FALSE,FALSE,Fatal Crash,1,0,3,Unknown,NA,Main Rohtak Road,Near Metro Pillar no 408,Nangloi Delhi,29,77,One motorcyclist was hit by two over taking vehicles(medium heavy commercial). This resulted in his death.,3557,1,North west,Same Direction,35570702104,"NANGLOI",Nangloi,Delhi,Delhi,Outer,Nangloi,Nangloi,28.682171,77.060196
20-07-2022,04:33 PM,210744,Ashwani,2022-05-05T00:00:00Z,0744,104,20:10,2021-10-24T00:00:00Z,Unknown,FALSE,FALSE,FALSE,Fatal Crash,1,0,2,Unknown,NA,Rajdhani Park Metro Station,Nangloi Delhi,NA,29,77,One motorcyclist was hit by Tempo truck . The Tempo ran over the motorist . When the victim was taken to hospital he was declared DOA .,3558,2,West,Unknown,35580744104,"NANGLOI",Nangloi,Delhi,Delhi,Outer,Nangloi,Nangloi,28.68229,77.04549
20-07-2022,04:33 PM,210786,Ashwani,2022-05-05T00:00:00Z,0786,104,05:03,2021-11-05T00:00:00Z,Hit Pedestrian,TRUE,FALSE,FALSE,Fatal Crash,1,0,1,Unknown,NA,Rajdhani Park Near  Sukhi Naher,Railway Line,Nangloi Delhi,29,77,One Pedestrian who was intoxicated was hit by some unknown vehicle . He was take to hospital by CATS ambulance .,3559,2,west,Unknown,35590786104,"NANGLOI",Nangloi,Delhi,Delhi,Outer,Nangloi,Nangloi,28.684762,77.046706
20-07-2022,04:33 PM,210789,Ashwani,2022-05-05T00:00:00Z,0789,104,20:30,2021-11-06T00:00:00Z,Hit Pedestrian,TRUE,FALSE,FALSE,Fatal Crash,1,0,1,Unknown,NA,Near Rajdhani Park,Nangloi,NA,29,77,One unknown vehcile had hit one pedestrian .,3560,2,west,Unknown,35600789104,"NANGLOI",Nangloi,Delhi,Delhi,Outer,Nangloi,Nangloi,28.6821785937582,77.0446990748539
20-07-2022,04:33 PM,210030,Ashwani,2022-05-05T00:00:00Z,0030,105,01:56,2021-01-25T00:00:00Z,Hit Pedestrian,TRUE,FALSE,FALSE,Fatal Crash,1,0,1,Unknown,NA,Naraina Flyover bus stand,Towards Punjabi Bagh,NA,29,77,One unknown male pedestrian was hit by an unknown vehicle on road.Pedestrian died on the spot .,3561,2,NA,Unknown,35610030105,"NARAINA",Naraina,Delhi,Delhi,West,Punjabi Bagh,Mayapuri,28.626615,77.134102
20-07-2022,04:33 PM,210293,Ashwani,2022-05-05T00:00:00Z,0293,105,15:15,2021-07-19T00:00:00Z,Sideswipe (Same Direction),FALSE,FALSE,FALSE,Fatal Crash,1,0,1,Unknown,NA,Naraina Flyover,Towards Dhaula Kuan,NA,29,77,"One truck hit , tempo causing injury to 02 occupants of tempo. The driver of tempo was declared dead in hospital .",3562,2,West,Same Direction,35620293105,"NARAINA",Naraina,Delhi,Delhi,West,Punjabi Bagh,Mayapuri,28.621574,77.136199
20-07-2022,04:33 PM,210453,Ashwani,2022-05-05T00:00:00Z,0453,105,00:03,2021-09-22T00:00:00Z,Unknown,TRUE,FALSE,FALSE,Fatal Crash,1,0,NA,Unknown,NA,Under Delhi Cantt. Metro Station,Towards Dhaula Kuan,NA,29,77,"One bike rider was found dead on road , no dtails available about the rider or the hitting vehicle .",3563,4,NA,Unknown,35630453105,"NARAINA",Naraina,Delhi,Delhi,West,Punjabi Bagh,Mayapuri,28.608622,77.140539
20-07-2022,04:33 PM,210500,Ashwani,2022-05-05T00:00:00Z,0500,105,23:15,2021-10-14T00:00:00Z,Unknown,TRUE,FALSE,FALSE,Fatal Crash,1,0,1,Unknown,NA,Near Square Ring Road,From Naraian to Daula Kuan,NA,29,77,One Motorcyclist was killed on the spot in  hit and run case by unknown vehicle .,3564,2,NA,Unknown,35640500105,"NARAINA",Naraina,Delhi,Delhi,West,Punjabi Bagh,Mayapuri,28.607709,77.140899
20-07-2022,04:33 PM,210502,Ashwani,2022-05-06T00:00:00Z,0502,105,07:16,2021-10-15T00:00:00Z,Hit Pedestrian,TRUE,FALSE,FALSE,Fatal Crash,1,0,1,Unknown,NA,"Loha Mandi Red Light ,",Towards Naraina,Naraina,29,77,One pedestrian was hit by some car (details unknown & no eyewitness).,3565,2,NA,Unknown,35650502105,"NARAINA",Naraina,Delhi,Delhi,West,Punjabi Bagh,Mayapuri,28.640558,77.144681
20-07-2022,04:33 PM,210576,Ashwani,2022-05-06T00:00:00Z,0576,105,21:15,2021-10-20T00:00:00Z,Unknown,TRUE,FALSE,FALSE,Fatal Crash,1,0,2,Unknown,NA,Pillar no 5,Ring Road Naraina,Towards Mayapuri Road,29,77,One EV Scooty was hit by unknown vehicle . Scooty rider was taken to hospital and was under treatment . After 05 days of treatment he died .,3566,2,NA,Unknown,35660576105,"NARAINA",Naraina,Delhi,Delhi,West,Punjabi Bagh,Mayapuri,28.610695,77.138518
20-07-2022,04:33 PM,210599,Ashwani,2022-05-06T00:00:00Z,0599,105,06:00,2021-12-01T00:00:00Z,Single Vehicle Overturn,FALSE,FALSE,FALSE,Fatal Crash,1,1,1,Unknown,NA,Opposite Dental Officers Mess,From Rajouri garden to Dhaula Kuan,NA,29,77,On bike skid off the road in which the driver died and pillion got injured.,3567,2,west,Unknown,35670599105,"NARAINA",Naraina,Delhi,Delhi,West,Punjabi Bagh,Mayapuri,28.614563,77.136235
20-07-2022,04:33 PM,210628,Ashwani,2022-05-06T00:00:00Z,0628,105,00:00,2021-12-11T00:00:00Z,Hit Pedestrian,TRUE,FALSE,FALSE,Fatal Crash,1,0,1,Unknown,NA,Ring Road under Flyover Naraina,Near Red Light T Point,Towards Dhaula Kuan,29,77,One Pedestrian was hit by a speeding car . No details available of car . The victim declared dead by doctor in hospital .,3568,2,NA,Unknown,35680628105,"NARAINA",Naraina,Delhi,Delhi,West,Punjabi Bagh,Mayapuri,28.621852,77.135988
20-07-2022,04:33 PM,210023,Ashwani,2022-05-06T00:00:00Z,0023,107,14:40,2021-01-14T00:00:00Z,Unknown,FALSE,FALSE,FALSE,Fatal Crash,1,1,2,Unknown,NA,Near Factory no C-609,"C Block, Main Road DSIIDC",Narela,29,77,One tempo collided with bike . There are no details of tempo driver . The bike rider died on the spot and the pillion was injured .,3569,2,East,Unknown,35690023107,"NARELAINDAREA",Narela lnd. Area,Delhi,Delhi,Outer North,Bawana,Narela,28.833373,77.108831
20-07-2022,04:33 PM,210093,Ashwani,2022-05-06T00:00:00Z,0093,107,10:30,2021-03-02T00:00:00Z,Backend Collision,TRUE,FALSE,FALSE,Fatal Crash,1,1,2,Unknown,NA,"Shaani Bazar Road ,","Pocket 13 , B- 4 ,","Narela , Delhi",29,77,"One bike was hit by car while coming from opposite side .The car after hitting fled the scene , no details available about the car . The pillion rider (child) died on the spot due to impact and injuries .",3570,5,North,Opposite Direction,35700093107,"NARELAINDAREA",Narela lnd. Area,Delhi,Delhi,Outer North,Bawana,Narela,28.693064,77.067387
20-07-2022,04:33 PM,210104,Ashwani,2022-05-06T00:00:00Z,0104,107,23:00,2021-03-08T00:00:00Z,Hit Pedestrian,TRUE,FALSE,FALSE,Fatal Crash,1,0,1,Unknown,NA,Infront of Shankar Dharam Kanta,Alipur- Narela Road,"Bhorgarh , Delhi",29,77,"One pedestrian was hit by unknown vehicle , he died on the spot and there were no details about the hitting vehicle nor any eyewitness .",3571,1,West,Unknown,35710104107,"NARELAINDAREA",Narela lnd. Area,Delhi,Delhi,Outer North,Bawana,Narela,28.770273,77.126384
20-07-2022,04:33 PM,210117,Ashwani,2022-05-06T00:00:00Z,0117,107,21:30,2021-03-16T00:00:00Z,Hit Pedestrian,TRUE,FALSE,FALSE,Fatal Crash,1,0,1,Unknown,NA,Near Water Tank G Block,DSIIDC Narela,Delhi,29,77,One pedestrian was hit by truck from behind while he was walking along the roadside . The truck driver left the truck and ran off the site .Victim was taken to hospital by spouse .,3572,1,East,Same Direction,35720117107,"NARELAINDAREA",Narela lnd. Area,Delhi,Delhi,Outer North,Bawana,Narela,28.770591,77.108892
20-07-2022,04:33 PM,210133,Ashwani,2022-05-06T00:00:00Z,0133,107,15:00,2021-03-22T00:00:00Z,Unknown,TRUE,FALSE,FALSE,Fatal Crash,1,0,2,Unknown,NA,Near Holambi Mor,Alipur to Narela road,Shahpur,29,77,One Goods tempo and bus had collided . The driver of tempo got injured and was taken to hospital by CATS ambulance .,3573,2,East,Unknown,35730133107,"NARELAINDAREA",Narela lnd. Area,Delhi,Delhi,Outer North,Bawana,Narela,28.825287,77.083455
20-07-2022,04:33 PM,210283,Ashwani,2022-05-06T00:00:00Z,0283,107,20:00,2021-05-16T00:00:00Z,Hit Pedestrian,TRUE,FALSE,FALSE,Fatal Crash,1,0,1,Unknown,NA,Near Harish Chandar Hospital,Narela Delhi,NA,29,77,One Pedestrian was hit by unknown vehicle . No details of accused vehicle and victim were available .,3574,1,East,Unknown,35740283107,"NARELAINDAREA",Narela lnd. Area,Delhi,Delhi,Outer North,Bawana,Narela,28.840479,77.100783
20-07-2022,04:33 PM,210301,Ashwani,2022-05-06T00:00:00Z,0301,107,21:20,2021-05-31T00:00:00Z,Single Vehicle Overturn,FALSE,FALSE,FALSE,Fatal Crash,1,0,1,Unknown,NA,Near Gate No 2,DSIIDC Narela,"Narela to Bawana , over the flyover",29,77,One motorcyclist was found on flyover in accidental condition . He was taken to hospital by CATS ambulance .,3575,1,North,Not Applicable,35750301107,"NARELAINDAREA",Narela lnd. Area,Delhi,Delhi,Outer North,Bawana,Narela,28.841537,77.111941
20-07-2022,04:33 PM,210359,Ashwani,2022-05-06T00:00:00Z,0359,107,02:28,2021-06-29T00:00:00Z,Hit Pedestrian,TRUE,FALSE,FALSE,Fatal Crash,1,0,1,Unknown,NA,Between Singhola Red light and B4,Police booth,"Narela , Delhi",29,77,One pedestrian was hit by some unknown vehicle and whaen taken to hospital by CATS ambulance was DOA.,3576,2,East,Unknown,35760359107,"NARELAINDAREA",Narela lnd. Area,Delhi,Delhi,Outer North,Bawana,Narela,28.841574,77.126833
20-07-2022,04:33 PM,210487,Ashwani,2022-05-06T00:00:00Z,0487,107,21:25,2021-08-07T00:00:00Z,Unknown,FALSE,FALSE,FALSE,Fatal Crash,1,0,2,Unknown,NA,Near Shahpur Garhi Bus Depot,Narela Alipur Road,Delhi,29,77,"One Scooty and tempo collided , this resulted in injuries to scooty driver . He was taken to hospital by public and admitted .",3577,2,South,Unknown,35770487107,"NARELAINDAREA",Narela lnd. Area,Delhi,Delhi,Outer North,Bawana,Narela,28.817721,77.102567
20-07-2022,04:33 PM,210053,Ashwani,2022-05-06T00:00:00Z,0053,107,07:30,2021-02-08T00:00:00Z,Hit Pedestrian,FALSE,FALSE,FALSE,Fatal Crash,1,0,1,Unknown,NA,D Block Near H no - 1450,JJ Colony Bawana,Delhi,29,77,One pedestrian was hit from behind by Ecco car. The victim was taken to hospital in same Ecco by driver . In hospital doctor declared him DOA .,3578,6,South,Same Direction,35780053107,"NARELAINDAREA",Narela lnd. Area,Delhi,Delhi,Outer North,Bawana,Narela,28.858375,77.087699
20-07-2022,04:33 PM,210060,Ashwani,2022-05-06T00:00:00Z,0060,107,09:00,2021-02-12T00:00:00Z,Unknown,FALSE,FALSE,FALSE,Fatal Crash,1,0,2,Unknown,NA,Ghoga Mor,Bawana to Narela Road,Delhi,29,77,"One motorcyclist was hit by  threewheeler tempo . The motorcyclist was taken to hospital by CATS ambulance , where he was declared DOA.",3579,8,West,Unknown,35790060107,"NARELAINDAREA",Narela lnd. Area,Delhi,Delhi,Outer North,Bawana,Narela,28.819805,77.063721
20-07-2022,04:33 PM,210130,Ashwani,2022-05-06T00:00:00Z,0130,107,22:00,2021-03-19T00:00:00Z,Unknown,FALSE,FALSE,FALSE,Fatal Crash,1,1,2,Unknown,NA,"Bawana , Sec-5 to Barwala Road",Before Canal 500 m.,Delhi,29,77,Two motorcyclist collided and got injured . Both were taken to hospital by CATS ambulance . One rider was under treatment in hospital and other was taken by relatives when got stable.,3580,7,South,Unknown,35800130107,"NARELAINDAREA",Narela lnd. Area,Delhi,Delhi,Outer North,Bawana,Narela,28.818112,77.063737
20-07-2022,04:33 PM,210170,Ashwani,2022-05-06T00:00:00Z,0170,107,20:31,2021-04-06T00:00:00Z,Others,FALSE,FALSE,FALSE,Fatal Crash,1,0,2,Unknown,NA,Ghogha Mod New Bawana,Near Narela road,Delhi,29,77,One Motorcyclist was injured at taken to hopital by relative . Declared DOA by doctor . Case of hit and run by unknown vehicle .,3581,4,West,Unknown,35810170107,"NARELAINDAREA",Narela lnd. Area,Delhi,Delhi,Outer North,Bawana,Narela,28.843785,77.089439
20-07-2022,04:33 PM,210623,Ashwani,2021-05-06T00:00:00Z,0623,107,07:15,2021-10-06T00:00:00Z,Hit Pedestrian,TRUE,FALSE,FALSE,Fatal Crash,1,0,1,Unknown,NA,New Bhorgarh to Bawana road,Sannoth Mod,DDA Street Light Pole,29,77,One pedestrian lady was hit by car . The lady was taken to hospital by ambulance where she was declared DOA . The car driver left his car and fled the site .,3582,5,South West,Unknown,35820623107,"NARELAINDAREA",Narela lnd. Area,Delhi,Delhi,Outer North,Bawana,Narela,28.820934,77.065303
20-07-2022,04:33 PM,210657,Ashwani,2022-05-06T00:00:00Z,0657,107,16:50,2021-10-21T00:00:00Z,Unknown,FALSE,FALSE,FALSE,Fatal Crash,1,1,2,Unknown,NA,Narela to Bawana New Road,Near Village Sannoth,Delhi,29,77,One motorcycle and car were found in accidental condition . The rider of the bike died and pillion rider was injured both were taken to hospital by CATS ambulance .No details of accident were available .,3583,5,South,Unknown,35830657107,"NARELAINDAREA",Narela lnd. Area,Delhi,Delhi,Outer North,Bawana,Narela,28.82098,77.06541
20-07-2022,04:33 PM,210708,Ashwani,2022-05-06T00:00:00Z,0708,107,21:30,2021-11-15T00:00:00Z,Unknown,TRUE,FALSE,FALSE,Fatal Crash,1,0,2,Unknown,NA,Alipur Narela Road,Near Holambi Mod,Village Shahpur Garhi,29,77,One motorcyclist was found in accidental condition and taken to hopital in ambulace by police . He was declared DOA by doctor .,3584,2,South,Unknown,35840708107,"NARELAINDAREA",Narela lnd. Area,Delhi,Delhi,Outer North,Bawana,Narela,28.804659,77.111048
20-07-2022,04:33 PM,210953,Ashwani,2022-05-06T00:00:00Z,0953,107,19:20,2021-12-22T00:00:00Z,Unknown,FALSE,FALSE,FALSE,Fatal Crash,1,0,2,Unknown,NA,Towards Bawana to Narela,In fornt of Police booth,JJ colony Bawana Delhi,29,77,"One bike and Truck collided , the bike rider got injured and was taken to hospital in PCR . He was declared DOA .",3585,6,South West,Unknown,35850953107,"NARELAINDAREA",Narela lnd. Area,Delhi,Delhi,Outer North,Bawana,Narela,28.838802,77.102299
20-07-2022,04:33 PM,210515,Ashwani,2022-05-09T00:00:00Z,0515,107,19:15,2021-08-15T00:00:00Z,Unknown,FALSE,FALSE,FALSE,Fatal Crash,1,0,2,Unknown,NA,"Main Road Sector 5,","DSIIDC Bawana,","Near Petrol Pump, Delhi",29,77,One motorcycle and E-Rickshaw collided and Richshaw driver got injured . He was taken to hospital by public person .,3586,6,South West,Unknown,35860515107,"NARELAINDAREA",Narela lnd. Area,Delhi,Delhi,Outer North,Bawana,Narela,28.830266,77.09822
20-07-2022,04:33 PM,210520,Ashwani,2022-05-09T00:00:00Z,0520,107,20:00,2021-08-17T00:00:00Z,Sideswipe (Same Direction),FALSE,FALSE,FALSE,Fatal Crash,2,0,1,Unknown,NA,Common Way Sirka Factory,"Narela , Delhi",NA,29,77,"One crane was onloading iron rods in truck while onloading , the operator of the crane maneuvered the crane at high speed . This led to injurying of 02 pedestrians passing by from there.",3587,7,West,Same Direction,35870520107,"NARELAINDAREA",Narela lnd. Area,Delhi,Delhi,Outer North,Bawana,Narela,28.796146,77.059246
20-07-2022,04:33 PM,210009,Ashwani,2022-05-09T00:00:00Z,0009,106,17:00,2021-01-12T00:00:00Z,Unknown,FALSE,FALSE,FALSE,Fatal Crash,2,0,2,Unknown,NA,Near Radha Swami SatSang,"Singhu Border , Narela Road",Delhi,29,77,"One Tempo had hit one motorcycle , killing the driver and pillion rider of bike and injuring third person .",3588,3,North,Unknown,"35880009
0009
0009106","NARELA",Narela,Delhi,Delhi,Outer North,Bawana,Narela,28.857559,77.10541
20-07-2022,04:33 PM,210021,Ashwani,2022-05-09T00:00:00Z,0021,106,22:07,2021-01-20T00:00:00Z,Single Vehicle Run of the Road,FALSE,FALSE,FALSE,Fatal Crash,1,0,1,Unknown,NA,"Pocket -3, Mata Masna Devi Road,","Narela , Delhi",NA,29,77,One motorcyclist was found dead along with motorcycle in a road side pit .,3589,0,NA,Not Applicable,35890021106,"NARELA",Narela,Delhi,Delhi,Outer North,Bawana,Narela,28.845923,77.101522
20-07-2022,04:33 PM,210031,Ashwani,NA,0031,106,21:49,2021-02-04T00:00:00Z,Hit Pedestrian,TRUE,FALSE,FALSE,Fatal Crash,1,0,1,Unknown,NA,Lampur Underpass,"Narela , Delhi",NA,29,77,One pedestrian was found injuried and taken to hospital where he was declared DOA by doctor.,3590,0,NA,Unknown,35900031106,"NARELA",Narela,Delhi,Delhi,Outer North,Bawana,Narela,28.850682,77.087678
20-07-2022,04:33 PM,210064,Ashwani,2022-05-09T00:00:00Z,0064,106,00:15,2021-03-04T00:00:00Z,Single Vehicle Hit Fixed Object,FALSE,FALSE,FALSE,Fatal Crash,1,1,1,Unknown,NA,SRHC Road,Near Ram Leela Ground,NA,29,77,"Car was hit into divider by driver , this resulted in overturning of vehicle . One passenger got injured and one more died while under  treatment .",3591,4,West,Not Applicable,35910064106,"NARELA",Narela,Delhi,Delhi,Outer North,Bawana,Narela,28.840014,77.096013
20-07-2022,04:33 PM,210337,Ashwani,2021-05-09T00:00:00Z,0337,106,17:00,2021-07-31T00:00:00Z,Backend Collision,TRUE,FALSE,FALSE,Fatal Crash,1,1,2,Unknown,NA,"Y Point , Narela",Delhi,NA,29,77,One Mototrcycle was hit from behind by truck. The driver of bike got minor injuries and pillion rider was declared DOA by doctor .,3592,2,East,Same Direction,35920337106,"NARELA",Narela,Delhi,Delhi,Outer North,Bawana,Narela,28.8286,77.072839
20-07-2022,04:33 PM,210393,Ashwani,2022-05-09T00:00:00Z,0393,106,17:00,2021-08-22T00:00:00Z,Unknown,FALSE,FALSE,FALSE,Fatal Crash,1,0,1,Unknown,NA,Near Gausala Goga,"Narela , Delhi",NA,29,77,"One pillion rider was admitted in hospital by public , as she had a fall from motorcycle . No other details available about the crash .",3593,5,South East,Unknown,35930393106,"NARELA",Narela,Delhi,Delhi,Outer North,Bawana,Narela,28.829403,77.048458
20-07-2022,04:33 PM,210424,Ashwani,2022-05-09T00:00:00Z,0424,106,12:45,2021-08-21T00:00:00Z,Hit Pedestrian,TRUE,FALSE,FALSE,Fatal Crash,1,0,1,Unknown,NA,"Bawana Road ,",Near Bharat Mata School Stand,Narela,29,77,A pedestrian was hit by unknown vehicle and he died on the spot .,3594,0,NA,Unknown,35940424106,"NARELA",Narela,Delhi,Delhi,Outer North,Bawana,Narela,28.833764,77.077357
20-07-2022,04:33 PM,210432,Ashwani,2022-06-09T00:00:00Z,0432,106,19:00,2021-09-16T00:00:00Z,Hit Pedestrian,FALSE,FALSE,FALSE,Fatal Crash,1,0,1,Unknown,NA,Ghogha Village Opposite,Osha Dham Mandir,NA,29,77,"One Pedestrian was found unconcious on road , when taken to hospital by relative was declared DOA by doctor .",3595,4,South,Unknown,35950432106,"NARELA",Narela,Delhi,Delhi,Outer North,Bawana,Narela,28.553947,76.973004
20-07-2022,04:33 PM,210489,Ashwani,2022-05-09T00:00:00Z,0489,106,15:15,2021-10-27T00:00:00Z,Single Vehicle Overturn,FALSE,FALSE,FALSE,Fatal Crash,1,0,1,Unknown,NA,Opposite Bawana Road,CRPF Camp,Narela,29,77,"A pillion rider fell from the motorcycle and got injuried , when taken to hospital by spouse was declared dead by doctor .",3596,3,South,Not Applicable,35960489106,"NARELA",Narela,Delhi,Delhi,Outer North,Bawana,Narela,28.8323422174005,77.0774033455119
20-07-2022,04:33 PM,210503,Ashwani,2022-05-09T00:00:00Z,0503,106,23:30,2021-11-13T00:00:00Z,Unknown,TRUE,FALSE,FALSE,Fatal Crash,1,0,2,Unknown,NA,In front of Maharaja Agarsen School,"Bawana Road ,","Narela , Delhi",29,77,"One scooty rider was hit by unknown vehicle , when taken to hospital by CATS ambulance was Declared dead by doctor .",3597,4,South East,Unknown,35970503106,"NARELA",Narela,Delhi,Delhi,Outer North,Bawana,Narela,28.835983,77.079366
20-07-2022,04:33 PM,210519,Ashwani,2022-05-09T00:00:00Z,0519,106,15:15,2021-11-27T00:00:00Z,Unknown,FALSE,FALSE,FALSE,Fatal Crash,1,0,2,Unknown,NA,In front of SRHC Hospital,Narela,NA,29,77,One Motorcyclist was hit by truck . The driver was taken to hospital by CATS ambulance where he was declared DOA .,3598,2,East,Unknown,35980519106,"NARELA",Narela,Delhi,Delhi,Outer North,Bawana,Narela,28.840068,77.102257
20-07-2022,04:33 PM,210522,Ashwani,2022-05-09T00:00:00Z,0522,106,01:30,2021-11-28T00:00:00Z,Single Vehicle Hit Fixed Object,FALSE,FALSE,FALSE,Fatal Crash,1,0,1,Unknown,NA,"Gali no 2 , Sain Hardware shop","Lampur , Delhi",NA,29,77,"A car banged into a transformer platform on the road side , killing the driver of car on the spot.",3599,2,South West,Unknown,35990522106,"NARELA",Narela,Delhi,Delhi,Outer North,Bawana,Narela,28.844361,77.082466
20-07-2022,04:33 PM,210213,Ashwani,2022-05-09T00:00:00Z,0213,108,00:00,2021-05-21T00:00:00Z,Backend Collision,TRUE,FALSE,FALSE,Fatal Crash,1,0,1,Unknown,NA,"Road Outside , 646, Devli village",Delhi opposite TINY Public School,NA,29,77,A pedestrian was hit by car while walking besides the road trying to avaoid a pit dug on the road  .,3600,2,North East,Same Direction,36000213108,NEBSARAI,Neb Sarai,Delhi,Delhi,South,Mehrauli,Sangam Vihar,28.502845,77.23109
20-07-2022,04:33 PM,210228,Ashwani,2022-05-09T00:00:00Z,0228,108,00:00,2021-06-04T00:00:00Z,Single Vehicle Overturn,FALSE,FALSE,FALSE,Fatal Crash,1,0,1,Unknown,NA,"Near Haveli , Sainik Farms",New Delhi,NA,29,77,One motorcycle rider was involved in road crash due to intake of alcohol and injuring self .,3601,2,North East,Not Applicable,36010228108,NEBSARAI,Neb Sarai,Delhi,Delhi,South,Mehrauli,Sangam Vihar,28.50945,77.219061
20-07-2022,04:33 PM,210014,Ashwani,2022-05-09T00:00:00Z,0014,111,20:30,2021-01-10T00:00:00Z,Hit Pedestrian,TRUE,FALSE,FALSE,Fatal Crash,1,0,1,Unknown,NA,"Noida mod ,","New Ashok Nagar ,Delhi",NA,29,77,A pedestrian was hit by car and injured him . The victim was taken to hospital in PCR van and later during treatment after 05 days in hospital he died .,3602,1,East,Unknown,36020014111,NEWASHOKNAGAR,New Ashok Nagar,Delhi,Delhi,East District,Kalyan Puri,Kalyan Puri,28.58904,77.30203
20-07-2022,04:33 PM,210020,Ashwani,2022-05-09T00:00:00Z,0020,111,13:00,2021-01-22T00:00:00Z,Sideswipe (Same Direction),FALSE,FALSE,FALSE,Fatal Crash,1,0,2,Unknown,NA,MODE Apartment,Vasundhra Enclave,Delhi 110096,29,77,One passenger of bus got stuck between two buses while he was disembarking . The bus from which he was disembarking was overtaking another bus . He was taken  to hospital by public and declared DOA .,3603,2,South,Same Direction,36030020111,NEWASHOKNAGAR,New Ashok Nagar,Delhi,Delhi,East District,Kalyan Puri,Kalyan Puri,28.5981,77.31956
20-07-2022,04:33 PM,210025,Ashwani,2022-05-09T00:00:00Z,0025,111,12:00,2021-01-30T00:00:00Z,Hit Pedestrian,FALSE,FALSE,FALSE,Fatal Crash,1,0,1,Unknown,NA,Near Gautam Public School,Old Kondli,Delhi,29,77,"One pedestrian was hit by auto rickshaw , the pedestrian was rushed to hospital in same offending auto .The lady pedestrian was declared DOA by doctor.",3604,1,North,Unknown,36040025111,NEWASHOKNAGAR,New Ashok Nagar,Delhi,Delhi,East District,Kalyan Puri,Kalyan Puri,28.61347,77.32532
20-07-2022,04:33 PM,210071,Ashwani,2022-05-09T00:00:00Z,0071,111,10:30,2021-04-03T00:00:00Z,Unknown,FALSE,FALSE,FALSE,Fatal Crash,1,0,2,Unknown,NA,Near Gujjar Bhawan,"Dallupura , Delhi",NA,29,77,One scooty and bus collided which resulted in injuries to scooty rider . He was taken to hospital by CATS ambulance and later died during treatment .,3605,0,WEST,Unknown,36050071111,NEWASHOKNAGAR,New Ashok Nagar,Delhi,Delhi,East District,Kalyan Puri,Kalyan Puri,28.61023,77.33839
20-07-2022,04:33 PM,210198,Ashwani,2022-05-09T00:00:00Z,0198,111,20:30,2021-06-08T00:00:00Z,Single Vehicle Hit Fixed Object,FALSE,FALSE,FALSE,Fatal Crash,2,0,1,Unknown,NA,Under New Ashok Nagar,Metro Station,NA,29,77,"One motorcycle hit the wall of drainage nala, the rider and pillion fell into it and drowned . Both were taken out by help of NDRF team and sent to hospital in CATS ambulance where they were declared DOA.",3606,2,South,Not Applicable,36060198111,NEWASHOKNAGAR,New Ashok Nagar,Delhi,Delhi,East District,Kalyan Puri,Kalyan Puri,28.5892,77.3011