Auto_Date,Auto_Time,Form_No,Entry_Personnel,Filled_Date,FIR_No,Police_Station,Time_Of_Crash,Date_Of_Crash,Collision_Type,Hit_and_Run,Special_Case,Case File Available,Crash_Severity,No_Of_ Fatalities,No_Of_ Injured,No_Of_Vehicles,Location,Road_Type,Road_1,Road_2,Road_3,GPS_Lat,GPS_Long,Note,Crash_ID,Distance_From_Landmark,Text97,Veh_Rel_Travel_Dir,Crash_ID_new,PS_Name,PS_Name_New,PS_State,PS_Dist,div_DCP,Sb_div_ACP,Circle_TI,Latitude,Longitude
20-07-2022,04:33 PM,210241,Ashwani,2022-05-10T00:00:00Z,0241,111,00:30,2021-06-27T00:00:00Z,Unknown,TRUE,FALSE,FALSE,Fatal Crash,1,1,2,Unknown,NA,Kondli Pul Red Light,NA,NA,29,77,A rider and pillion rider of bike were hit by truck and were taken to hospital by PCR.,3607,2,East,Unknown,36070241111,NEWASHOKNAGAR,New Ashok Nagar,Delhi,Delhi,East District,Kalyan Puri,Kalyan Puri,28.61475,77.32059
20-07-2022,04:33 PM,210417,Ashwani,2022-05-10T00:00:00Z,0417,111,02:32,2021-09-11T00:00:00Z,Hit Pedestrian,TRUE,FALSE,FALSE,Fatal Crash,1,0,1,Unknown,NA,Dallupura Mod,Delhi,NA,29,77,One pedestrian was hit by unknown vehicle and there are no details available about the victim also .,3608,0,NA,Unknown,36080417111,NEWASHOKNAGAR,New Ashok Nagar,Delhi,Delhi,East District,Kalyan Puri,Kalyan Puri,28.60111,77.3267
20-07-2022,04:33 PM,210287,Ashwani,2022-05-10T00:00:00Z,0287,109,08:46,2021-08-26T00:00:00Z,Unknown,TRUE,FALSE,FALSE,Fatal Crash,1,0,2,Unknown,NA,New Modi Mill Flyover,Towards Sarita Vihar to Ashram Chowk,"Mathura Road , Delhi",29,77,"A rickshaw puller was hit by unknown vehicle , the rickshaw puller died on the spot due to impact.",3609,1,NA,Unknown,36090287109,NEWFRIENDSCOLONV,New Friends Colony,Delhi,Delhi,South East,Kalkaji,New Friends Colony,28.558221,77.268766
20-07-2022,04:33 PM,210298,Ashwani,2022-05-10T00:00:00Z,0298,109,00:26,2021-09-12T00:00:00Z,Hit Pedestrian,TRUE,FALSE,FALSE,Fatal Crash,1,0,1,Unknown,NA,"Mathura Road ,","Near Kalka Mor Bus Stop,",NFC,29,77,"One pedestrian was found unconsious on road , when taken to hospital was declared DOA.No details of offending vehicle available in FIR.",3610,0,west,Unknown,36100298109,NEWFRIENDSCOLONV,New Friends Colony,Delhi,Delhi,South East,Kalkaji,New Friends Colony,28.560031,77.267521
20-07-2022,04:33 PM,210341,Ashwani,2022-05-10T00:00:00Z,0341,109,12:15,2021-10-17T00:00:00Z,Backend Collision,FALSE,FALSE,FALSE,Fatal Crash,1,0,2,Unknown,NA,Modi mill Flyover,"NFC , New Delhi",NA,29,77,"Scooty was hit by car from behind , this resulted in fall of driver and pillion rider of scooty. Pillion rider was injured and talen to hospital in offending vehicle itself by owner of car .Upon arrival of hospital doctor declared victim DOA .",3611,1,NA,Same Direction,36110341109,NEWFRIENDSCOLONV,New Friends Colony,Delhi,Delhi,South East,Kalkaji,New Friends Colony,28.55742,77.26949
20-07-2022,04:33 PM,210353,Ashwani,2022-05-10T00:00:00Z,0353,109,19:30,2021-10-24T00:00:00Z,Hit Pedestrian,TRUE,FALSE,FALSE,Fatal Crash,1,0,1,Unknown,NA,Near Barat Ghar,Sarai Julena,NA,29,77,"A pedestrian was hit by Gramin sewa , the victim was rushed to hospital by public and admited .",3612,2,NA,Unknown,36120353109,NEWFRIENDSCOLONV,New Friends Colony,Delhi,Delhi,South East,Kalkaji,New Friends Colony,28.5588729935807,77.2718316030549
20-07-2022,04:33 PM,210406,Ashwani,2022-05-10T00:00:00Z,0406,109,00:30,2021-12-24T00:00:00Z,Hit Pedestrian,FALSE,FALSE,FALSE,Fatal Crash,1,0,1,Unknown,NA,Sukhdev Vihar Bus Depot,Modi Mill flyover,NA,29,77,One pedestrian was hit by truck from behind and the victim died on the spot as the truck's rear wheel ran over the head of  pedestrian .,3613,1,NA,Same Direction,36130406109,NEWFRIENDSCOLONV,New Friends Colony,Delhi,Delhi,South East,Kalkaji,New Friends Colony,28.554653,77.271688
20-07-2022,04:33 PM,210421,Ashwani,2022-05-10T00:00:00Z,0421,109,14:00,2021-12-04T00:00:00Z,Hit Pedestrian,TRUE,FALSE,FALSE,Fatal Crash,1,0,1,Unknown,NA,Mathura Road,Near CNG Pump,NA,28,77,One pedestrian was found unconscious on road when taken to hospital by police was declared DOA by doctor .,3614,0,NA,Unknown,36140421109,NEWFRIENDSCOLONV,New Friends Colony,Delhi,Delhi,South East,Kalkaji,New Friends Colony,NA,NA
20-07-2022,04:33 PM,210146,Ashwani,2022-05-10T00:00:00Z,0146,110,11:30,2021-03-26T00:00:00Z,Hit Pedestrian,FALSE,FALSE,FALSE,Fatal Crash,1,0,1,Unknown,NA,Near MCD Flats,"Usmanpur , Delhi",NA,29,77,A lady pedestrian was hit by unknown vehicle and brought to hospital by family . She died in hospital during treatment .,3615,0,NA,Unknown,36150146110,NEWUSHMANPUR,New Usman Pur,Delhi,Delhi,North East,KhajuriKhas,Seelampur,28.678034,77.258003
20-07-2022,04:33 PM,210419,Ashwani,2022-05-10T00:00:00Z,0419,110,21:00,2021-07-04T00:00:00Z,Hit Pedestrian,TRUE,FALSE,FALSE,Fatal Crash,1,0,1,Unknown,NA,MCD Flats New Usmanpur,NA,NA,29,77,A pedestrian was hit by a car (details unknown) and taken to hospital by ralatives . He was under treatment for about 27 days and died during treatment.,3616,1,North,Unknown,36160419110,NEWUSHMANPUR,New Usman Pur,Delhi,Delhi,North East,KhajuriKhas,Seelampur,28.677526,77.257892
20-07-2022,04:33 PM,210010,Ashwani,2022-05-10T00:00:00Z,0010,112,09:30,2021-01-04T00:00:00Z,Unknown,TRUE,FALSE,FALSE,Fatal Crash,1,0,NA,Unknown,NA,"Khanda Chowk , near Nala","Dawai Godam , Chander Vihar",Delhi,29,77,One Motorcyclist was found unconscious on road and take to hospital by public in car . He was declared DOA in hospital . There were no details available/ eyewitness of crash .,3617,2,South East,Unknown,36170010112,NIHALVIHAR,Nihal Vihar,Delhi,Delhi,Outer,Nangloi,Paschim Vihar,28.651158,77.071924
20-07-2022,04:33 PM,211159,Ashwani,2022-05-10T00:00:00Z,1159,112,00:56,2021-09-26T00:00:00Z,Backend Collision,TRUE,FALSE,FALSE,Fatal Crash,1,0,2,Unknown,NA,Near Importy Shopping Mart,Janta Dharam Kanta,Najafgarh Main Road,29,77,"A motorcyclist was hit by a dumper truck .After hitting the rider the truck ran over him , killing the rider on the spot.",3618,1,North,Same Direction,36181159112,NIHALVIHAR,Nihal Vihar,Delhi,Delhi,Outer,Nangloi,Paschim Vihar,28.673977,77.060495
20-07-2022,04:33 PM,211443,Ashwani,2022-05-10T00:00:00Z,1443,112,18:57,2021-12-28T00:00:00Z,Sideswipe (Same Direction),TRUE,FALSE,FALSE,Fatal Crash,1,NA,2,Unknown,NA,"Near Hanuman Mandir 
Near Hanuman Mandir",Nangloi Najafgarh Road,NA,29,77,A scooty was hit from sideways by mini bus . Due to impact the driver of scooty fell away from it and the pillion rider fell in towards the bus and ran over her head . Killing the pillion rider on the spot .,3619,1,North,Same Direction,36191443112,NIHALVIHAR,Nihal Vihar,Delhi,Delhi,Outer,Nangloi,Paschim Vihar,28.66345,77.071546
20-07-2022,04:33 PM,210005,Ashwani,2022-05-10T00:00:00Z,0005,113,21:25,2021-01-18T00:00:00Z,Hit Pedestrian,TRUE,FALSE,FALSE,Fatal Crash,1,0,1,Unknown,NA,"Gate no 4 , RML Hospital","BKS Marg , New Delhi",NA,29,77,A pedestrian was hit by unknown vehicle and taken to hospital by ambulance .,3620,1,North East,Unknown,36200005113,NORTHAVENUE,North Avenue,Delhi,Delhi,New Delhi,Chanakya Puri,Parliament Street,28.6253,77.20289
20-07-2022,04:33 PM,210022,Ashwani,2022-05-10T00:00:00Z,0022,113,16:30,2021-04-03T00:00:00Z,Backend Collision,FALSE,FALSE,FALSE,Fatal Crash,1,0,2,Unknown,NA,"BKS Marg, Gate no 3",RML Hospital,New Delhi,29,77,"A Motorcyclist was hit from behind by a car . This led to fall of both rider and pillion rider from motorcycle , injuring the pillion rider.",3621,1,North East,Same Direction,36210022113,NORTHAVENUE,North Avenue,Delhi,Delhi,New Delhi,Chanakya Puri,Parliament Street,28.624803,77.201701
20-07-2022,04:33 PM,210058,Ashwani,2022-05-10T00:00:00Z,0058,113,00:40,2021-07-17T00:00:00Z,Unknown,FALSE,FALSE,FALSE,Fatal Crash,1,0,1,Unknown,NA,"Gate no 5 , BKS Marg","RML Hospital, New Delhi",NA,29,77,A lady was hit by unknown vehicle and admited to hospital by ambulance driver . No other details available of incident and victim .,3622,1,North East,Unknown,36220058113,NORTHAVENUE,North Avenue,Delhi,Delhi,New Delhi,Chanakya Puri,Parliament Street,28.624803,77.201701
20-07-2022,04:33 PM,210060,Ashwani,2022-05-10T00:00:00Z,0060,113,00:15,2021-07-28T00:00:00Z,Hit Pedestrian,TRUE,FALSE,FALSE,Fatal Crash,2,0,1,Unknown,NA,"Gate no 4 , RML Hospital","BKS MARG , DELHI",NA,29,77,02 pedestrians were hit by a car and taken to hospital .,3623,1,North,Unknown,36230060113,NORTHAVENUE,North Avenue,Delhi,Delhi,New Delhi,Chanakya Puri,Parliament Street,28.624803,77.201701
20-07-2022,04:33 PM,210068,Ashwani,2022-05-10T00:00:00Z,0068,115,10:00,2021-02-03T00:00:00Z,Hit Pedestrian,TRUE,FALSE,FALSE,Fatal Crash,1,0,1,Unknown,NA,Near Crown Plaza Hotel,"Okhla Phase 1 , New Delhi",NA,29,77,one pedestrian was hit by auto on road . The auto fled the scene and no other details available of it .,3624,0,North,Unknown,36240068115,OKHLA,Okhla Industrial Area,Delhi,Delhi,South East,Sarita Vihar,Sarita Vihar,28.528179,77.271892
20-07-2022,04:33 PM,210095,Ashwani,2022-05-10T00:00:00Z,0095,115,06:00,2021-02-22T00:00:00Z,Backend Collision,FALSE,FALSE,FALSE,Fatal Crash,1,0,2,Unknown,NA,Maa Anandmai Marg,"Okhla Indus. Area , Phase 1",New Delhi,29,77,One cycle rickshaw puller was hit from behind by a scooty due to this he sustained injuries . No details of scooty are available .,3625,0,South,Same Direction,36250095115,OKHLA,Okhla Industrial Area,Delhi,Delhi,South East,Sarita Vihar,Sarita Vihar,28.523807,77.279876
20-07-2022,04:33 PM,210104,Ashwani,2022-05-10T00:00:00Z,0104,115,10:45,2021-03-07T00:00:00Z,Hit Pedestrian,FALSE,FALSE,FALSE,Fatal Crash,1,0,1,Unknown,NA,"Near D-68 , Okhla Indus. Area","Phase 1, New Delhi",NA,29,77,One pedestrian girl was hit and run over by tempo.She died on the spot .,3626,2,South East,Unknown,36260104115,OKHLA,Okhla Industrial Area,Delhi,Delhi,South East,Sarita Vihar,Sarita Vihar,28.521392,77.279876
20-07-2022,04:33 PM,210105,Ashwani,2022-05-10T00:00:00Z,0105,115,22:20,2021-03-07T00:00:00Z,Unknown,TRUE,FALSE,FALSE,Fatal Crash,1,1,2,Unknown,NA,Near Ford Showroom,"Okhla Phase 1, New Delhi",NA,29,77,One motorcycle was found in accidental condition and the rider and pillion rider were injured and taken to hospital by ambulance .,3627,1,south East,Unknown,36270105115,OKHLA,Okhla Industrial Area,Delhi,Delhi,South East,Sarita Vihar,Sarita Vihar,28.524616,77.27907
20-07-2022,04:33 PM,210162,Ashwani,2022-05-11T00:00:00Z,0162,115,08:40,2021-03-26T00:00:00Z,Backend Collision,FALSE,FALSE,FALSE,Fatal Crash,1,0,2,Unknown,NA,"Anand Mai Marg,",Towards Kalkaji Mandir,"Okhla Indus. Area ph-1 , Delhi",29,77,"One bicycle  rider was hit by car from behind , this led to injuries to him . He was taken to hospital by the offending vehicle .",3628,2,South,Same Direction,36280162115,OKHLA,Okhla Industrial Area,Delhi,Delhi,South East,Sarita Vihar,Sarita Vihar,28.549144,77.260874
20-07-2022,04:33 PM,210564,Ashwani,2022-05-11T00:00:00Z,0564,115,11:00,2021-07-19T00:00:00Z,Unknown,TRUE,FALSE,FALSE,Fatal Crash,1,0,2,Unknown,NA,"Canara Bank , Okhla Estate Road","Okhla Phase -1 ,",New Delhi,29,77,A motorcyclist was hit by unknown vehicle and victim was taken to hopspital by relative . Where he was declared DOA .,3629,0,North,Unknown,"36290564
0564115",OKHLA,Okhla Industrial Area,Delhi,Delhi,South East,Sarita Vihar,Sarita Vihar,28.548627,77.250158
20-07-2022,04:33 PM,210668,Ashwani,2022-05-11T00:00:00Z,0668,115,16:00,2021-09-03T00:00:00Z,Backend Collision,FALSE,FALSE,FALSE,Fatal Crash,1,0,1,Unknown,NA,"Company no S-101 ,",Okhla Indus. Area Phase -2,New Delhi,29,77,A car driver while reversing the car  hit a child and ran over her . When the child was taken to hospital in the offending vehicle she was declared DOA by doctor .,3630,1,North East,Opposite Direction,36300668115,OKHLA,Okhla Industrial Area,Delhi,Delhi,South East,Sarita Vihar,Sarita Vihar,28.540536,77.275064
20-07-2022,04:33 PM,210803,Ashwani,2022-05-11T00:00:00Z,0803,115,07:13,2021-10-30T00:00:00Z,Unknown,FALSE,FALSE,FALSE,Fatal Crash,1,0,2,Unknown,NA,Near  Crown Plaza,"Red Light , Okhla Indus. Area",New Delhi,29,77,A motorcyclist was hit by truck and causing injuries to the rider .The Injured was taken to hospital by PCR van where he was declared DOA .,3631,0,North,Unknown,36310803115,OKHLA,Okhla Industrial Area,Delhi,Delhi,South East,Sarita Vihar,Sarita Vihar,28.5278045512311,77.2721806574948
20-07-2022,04:33 PM,210383,Ashwani,2022-05-11T00:00:00Z,0383,118,00:00,2021-09-24T00:00:00Z,Hit Pedestrian,TRUE,FALSE,FALSE,Fatal Crash,1,0,1,Unknown,NA,Near Gali no 15,Sadar Thana Road Motiya Khan,Paharganj Delhi,29,77,One pedestrian was found injured on rad and taken to hospital by PCR van . No other details of offending vehicle and eyewitness available.,3632,1,North,Unknown,36320383118,NA,NA,NA,NA,NA,NA,NA,NA,NA
20-07-2022,04:33 PM,210452,Ashwani,2022-05-11T00:00:00Z,0452,117,01:30,2021-11-23T00:00:00Z,Single Vehicle Hit Fixed Object,FALSE,FALSE,FALSE,Fatal Crash,1,0,1,Unknown,NA,"Hno WZ 23, Nasirpur,",Harijan Basti,Delhi,29,77,One car crashed into the staircase of house this impact resulted in death of driver . He was taken to hospital by CATS ambulance and declared DOA .,3633,1,North,Opposite Direction,36330452117,PALAMVILLAGE,Palam Village,Delhi,Delhi,South west,Delhi Cantt.,Delhi Cantt.,28.589673,77.076026
20-07-2022,04:33 PM,210452,Ashwani,2022-05-11T00:00:00Z,0452,117,01:30,2021-11-23T00:00:00Z,Single Vehicle Hit Fixed Object,FALSE,FALSE,FALSE,Fatal Crash,1,0,1,Unknown,NA,"Hno WZ 23, Nasirpur,",Harijan Basti,Delhi,29,77,One car crashed into the staircase of house this impact resulted in death of driver . He was taken to hospital by CATS ambulance and declared DOA .,3633,1,North,Opposite Direction,36330452117,PALAMVILLAGE,Palam Village,Delhi,Delhi,South west,Delhi Cantt.,Delhi Cantt.,28.589673,77.076026
20-07-2022,04:33 PM,210009,Ashwani,2022-05-11T00:00:00Z,0009,119,10:00,2021-01-04T00:00:00Z,Unknown,FALSE,FALSE,FALSE,Fatal Crash,1,0,1,Unknown,NA,"NH-9 , Khel Gaon Flyover",NA,NA,29,77,An auto driver was brought to hospital in ambulance as he was injured due to fall from the auto.,3634,3,west,Unknown,36340009119,PANDAVNAGAR,Pandav Nagar,Delhi,Delhi,East District,Kalyan Puri,Mayur Vihar,28.550543,77.210564
20-07-2022,04:33 PM,210274,Ashwani,2022-05-11T00:00:00Z,0274,119,21:30,2021-06-02T00:00:00Z,Unknown,TRUE,FALSE,FALSE,Fatal Crash,1,0,2,Unknown,NA,"NH-24 , Near Akshardham Temple",Towards Sarai Kale khan,Delhi,29,77,"A motorcyclist was hit by an unknown vehicle , causing injuries to him .",3635,2,West,Unknown,36350274119,PANDAVNAGAR,Pandav Nagar,Delhi,Delhi,East District,Kalyan Puri,Mayur Vihar,28.614556,77.282248
20-07-2022,04:33 PM,210637,Ashwani,2022-05-11T00:00:00Z,0637,119,00:00,2021-10-29T00:00:00Z,Unknown,TRUE,FALSE,FALSE,Fatal Crash,2,0,2,Unknown,NA,Nh-24 Towards Sarai kale khan,Akshardham Bus stand,Delhi,29,77,"One motorcycle was hit by unknown vehicle, injurying both the rider and the pillion .The were taken to hospital by ambulance where they were declared dead .",3636,2,East,Unknown,36360637119,PANDAVNAGAR,Pandav Nagar,Delhi,Delhi,East District,Kalyan Puri,Mayur Vihar,28.5737838307413,77.2572590996933
20-07-2022,04:33 PM,210662,Ashwani,2022-05-11T00:00:00Z,0662,119,15:15,2021-11-06T00:00:00Z,Backend Collision,FALSE,FALSE,FALSE,Fatal Crash,1,4,2,Unknown,NA,"Nh -24 , opposite Akshardham temple",NA,NA,29,77,one auto crashed into a parked truck . This collision led to injurying 01 driver and 04 passengers.,3637,3,East,Same Direction,36370662119,PANDAVNAGAR,Pandav Nagar,Delhi,Delhi,East District,Kalyan Puri,Mayur Vihar,28.61393,77.282885
20-07-2022,04:33 PM,210667,Ashwani,2022-05-11T00:00:00Z,0667,119,10:45,2021-11-08T00:00:00Z,Backend Collision,FALSE,FALSE,FALSE,Fatal Crash,1,1,2,Unknown,NA,"Main Kotla Road , near ITI",Khichripur MV IST,NA,29,77,"One DTC bus hits motorcycle from behind , this results in injury of bike rider and death of pillion on the spot .",3638,3,South west,Same Direction,36380667119,PANDAVNAGAR,Pandav Nagar,Delhi,Delhi,East District,Kalyan Puri,Mayur Vihar,28.612869,77.297669
20-07-2022,04:33 PM,210024,Ashwani,2022-05-11T00:00:00Z,0024,119,04:00,2021-01-10T00:00:00Z,Unknown,TRUE,FALSE,FALSE,Fatal Crash,1,0,2,Unknown,NA,"Auto Stand , Kotla Village",Delhi,NA,29,77,One Auto driver (goods) had disemarked his vehicle when a car hit . He was take to hospital for treatment.,3639,3,South,Unknown,36390024119,PANDAVNAGAR,Pandav Nagar,Delhi,Delhi,East District,Kalyan Puri,Mayur Vihar,28.609755,77.295772
20-07-2022,04:33 PM,210301,Ashwani,2022-05-11T00:00:00Z,0301,119,NA,2021-06-27T00:00:00Z,Unknown,FALSE,FALSE,FALSE,Fatal Crash,1,0,1,Unknown,NA,"Main road PPG,",Near Shashi Garden Mor,Delhi,29,77,A truck had hit one pedestrian causing injuries to him. The pedestrian was taken to hospital by CATS ambulance .,3640,2,East,Unknown,36400301119,PANDAVNAGAR,Pandav Nagar,Delhi,Delhi,East District,Kalyan Puri,Mayur Vihar,28.612645,77.306589
20-07-2022,04:33 PM,210550,Ashwani,2022-05-11T00:00:00Z,0550,119,18:17,2021-09-25T00:00:00Z,Unknown,TRUE,FALSE,FALSE,Fatal Crash,1,0,2,Unknown,NA,Akshardham Flyover,Towards Noida,Delhi,29,77,One Motorcycle rider was found in injured condition along with a bike . He was hit by unknown vehicle .,3641,2,West,Unknown,36410550119,PANDAVNAGAR,Pandav Nagar,Delhi,Delhi,East District,Kalyan Puri,Mayur Vihar,28.612752,77.283588
20-07-2022,04:33 PM,210018,Ashwani,2022-05-11T00:00:00Z,0018,123,12:05,2021-01-17T00:00:00Z,Head on Collision,FALSE,FALSE,FALSE,Fatal Crash,1,0,1,Unknown,NA,"Outer ring Road , Peeragarhi Chowk",Red Light Signal,NA,29,77,A speeding truck had hit a pedestrian killing him on the spot .,3642,2,North West,Opposite Direction,36420018123,PASCHIMVIHAREAST,Paschim Vihar(East),Delhi,Delhi,Outer,Nangloi,Paschim Vihar,28.679701,77.094639
20-07-2022,04:33 PM,210463,Ashwani,2022-05-11T00:00:00Z,0463,123,20:35,2021-06-22T00:00:00Z,Unknown,TRUE,FALSE,FALSE,Fatal Crash,1,0,2,Unknown,NA,Near Paschim Vihar Metro station,A-5B Shanti Kunj Gate no 6,Paschim Vihar Delhi,29,77,One E Rickshaw had hit motorcylce rider . This resulted in injury to bike rider and when taen to hospital by relative was declared dead.,3643,2,North East,Unknown,36430463123,PASCHIMVIHAREAST,Paschim Vihar(East),Delhi,Delhi,Outer,Nangloi,Paschim Vihar,28.678711,77.102812
20-07-2022,04:33 PM,210500,Ashwani,2022-05-11T00:00:00Z,0500,123,21:00,2021-07-03T00:00:00Z,Hit Pedestrian,FALSE,FALSE,FALSE,Fatal Crash,1,0,1,Unknown,NA,"Dairy wala Bagh,","Raksha Kunj, Paschim Vihar",NA,29,77,a pedestrian was hit by car and injured . The victim was taken to hospital by friend .,3644,2,South East,Unknown,36440500123,PASCHIMVIHAREAST,Paschim Vihar(East),Delhi,Delhi,Outer,Nangloi,Paschim Vihar,28.662838,77.096412
20-07-2022,04:33 PM,210522,Ashwani,2022-05-11T00:00:00Z,0522,123,16:30,2021-07-10T00:00:00Z,Hit Pedestrian,FALSE,FALSE,FALSE,Fatal Crash,1,0,2,Unknown,NA,Maj. Ashwani Kanav Marg,Opp. GD Goenka School,Paschim Vihar,29,77,"A pedestrian was hit by a car , this resulted in injuries to the lady pedestrian . After the offending car hitting the lady , crashed into a stationary car which spun and again hit the lady.",3645,1,North West,Unknown,36450522123,PASCHIMVIHAREAST,Paschim Vihar(East),Delhi,Delhi,Outer,Nangloi,Paschim Vihar,28.673313,77.096695
20-07-2022,04:33 PM,210887,Ashwani,2022-05-11T00:00:00Z,0887,123,23:00,2021-08-17T00:00:00Z,Hit Pedestrian,TRUE,FALSE,FALSE,Fatal Crash,1,0,1,Unknown,NA,"Near Petrol Pump , Meera Bagh","Outer Ring Road ,","Paschim vihar , Delhi",29,77,A pedestrian was found injured on road and taken  to hospital by public . No details of incident avaialable and no eyewitness for the same .,3646,2,East,Unknown,36460887123,PASCHIMVIHAREAST,Paschim Vihar(East),Delhi,Delhi,Outer,Nangloi,Paschim Vihar,28.656161,77.089982
20-07-2022,04:33 PM,210939,Ashwani,2022-05-11T00:00:00Z,0939,123,00:00,2021-07-10T00:00:00Z,Hit Pedestrian,TRUE,FALSE,FALSE,Fatal Crash,1,0,1,Unknown,NA,"Ring Road Peeragarhi flyover,",Towards Janakpuri Paschim vihar,NA,29,77,One pedestrian found injured on road . When taken to hospital by CATS ambulance was declared DOA.,3647,2,North West,Unknown,36470939123,PASCHIMVIHAREAST,Paschim Vihar(East),Delhi,Delhi,Outer,Nangloi,Paschim Vihar,28.677076,77.09428
20-07-2022,04:33 PM,211000,Ashwani,2022-05-11T00:00:00Z,1000,123,00:00,2021-09-19T00:00:00Z,Unknown,TRUE,FALSE,FALSE,Fatal Crash,1,0,2,Unknown,NA,Opposite Cottage Enclave,Towards Peeragarhi chowk,"Rohtak road ,  Delhi",29,77,"A scooty was hit by unknown vehicle , this led to injury of scooty rider . He was taken to hospital by PCR .",3648,0,NA,Unknown,36481000123,PASCHIMVIHAREAST,Paschim Vihar(East),Delhi,Delhi,Outer,Nangloi,Paschim Vihar,28.677528,77.110047
20-07-2022,04:33 PM,211074,Ashwani,2022-05-12T00:00:00Z,1074,123,21:00,2021-10-18T00:00:00Z,Unknown,FALSE,FALSE,FALSE,Fatal Crash,1,0,2,Unknown,NA,Vikaspuri Flyover,Near Picaso Hotel,"Paschim Vihar , Delhi",29,77,A tempo and bike collided this resulted in injuries tomthe bike rider and when taken to hospital was declared dead . The offending vehicle and driver were there on site .,3649,2,South west,Unknown,36491074123,PASCHIMVIHAREAST,Paschim Vihar(East),Delhi,Delhi,Outer,Nangloi,Paschim Vihar,28.65001,77.08543
20-07-2022,04:33 PM,21115,Ashwani,2022-05-12T00:00:00Z,1115,123,01:20,2021-11-02T00:00:00Z,Unknown,FALSE,FALSE,FALSE,Fatal Crash,1,1,2,Unknown,NA,Near Metro Pillar no 262,Main Rohtak Road,NA,29,77,A truck had hit one scooty injuring the pillion rider and killing the rider . No other details available in FIR.,3650,1,North,Unknown,36501115123,PASCHIMVIHAREAST,Paschim Vihar(East),Delhi,Delhi,Outer,Nangloi,Paschim Vihar,28.6791344465445,77.0976928647125
20-07-2022,04:33 PM,211124,Ashwani,2022-05-12T00:00:00Z,1124,123,09:15,2021-11-07T00:00:00Z,Single Vehicle Overturn,FALSE,FALSE,FALSE,Fatal Crash,1,1,1,Unknown,NA,"Ganda Nala Road ,Near meera Bagh","JJ Cluster , Paschim Vihar",Delhi,29,77,E-Rickshaw was hired by a family and friends for going to relatives place on the way The rider of rickshaw was overspeeding which overturned the vehicle . Injuring one passenger and killing the other .,3651,2,South,Not Applicable,36511124123,PASCHIMVIHAREAST,Paschim Vihar(East),Delhi,Delhi,Outer,Nangloi,Paschim Vihar,28.660468,77.091951
20-07-2022,04:33 PM,210094,Ashwani,2022-05-12T00:00:00Z,0094,124,16:30,2021-03-25T00:00:00Z,Backend Collision,FALSE,FALSE,FALSE,Fatal Crash,1,0,2,Unknown,NA,Peeragarhi metro station,"Towards Nangloi ,",Peeragarhi Delhi,29,77,"A cyclist was hit  run over by tempo , when taken to hospital by PCR he was declared Dead .",3652,2,North,Same Direction,36520094124,PASCHIMVIHARWEST,Mianwali Nagar(West),Delhi,Delhi,Outer,Nangloi,Paschim Vihar,28.679934,77.091836
20-07-2022,04:33 PM,210436,Ashwani,2022-05-12T00:00:00Z,0436,124,23:15,2021-06-13T00:00:00Z,Unknown,TRUE,TRUE,FALSE,Fatal Crash,1,0,2,Unknown,NA,"Main Rohtak road ,Udyog Nagar",Under Metro Station,NA,29,77,"One scooty was hit by truck, injuring the rider . He was taken to hospital by family . No other details of offending vehicle available .",3653,1,North,Unknown,36530436124,PASCHIMVIHARWEST,Mianwali Nagar(West),Delhi,Delhi,Outer,Nangloi,Paschim Vihar,28.68114,77.081184
20-07-2022,04:33 PM,210450,Ashwani,2022-05-12T00:00:00Z,0450,124,09:00,2021-06-15T00:00:00Z,Single Vehicle Run of the Road,FALSE,FALSE,FALSE,Fatal Crash,1,0,1,Unknown,NA,"Gando Nala , nihal vihar",Delhi,NA,29,77,"A Motorcycle slipped on the road , this led to the death of the rider .",3654,0,NA,Unknown,36540450124,PASCHIMVIHARWEST,Mianwali Nagar(West),Delhi,Delhi,Outer,Nangloi,Paschim Vihar,28.663383,77.078581