Auto_Date,Auto_Time,Form_No,Entry_Personnel,Filled_Date,FIR_No,Police_Station,Time_Of_Crash,Date_Of_Crash,Collision_Type,Hit_and_Run,Special_Case,Case File Available,Crash_Severity,No_Of_ Fatalities,No_Of_ Injured,No_Of_Vehicles,Location,Road_Type,Road_1,Road_2,Road_3,GPS_Lat,GPS_Long,Note,Crash_ID,Distance_From_Landmark,Text97,Veh_Rel_Travel_Dir,Crash_ID_new,PS_Name,PS_Name_New,PS_State,PS_Dist,div_DCP,Sb_div_ACP,Circle_TI,Latitude,Longitude
20-07-2022,04:33 PM,210828,Ashwani,2022-05-12T00:00:00Z,0828,124,04:30,2021-09-30T00:00:00Z,Hit Pedestrian,TRUE,FALSE,FALSE,Fatal Crash,1,0,1,Unknown,NA,Underpass Bhairo Enclave,"Outer Ring Road ,","Janakpuri to Peeragarhi , Delhi",29,77,one unidentified person was found injured near the Underpass. When taken to hospital by ambulance was declared dead .,3655,2,NA,Unknown,"36550828

0828124",PASCHIMVIHARWEST,Mianwali Nagar(West),Delhi,Delhi,Outer,Nangloi,Paschim Vihar,28.669155,77.092972
20-07-2022,04:33 PM,210878,Ashwani,2022-05-12T00:00:00Z,0878,124,19:45,2021-10-21T00:00:00Z,Hit Pedestrian,TRUE,FALSE,FALSE,Fatal Crash,1,0,1,Unknown,NA,"DTC Bus Stand Route no 910,","Saiyad Village, Paschim Vihar",Delhi,29,77,One Pedestrian was found injured by public and taken to hospital where he was declared DOA. The offending vehicle was unknown .,3656,2,South West,Unknown,36560878124,PASCHIMVIHARWEST,Mianwali Nagar(West),Delhi,Delhi,Outer,Nangloi,Paschim Vihar,28.66173,77.08337
20-07-2022,04:33 PM,210943,Ashwani,2022-05-12T00:00:00Z,0943,124,04:45,2021-11-07T00:00:00Z,Unknown,TRUE,FALSE,FALSE,Fatal Crash,1,1,2,Unknown,NA,"Flyover , keshopur Nala",Towards Meera Bagh Carriage way,NA,29,77,One motorcycle was hit in crash by unknown vehicle . The pillion rider was declared DOA and driver of the bike was injured .,3657,2,South East,Unknown,36570943124,PASCHIMVIHARWEST,Mianwali Nagar(West),Delhi,Delhi,Outer,Nangloi,Paschim Vihar,28.65401,77.088594
20-07-2022,04:33 PM,210973,Ashwani,2022-05-12T00:00:00Z,0973,124,05:30,2021-11-21T00:00:00Z,Unknown,FALSE,FALSE,FALSE,Fatal Crash,2,0,2,Unknown,NA,"Jwalapuri Red Light ,","Opposite DTC Bus Depot ,",Rohtak Road .,29,77,One Auto rickshaw was hit by truck killing two passengers .,3658,0,NA,Unknown,36580973124,PASCHIMVIHARWEST,Mianwali Nagar(West),Delhi,Delhi,Outer,Nangloi,Paschim Vihar,28.681454,77.078673
20-07-2022,04:33 PM,210976,Ashwani,2022-05-12T00:00:00Z,0976,124,18:00,2021-11-22T00:00:00Z,Hit Pedestrian,TRUE,FALSE,FALSE,Fatal Crash,1,0,1,Unknown,NA,"GH-14 , Apartment ,",Sai Mandir,NA,29,77,One pedestrian was hit by unknown vehicle .,3659,0,NA,Unknown,36590976124,PASCHIMVIHARWEST,Mianwali Nagar(West),Delhi,Delhi,Outer,Nangloi,Paschim Vihar,28.670537,77.080621
20-07-2022,04:33 PM,210982,Ashwani,2022-05-12T00:00:00Z,0982,124,10:30,2021-11-24T00:00:00Z,Backend Collision,FALSE,FALSE,FALSE,Fatal Crash,1,0,2,Unknown,NA,Near Vodafone Idea Showroom,Rohtak Road,NA,29,77,One bus had hit scooty due to which the rider fell down and the bus ran over him . When the victim was taken to hospital was declared DOA.,3660,1,North,Same Direction,36600982124,PASCHIMVIHARWEST,Mianwali Nagar(West),Delhi,Delhi,Outer,Nangloi,Paschim Vihar,28.68085,77.084422
20-07-2022,04:33 PM,210981,Ashwani,2022-05-12T00:00:00Z,0981,124,00:57,2021-11-24T00:00:00Z,Unknown,FALSE,FALSE,FALSE,Fatal Crash,1,0,2,Unknown,NA,"IGL Peeragarhi,",Janakpuri - Peeragarhi Road,NA,29,77,One motorcycle was hit by truck. The Injured was taken to hospital and was declared DOA .,3661,3,NA,Unknown,36610981124,PASCHIMVIHARWEST,Mianwali Nagar(West),Delhi,Delhi,Outer,Nangloi,Paschim Vihar,28.675295,77.093973
20-07-2022,04:33 PM,211009,Ashwani,2022-05-12T00:00:00Z,1009,124,23:40,2021-12-01T00:00:00Z,Backend Collision,FALSE,FALSE,FALSE,Fatal Crash,1,1,2,Unknown,NA,"Near Gate No 1, Sunder Vihar ,",Janakpuri to Peeragarhi road,NA,29,77,One motorcycle was hit from behind by Tempo.The rider and pillion rider were injured in this crash .,3662,2,NA,Same Direction,36621009124,PASCHIMVIHARWEST,Mianwali Nagar(West),Delhi,Delhi,Outer,Nangloi,Paschim Vihar,28.669811,77.087325
20-07-2022,04:33 PM,211054,Ashwani,2022-05-12T00:00:00Z,1054,124,12:00,2021-12-21T00:00:00Z,Hit Pedestrian,TRUE,FALSE,FALSE,Fatal Crash,1,0,1,Unknown,NA,"Peeragarhi Metro Station ,","Near Ekta Apartments ,","Towards Nangloi ,Delhi",29,77,One pedestrian was hit by a motorcycle . The injured was taken to hospital by ambulance and later durin treatment died .,3663,1,West,Unknown,36631054124,PASCHIMVIHARWEST,Mianwali Nagar(West),Delhi,Delhi,Outer,Nangloi,Paschim Vihar,28.679895,77.091911
20-07-2022,04:33 PM,210009,Ashwani,2022-05-12T00:00:00Z,0009,125,20:30,2021-01-07T00:00:00Z,Hit Pedestrian,TRUE,FALSE,FALSE,Fatal Crash,1,1,0,Unknown,NA,"DMS Colony Road , Near SBI",NA,NA,29,77,Two pedestrians were brought to hospital injured . They were hit by some unknow vehicle .,3664,1,North,Unknown,36640009125,PATELNAGAR,Patel Nagar,Delhi,Delhi,Central,Patel Nagar,Patel Nagar,28.65594,77.156505
20-07-2022,04:33 PM,210063,Ashwani,2022-05-12T00:00:00Z,0063,126,06:30,2021-02-20T00:00:00Z,Unknown,FALSE,FALSE,FALSE,Fatal Crash,1,0,1,Unknown,NA,"Railway Flyover ,",Near ISBT Anand vihar,Road no 56,29,77,A motorcyclist was found injured on road and no eyewitness was found of the incident.,3665,1,North,Unknown,36650063126,PATPARGANJINDAREA,Patparganj Ind. Area,Delhi,Delhi,East District,Preet Vihar,Madhu Vihar,28.647288,77.315136999999993
20-07-2022,04:33 PM,210163,Ashwani,2022-05-12T00:00:00Z,0163,126,15:30,2021-05-08T00:00:00Z,Hit Pedestrian,FALSE,FALSE,FALSE,Fatal Crash,1,0,1,Unknown,NA,"Parking no 1 , opposite EDM Mall",Delhi,NA,29,77,One pedestrian was hit and crushed under the rear wheels of the bus . The driver of the bus was  reversing the bus when this incident occurred .,3666,2,East,Opposite Direction,36660163126,PATPARGANJINDAREA,Patparganj Ind. Area,Delhi,Delhi,East District,Preet Vihar,Madhu Vihar,28.64202,77.315929
20-07-2022,04:33 PM,210171,Ashwani,2022-05-12T00:00:00Z,0171,126,01:10,2021-05-20T00:00:00Z,Single Vehicle Run of the Road,FALSE,FALSE,FALSE,Fatal Crash,1,0,1,Unknown,NA,Near EDM Toll Tax Picket,Opposite Gomukh Apt.,"Sabji Mandi Road, Delhi",29,77,"One  Motorcycle rider slipped on road along with his bike , due to rain and hit the divider . He sustained head injuries .",3667,2,South,Not Applicable,36670171126,PATPARGANJINDAREA,Patparganj Ind. Area,Delhi,Delhi,East District,Preet Vihar,Madhu Vihar,28.640273,77.317067
20-07-2022,04:33 PM,210194,Ashwani,2022-05-12T00:00:00Z,0194,126,15:30,2021-06-06T00:00:00Z,Unknown,TRUE,FALSE,FALSE,Fatal Crash,1,0,2,Unknown,NA,"Gazipur , Near CNG Pump",Sabji Mandi Road,NA,29,77,"One motorcyclist was hit by unknown vehicle , taken to hospital by ambulance .",3668,2,South,Unknown,36680194126,PATPARGANJINDAREA,Patparganj Ind. Area,Delhi,Delhi,East District,Preet Vihar,Madhu Vihar,28.642256,77.316075
20-07-2022,04:33 PM,210303,Ashwani,2022-05-12T00:00:00Z,0303,126,09:10,2021-08-26T00:00:00Z,Hit Pedestrian,FALSE,FALSE,FALSE,Fatal Crash,1,0,1,Unknown,NA,Counter no 79-80,Anand Vihar ISBT,NA,29,77,One worker was crushed under the rear wheels of the bus and died on the spot .,3669,1,North,Not Applicable,36690303126,PATPARGANJINDAREA,Patparganj Ind. Area,Delhi,Delhi,East District,Preet Vihar,Madhu Vihar,28.645572,77.314766
20-07-2022,04:33 PM,210348,Ashwani,2022-05-12T00:00:00Z,0348,126,15:00,2021-09-13T00:00:00Z,Single Vehicle Run of the Road,FALSE,FALSE,FALSE,Fatal Crash,1,0,1,Unknown,NA,"Sabji Mandi road ,",Opposite Gazipur Mandi,NA,29,77,One Bike slipped and caused fatal injury to the pillion rider . She died on the spot .,3670,2,South East,Not Applicable,36700348126,PATPARGANJINDAREA,Patparganj Ind. Area,Delhi,Delhi,East District,Preet Vihar,Madhu Vihar,28.629673,77.324816
20-07-2022,04:33 PM,210418,Ashwani,2022-05-13T00:00:00Z,0418,126,18:40,2021-10-24T00:00:00Z,Hit Pedestrian,TRUE,FALSE,FALSE,Fatal Crash,1,0,1,Unknown,NA,"Road No 56, Flyover Telco T Point","Gazipur , Delhi",NA,29,77,One unknown pedestrian was found on road .,3671,2,South East,Unknown,36710418126,PATPARGANJINDAREA,Patparganj Ind. Area,Delhi,Delhi,East District,Preet Vihar,Madhu Vihar,28.62512,77.31066
20-07-2022,04:33 PM,210433,Ashwani,2022-05-13T00:00:00Z,0433,126,22:00,2021-11-02T00:00:00Z,Hit Pedestrian,TRUE,FALSE,FALSE,Fatal Crash,1,0,1,Unknown,NA,Anand Vihar Railway Station,Flyover towards Gazipur,Delhi,29,77,One person was found injured on road and taken to hospital by PCR .,3672,2,North East,Unknown,36720433126,PATPARGANJINDAREA,Patparganj Ind. Area,Delhi,Delhi,East District,Preet Vihar,Madhu Vihar,28.6542830548386,77.3195340525932
20-07-2022,04:33 PM,210485,Ashwani,2022-05-13T00:00:00Z,0485,126,00:00,2021-11-21T00:00:00Z,Hit Pedestrian,TRUE,FALSE,FALSE,Fatal Crash,1,0,1,Unknown,NA,Near Goushala T intersection,"Bhovapur, Sabji Mandi Road",Delhi,29,77,One person was found injured on road and when taken to hospital was declared DOA .,3673,2,south,Unknown,36730485126,PATPARGANJINDAREA,Patparganj Ind. Area,Delhi,Delhi,East District,Preet Vihar,Madhu Vihar,28.632704,77.323908
20-07-2022,04:33 PM,210503,Ashwani,2022-05-13T00:00:00Z,0503,126,17:51,2021-12-03T00:00:00Z,Hit Pedestrian,FALSE,FALSE,FALSE,Fatal Crash,1,0,1,Unknown,NA,Infront of Phool Mandi,Gazipur Delhi,NA,29,77,"One person was filling air in his bicycle when a truck was reversing , the driver of the truck didn’t notice the person sitting . The truck hit the person and crushed his skull under the rear wheels .",3674,1,North,Opposite Direction,36740503126,PATPARGANJINDAREA,Patparganj Ind. Area,Delhi,Delhi,East District,Preet Vihar,Madhu Vihar,28.623963,77.318385
20-07-2022,04:33 PM,210086,Ashwani,2022-05-13T00:00:00Z,0086,122,16:00,2021-03-20T00:00:00Z,Hit Pedestrian,TRUE,FALSE,FALSE,Fatal Crash,1,0,1,Unknown,NA,Kali Mata Mandir Hill Apartment,"T point sector -13, Rohini",Delhi,29,77,One pedestrian girl was found injured and tsken to hospital was declared DOA .,3675,1,NA,Unknown,36750086122,PRASHANTVIHAR,Prashant Vihar,Delhi,Delhi,Rohini,Rohini,Prashant Vihar,28.723243,77.11774
20-07-2022,04:33 PM,210471,Ashwani,2022-05-13T00:00:00Z,0471,122,11:47,2021-07-24T00:00:00Z,Hit Pedestrian,TRUE,FALSE,FALSE,Fatal Crash,1,0,1,Unknown,NA,In front of City Center Mall,"Sector 10 , Rohini  , Delhi",NA,29,77,One pedestrian was hit by a motorcycle and was rushed to hospital by public .,3676,2,South,Unknown,36760471122,PRASHANTVIHAR,Prashant Vihar,Delhi,Delhi,Rohini,Rohini,Prashant Vihar,28.716607,77.114186
20-07-2022,04:33 PM,210543,Ashwani,2022-05-13T00:00:00Z,0543,122,00:15,2021-08-19T00:00:00Z,Hit Pedestrian,TRUE,FALSE,FALSE,Fatal Crash,1,0,1,Unknown,NA,Near White House Apt.,"Sector 12 , Rohini",NA,29,77,One pedestrian was hit by car when he was crossing road . He was declared DOA when taken by family.,3677,1,NA,Perpendicular Direction,36770543122,PRASHANTVIHAR,Prashant Vihar,Delhi,Delhi,Rohini,Rohini,Prashant Vihar,28.688122,77.04562
20-07-2022,04:33 PM,210616,Ashwani,2022-05-13T00:00:00Z,0616,122,12:03,2021-10-22T00:00:00Z,Hit Pedestrian,TRUE,FALSE,FALSE,Fatal Crash,1,0,1,Unknown,NA,Opp. Sheetal Apt.,Near RG Complex,"Prashant Vihar , Rohini , Delhi",29,77,One pedestrian was found injured on road ant was taken to hospital by family . No eyewitness was available so no details of the crash .,3678,2,NA,Unknown,36780616122,PRASHANTVIHAR,Prashant Vihar,Delhi,Delhi,Rohini,Rohini,Prashant Vihar,28.71908,77.13419
20-07-2022,04:33 PM,210208,Ashwani,2022-05-13T00:00:00Z,0208,127,12:20,2021-06-21T00:00:00Z,Unknown,TRUE,FALSE,FALSE,Fatal Crash,1,0,2,Unknown,NA,"Near 24 Chitra Vihar , Delhi",NA,NA,29,77,"One Motorcyclist was hit by unknown vehicle , he was taken to hospital by public.",3679,2,East,Unknown,36790208127,PREETVIHAR,Preet Vihar,Delhi,Delhi,East District,Preet Vihar,Preet Vihar,28.64348,77.286527
20-07-2022,04:33 PM,210275,Ashwani,2022-05-13T00:00:00Z,0275,127,07:40,2021-08-05T00:00:00Z,Unknown,TRUE,FALSE,FALSE,Fatal Crash,1,0,2,Unknown,NA,"Vikas Marg , Preet Vihar",NA,NA,29,77,One motorcycle rider was found injured on road and taken to hospital . He was under treatment when died .,3680,1,North West,Unknown,36800275127,PREETVIHAR,Preet Vihar,Delhi,Delhi,East District,Preet Vihar,Preet Vihar,28.639881,77.293301
20-07-2022,04:33 PM,210328,Ashwani,2022-05-13T00:00:00Z,0328,127,05:44,2021-08-28T00:00:00Z,Single Vehicle Overturn,FALSE,FALSE,FALSE,Fatal Crash,1,1,1,Unknown,NA,Karkari Mor Flyover,Towards Patparganj Metro Station,Preet Vihar,29,77,"One Motorcycle was found on roadside , no details of crash available . Both rider and pillion rider were taken to hospital by CATS ambulance .",3681,2,East,Not Applicable,36810328127,PREETVIHAR,Preet Vihar,Delhi,Delhi,East District,Preet Vihar,Preet Vihar,28.643859,77.298919
20-07-2022,04:33 PM,210452,Ashwani,2022-05-13T00:00:00Z,0452,127,18:45,2021-11-04T00:00:00Z,Hit Pedestrian,TRUE,FALSE,FALSE,Fatal Crash,1,0,1,Unknown,NA,PPG Road Near V3S Mall,"Nirman Vihar , Delhi",NA,29,77,One person was found unconscious on road and was taken hospital No details of crash were available .,3682,1,North,Unknown,36820452127,PREETVIHAR,Preet Vihar,Delhi,Delhi,East District,Preet Vihar,Preet Vihar,28.637029,77.28524
20-07-2022,04:33 PM,210081,Ashwani,2022-05-13T00:00:00Z,0081,128,10:58,2021-02-05T00:00:00Z,Hit Pedestrian,TRUE,FALSE,FALSE,Fatal Crash,1,0,1,Unknown,NA,On Road Near,DTC Cluster Bus Depot,Rani Khera,29,77,One pedestrian's dead body was found on road with skid marks on the site . No details of offending vehicle were found.,3683,2,NA,Unknown,36830081128,PREMNAGAR,Prem  Nagar,Delhi,Delhi,Rohini,Begum Pur,Aman Vihar,28.739167,76.984662
20-07-2022,04:33 PM,210117,Ashwani,2022-05-13T00:00:00Z,0117,128,00:00,2021-02-25T00:00:00Z,Unknown,TRUE,FALSE,FALSE,Fatal Crash,1,1,2,Unknown,NA,T Point Mubarak pur Road,"Shani bazar road , Near PS",Prem Nagar,28,76,One bike was hit by truck . The Rider of bike died on  the spot and the pillion got injured . There are no details of the offending vehicle .,3684,2,NA,Unknown,36840117128,PREMNAGAR,Prem  Nagar,Delhi,Delhi,Rohini,Begum Pur,Aman Vihar,28.6978,77.049524
20-07-2022,04:33 PM,210510,Ashwani,2022-05-13T00:00:00Z,0510,128,11:00,2021-07-25T00:00:00Z,Hit Pedestrian,FALSE,FALSE,FALSE,Fatal Crash,1,0,1,Unknown,NA,"Railway Station Road , Khoob Ram","Park , Prem Nagar IST Kirari,",Delhi,29,77,One child pedestrian was playing outside his house when a speeding E -Rickshaw overturned and fell on child . Child was injured and taken to hospital in same offending vehicle to hospital where he died during treatment.,3685,2,NA,Opposite Direction,36850510128,PREMNAGAR,Prem  Nagar,Delhi,Delhi,Rohini,Begum Pur,Aman Vihar,28.687069,77.050992
20-07-2022,04:33 PM,210756,Ashwani,2022-05-13T00:00:00Z,0756,128,00:37,2021-12-10T00:00:00Z,Unknown,FALSE,FALSE,FALSE,Fatal Crash,1,0,2,Unknown,NA,Near Jai Mata Dharam Kata,Prem nagar,NA,29,77,"One Tempo and truck collided , The tempo driver got injured and was taken to hospital in PCR van . There he was declared Dead by doctors .",3686,2,NA,Unknown,36860756128,PREMNAGAR,Prem  Nagar,Delhi,Delhi,Rohini,Begum Pur,Aman Vihar,28.691514,77.061585
20-07-2022,04:33 PM,210006,Ashwani,2022-05-13T00:00:00Z,0006,129,14:06,2021-01-04T00:00:00Z,Unknown,TRUE,FALSE,FALSE,Fatal Crash,1,0,2,Unknown,NA,Near KAYA MAYA Hospital,MB Road TKD,NA,29,77,One motorcyclist was hit by unknown vehicle . Injured was taken to hospital by Private vehicle .,3687,2,South West,Unknown,36870006129,PULPRAHLADPUR,Pul Prahladpur,Delhi,Delhi,South East,Sarita Vihar,Badarpur,28.508143,77.26908
20-07-2022,04:33 PM,210392,Ashwani,2022-05-13T00:00:00Z,0392,129,23:10,2021-08-18T00:00:00Z,Right Angle Crash,FALSE,FALSE,FALSE,Fatal Crash,1,1,2,Unknown,NA,"Okhla T Point , MB Road",Near Pattar Market,NA,29,77,One Grameen sewa tempo was hit by truck . The Tempo overturned injuring 02 passengers . 01 passenger was declared dead in hopital .,3688,2,West,Perpendicular Direction,36880392129,PULPRAHLADPUR,Pul Prahladpur,Delhi,Delhi,South East,Sarita Vihar,Badarpur,28.557024,77.269682
20-07-2022,04:33 PM,210405,Ashwani,2022-05-13T00:00:00Z,0405,129,04:30,2021-08-27T00:00:00Z,Sideswipe (Same Direction),FALSE,FALSE,FALSE,Fatal Crash,1,1,2,Unknown,NA,"MB Road , Indian Oil Petrol Pump","Pul Prahlad pur ,",New Delhi,29,77,One motorcycle was hit by car . The car driver fled from the site . Both the riders were taken to hospital by PCR and CAT Ambulance.,3689,0,South West,Same Direction,36890405129,PULPRAHLADPUR,Pul Prahladpur,Delhi,Delhi,South East,Sarita Vihar,Badarpur,28.500395,77.316308
20-07-2022,04:33 PM,210431,Ashwani,2022-05-13T00:00:00Z,0431,129,23:00,2021-09-15T00:00:00Z,Hit Pedestrian,TRUE,FALSE,FALSE,Fatal Crash,1,1,1,Unknown,NA,Near Anand mai marg,ICD Red Light,TKD,29,77,"One unknown vehicle had injured 02 pedestrian , they were taken to hospital where 01 was declared DOA .",3690,1,North West,Unknown,36900431129,PULPRAHLADPUR,Pul Prahladpur,Delhi,Delhi,South East,Sarita Vihar,Badarpur,28.507891,77.285107
20-07-2022,04:33 PM,210461,Ashwani,2022-05-13T00:00:00Z,0461,129,03:30,2021-10-12T00:00:00Z,Unknown,TRUE,FALSE,FALSE,Fatal Crash,2,0,2,Unknown,NA,PATARI MB RRD BADARPUR TO MEHRAULI,Mehrauli Badarpur Road,NA,29,77,One bike was hit by unknown vehicle causing injury to both rider and pillion .They were taken to hospital in CATS ambulance.,3691,2,West,Unknown,36910461129,PULPRAHLADPUR,Pul Prahladpur,Delhi,Delhi,South East,Sarita Vihar,Badarpur,28.516509,77.29557
20-07-2022,04:33 PM,210502,Ashwani,2022-05-17T00:00:00Z,0502,129,23:30,2021-11-18T00:00:00Z,Hit Pedestrian,TRUE,FALSE,FALSE,Fatal Crash,1,0,2,Unknown,NA,"MD road Okhla Mod ,",Pul Prahlad pur,New Delhi,29,77,One cyclist was hit by unknown vehice and he died on the spot due to injuries .,3692,2,West,Unknown,36920502129,PULPRAHLADPUR,Pul Prahladpur,Delhi,Delhi,South East,Sarita Vihar,Badarpur,28.505005,77.277773
20-07-2022,04:33 PM,210508,Ashwani,2022-05-17T00:00:00Z,0508,129,21:15,2021-11-22T00:00:00Z,Unknown,TRUE,FALSE,FALSE,Fatal Crash,1,0,2,Unknown,NA,"MB Road , opp Sanjay Cement Traders",Pul Prahladpur,New Delhi,29,77,A motorcyclist was hit by unknown vehicle .,3693,2,NA,Unknown,36930508129,PULPRAHLADPUR,Pul Prahladpur,Delhi,Delhi,South East,Sarita Vihar,Badarpur,28.501075,77.29334
20-07-2022,04:33 PM,210516,Ashwani,2022-05-17T00:00:00Z,0516,129,00:00,2021-12-01T00:00:00Z,Hit Pedestrian,TRUE,FALSE,FALSE,Fatal Crash,1,0,1,Unknown,NA,"MB Road , Near",Khatta Manav Mangal School,"Pul PrahladPur, New Delhi",28,77,One pedestrian was hit by unknown vehicle and he died on the spot.,3694,1,East,Unknown,36940516129,PULPRAHLADPUR,Pul Prahladpur,Delhi,Delhi,South East,Sarita Vihar,Badarpur,28.498954,77.295527
20-07-2022,04:33 PM,210020,Ashwani,2022-05-17T00:00:00Z,0020,129,00:00,2021-01-12T00:00:00Z,Hit Pedestrian,TRUE,FALSE,FALSE,Fatal Crash,1,0,1,Unknown,NA,"MB Road , Near",Kaya Maya Hospital,NA,29,77,One pedestrian was hit by unknown vehicle and taken to hospital by public .,3695,2,West,Unknown,36950020129,PULPRAHLADPUR,Pul Prahladpur,Delhi,Delhi,South East,Sarita Vihar,Badarpur,28.507829,77.270553
20-07-2022,04:33 PM,210218,Ashwani,2022-05-17T00:00:00Z,0218,129,22:00,2021-04-28T00:00:00Z,Backend Collision,TRUE,FALSE,FALSE,Fatal Crash,1,0,2,Unknown,NA,"MB Road , Okhla Mor",Red Light,NA,29,77,One scooty rider was hit from behind injuring the rider by an unknown vehicle .,3696,1,South west,Same Direction,36960218129,PULPRAHLADPUR,Pul Prahladpur,Delhi,Delhi,South East,Sarita Vihar,Badarpur,28.504824,77.2779008
20-07-2022,04:33 PM,210352,Ashwani,2022-05-17T00:00:00Z,0352,129,23:00,2021-07-11T00:00:00Z,Head on Collision,FALSE,FALSE,FALSE,Fatal Crash,1,0,2,Unknown,NA,Shooting Range Road,Near Police Check post,"PP Pur , New Delhi",29,77,one motorcycle was hit head on by a car . This caused injuries to the rider and pillion rider . They were taken to hospital in private vehicle by offending driver .,3697,2,South,Opposite Direction,36970352129,PULPRAHLADPUR,Pul Prahladpur,Delhi,Delhi,South East,Sarita Vihar,Badarpur,28.505216,77.259767
20-07-2022,04:33 PM,210370,Ashwani,2022-05-17T00:00:00Z,0370,129,00:15,2021-07-28T00:00:00Z,Unknown,TRUE,FALSE,FALSE,Fatal Crash,1,0,2,Unknown,NA,MB Road,Near Okhla Mor Light,NA,29,77,"One motorcyclist was hit by unknown vehicle , he was taken to hospital by family .",3698,1,West,Unknown,36980370129,PULPRAHLADPUR,Pul Prahladpur,Delhi,Delhi,South East,Sarita Vihar,Badarpur,28.505059,77.277653
20-07-2022,04:33 PM,210010,Ashwani,2022-05-17T00:00:00Z,0010,130,23:10,2021-01-04T00:00:00Z,Unknown,FALSE,FALSE,FALSE,Fatal Crash,1,0,0,Unknown,NA,"Punjabi Bagh Flyover,",Near Transport Center,"Punjabi Bagh , Delhi",29,77,One pedestrian died due to injuries obtained from crash by unknow vehicle .,3699,2,North East,Unknown,36990010130,PUNJABIBAGH,Punjabi Bagh,Delhi,Delhi,West,Punjabi Bagh,Punjabi Bagh,28.676019,77.140924
20-07-2022,04:33 PM,210013,Ashwani,2022-05-17T00:00:00Z,0013,130,09:30,2021-01-06T00:00:00Z,Hit Pedestrian,TRUE,FALSE,FALSE,Fatal Crash,1,0,1,Unknown,NA,Near Rad Light,Madipur Metro Station,NA,29,77,One pedestrian was injured in a crash and taken to hospital by public.,3700,2,West,Unknown,37000013130,PUNJABIBAGH,Punjabi Bagh,Delhi,Delhi,West,Punjabi Bagh,Punjabi Bagh,28.676556,77.11886
20-07-2022,04:33 PM,210017,Ashwani,2022-05-17T00:00:00Z,0017,130,23:15,2021-01-06T00:00:00Z,Unknown,FALSE,FALSE,FALSE,Fatal Crash,1,0,1,Unknown,NA,Main Rohtak Road,Near East Punjabi Bagh,"Metro station, Punjabi Bagh",29,77,One Motorist was found in accidental condition with no details.,3701,1,East,Unknown,37010017130,PUNJABIBAGH,Punjabi Bagh,Delhi,Delhi,West,Punjabi Bagh,Punjabi Bagh,28.672788,77.146544
20-07-2022,04:33 PM,210025,Ashwani,2022-05-17T00:00:00Z,0025,130,23:15,2021-01-09T00:00:00Z,Single Vehicle Overturn,FALSE,FALSE,FALSE,Fatal Crash,1,0,1,Unknown,NA,Near Ashok Park Main,"Rohtak road , Punjabi Bagh",Delhi,29,77,NA,3702,2,East,Unknown,37020025130,PUNJABIBAGH,Punjabi Bagh,Delhi,Delhi,West,Punjabi Bagh,Punjabi Bagh,28.671541,77.156057
20-07-2022,04:33 PM,210056,Ashwani,2022-05-17T00:00:00Z,0056,130,19:00,2021-01-18T00:00:00Z,Hit Pedestrian,TRUE,FALSE,FALSE,Fatal Crash,1,0,1,Unknown,NA,Punjabi Bagh Underpass,"Rohtak Road , Delhi",NA,29,77,One pedestrian was hit by an unknown vehicle .,3703,0,East,Unknown,37030056130,PUNJABIBAGH,Punjabi Bagh,Delhi,Delhi,West,Punjabi Bagh,Punjabi Bagh,28.673739,77.140258
20-07-2022,04:33 PM,210079,Ashwani,2022-05-17T00:00:00Z,0079,130,00:07,2021-01-25T00:00:00Z,Unknown,TRUE,FALSE,FALSE,Fatal Crash,1,0,2,Unknown,NA,Punjabi Roundabout,Delhi,NA,29,77,One bike rider was found injured on road and taken to hospital by PCR van . He was hit by a truck .,3704,1,East,Unknown,37040079130,PUNJABIBAGH,Punjabi Bagh,Delhi,Delhi,West,Punjabi Bagh,Punjabi Bagh,28.673746,77.140238
20-07-2022,04:33 PM,210092,Ashwani,2022-05-17T00:00:00Z,0092,130,19:28,2021-01-30T00:00:00Z,Hit Pedestrian,TRUE,FALSE,FALSE,Fatal Crash,1,0,1,Unknown,NA,Red Light Club Road,Punjabi Bagh,Delhi,29,77,One pedestrian was found injured on road and hit by unknown vehicle .,3705,1,NA,Unknown,37050092130,PUNJABIBAGH,Punjabi Bagh,Delhi,Delhi,West,Punjabi Bagh,Punjabi Bagh,28.666617,77.122558
20-07-2022,04:33 PM,210131,Ashwani,2022-05-17T00:00:00Z,0131,130,23:00,2021-02-12T00:00:00Z,Backend Collision,TRUE,FALSE,FALSE,Fatal Crash,1,1,2,Unknown,NA,"Road no 29,",Near  Balaji Hospital,"Crossing Madipur, Delhi",29,77,One car hit into a parked truck on the road side. Killing the driver of the car .,3706,3,West,Same Direction,37060131130,PUNJABIBAGH,Punjabi Bagh,Delhi,Delhi,West,Punjabi Bagh,Punjabi Bagh,28.674907,77.129149