Auto_Date,Auto_Time,Form_No,Entry_Personnel,Filled_Date,FIR_No,Police_Station,Time_Of_Crash,Date_Of_Crash,Collision_Type,Hit_and_Run,Special_Case,Case File Available,Crash_Severity,No_Of_ Fatalities,No_Of_ Injured,No_Of_Vehicles,Location,Road_Type,Road_1,Road_2,Road_3,GPS_Lat,GPS_Long,Note,Crash_ID,Distance_From_Landmark,Text97,Veh_Rel_Travel_Dir,Crash_ID_new,PS_Name,PS_Name_New,PS_State,PS_Dist,div_DCP,Sb_div_ACP,Circle_TI,Latitude,Longitude
20-07-2022,04:33 PM,210155,Ashwani,2022-05-17T00:00:00Z,0155,130,09:30,2021-02-23T00:00:00Z,Hit Pedestrian,FALSE,FALSE,FALSE,Fatal Crash,1,0,1,NA,NA,"Near Underpass way,","Towards Zakira ,","Rohtak Road , Punjabi Bagh",29,77,A pedestrian was hit by a bike while crossing road . The victim died on the spot .,3707,2,East,Perpendicular Direction,37070155130,PUNJABIBAGH,Punjabi Bagh,Delhi,Delhi,West,Punjabi Bagh,Punjabi Bagh,28.673752,77.140292
20-07-2022,04:33 PM,210164,Ashwani,2022-05-17T00:00:00Z,0164,130,16:00,2021-02-26T00:00:00Z,Backend Collision,TRUE,FALSE,FALSE,Fatal Crash,1,0,2,Unknown,NA,"Near FIT JEE Institute ,",Near Zakira Underpass,"Punjabi Bagh , Delhi",29,77,One cyclist was hit from behind by a car . The rider fell off his cycle and sustained injuries .,3708,1,NA,Same Direction,37080164130,PUNJABIBAGH,Punjabi Bagh,Delhi,Delhi,West,Punjabi Bagh,Punjabi Bagh,28.67412,77.136238
20-07-2022,04:33 PM,210206,Ashwani,2022-05-17T00:00:00Z,0206,130,00:30,2021-03-14T00:00:00Z,Unknown,TRUE,FALSE,FALSE,Fatal Crash,1,0,2,Unknown,NA,Rohtak Road Paschim Vihar,Towards Madipur Red Light,NA,29,77,One motorist was hit by unknown vehicle . He died on the spot.,3709,2,West,Unknown,37090206130,PUNJABIBAGH,Punjabi Bagh,Delhi,Delhi,West,Punjabi Bagh,Punjabi Bagh,28.677415,77.112254
20-07-2022,04:33 PM,210250,Ashwani,2022-05-17T00:00:00Z,0250,130,00:35,2021-03-28T00:00:00Z,Sideswipe (Same Direction),FALSE,FALSE,FALSE,Fatal Crash,1,2,2,Unknown,NA,Main Rohtak Road,Traffic signal Shivaji Park,NA,29,77,"One truck had hit a bike , this resulted in death of bike rider and injury to two pillion riders.",3710,0,West,Same Direction,37100250130,PUNJABIBAGH,Punjabi Bagh,Delhi,Delhi,West,Punjabi Bagh,Punjabi Bagh,28.673788,77.139859
20-07-2022,04:33 PM,210298,Ashwani,2022-05-17T00:00:00Z,0298,130,23:59,2021-04-13T00:00:00Z,Hit Pedestrian,TRUE,FALSE,FALSE,Fatal Crash,1,0,1,Unknown,NA,Main Road Cement Shedding,"Broad Line , Delhi",NA,29,77,One pedestrian was completely crushed by an unknown vehicle .,3711,2,NA,Unknown,37110298130,PUNJABIBAGH,Punjabi Bagh,Delhi,Delhi,West,Punjabi Bagh,Punjabi Bagh,NA,NA
20-07-2022,04:33 PM,210501,Ashwani,2022-05-17T00:00:00Z,0501,130,17:00,2021-06-02T00:00:00Z,Backend Collision,FALSE,FALSE,FALSE,Fatal Crash,1,1,2,Unknown,NA,Rohtak road,Near Madipur Metro station,NA,29,77,Two bicycle riders were hit by a car and both got injured.,3712,2,NA,Same Direction,37120501130,PUNJABIBAGH,Punjabi Bagh,Delhi,Delhi,West,Punjabi Bagh,Punjabi Bagh,28.676294,77.118664
20-07-2022,04:33 PM,210533,Ashwani,2022-05-18T00:00:00Z,0533,130,19:35,2021-06-10T00:00:00Z,Unknown,TRUE,FALSE,FALSE,Fatal Crash,1,0,2,Unknown,NA,"Near Round About,","Red Light above Underpass,","Rohtak road , Punjabi Bagh",29,77,One scooty rider way hit by car . The car driver fled from site after crash.,3714,2,NA,Unknown,37140533130,PUNJABIBAGH,Punjabi Bagh,Delhi,Delhi,West,Punjabi Bagh,Punjabi Bagh,28.673644,77.140148
20-07-2022,04:33 PM,210581,Ashwani,2022-05-18T00:00:00Z,0581,130,16:10,2021-06-24T00:00:00Z,Backend Collision,FALSE,FALSE,FALSE,Fatal Crash,1,1,2,Unknown,NA,Madipur Red Light,Rohtak Road,NA,29,77,"One motorcycle was hit from behind by truck , the impact injured the rider of motorcycle and killed the pillion rider.",3715,2,NA,Same Direction,37150581130,PUNJABIBAGH,Punjabi Bagh,Delhi,Delhi,West,Punjabi Bagh,Punjabi Bagh,28.676611,77.118799
20-07-2022,04:33 PM,210788,Ashwani,2022-05-18T00:00:00Z,0788,130,20:45,2021-08-17T00:00:00Z,Single Vehicle Hit Fixed Object,FALSE,FALSE,FALSE,Fatal Crash,1,0,1,Unknown,NA,Near DMS booth 1167,"Dhingra Park,",East Punjabi Bagh,29,77,"One sccoty rider was overspeeding and hit the divider on the road , this led to head injury .",3716,2,NA,Not Applicable,37160788130,PUNJABIBAGH,Punjabi Bagh,Delhi,Delhi,West,Punjabi Bagh,Punjabi Bagh,28.669956,77.14144
20-07-2022,04:33 PM,210796,Ashwani,2022-05-18T00:00:00Z,0796,130,04:00,2021-08-23T00:00:00Z,Hit Pedestrian,TRUE,FALSE,FALSE,Fatal Crash,1,0,1,Unknown,NA,"Near Gupta Sweets, DDU Camp,",Road no 77,West Punjabi Bagh,29,77,"One pedestrian was hit by unknown vehicle , he died on the spot.",3717,1,NA,Unknown,37170796130,PUNJABIBAGH,Punjabi Bagh,Delhi,Delhi,West,Punjabi Bagh,Punjabi Bagh,28.666515,77.123134
20-07-2022,04:33 PM,210803,Ashwani,2022-05-18T00:00:00Z,0803,130,20:30,2021-08-25T00:00:00Z,Hit Pedestrian,TRUE,FALSE,FALSE,Fatal Crash,1,0,1,Unknown,NA,"Rohtak Road , Near Madipur","Metro Station, Carriage way",Towards Zakira,29,77,One pedestrian kid was hit by some vehicle and was taken to hospital by PCR.,3718,3,NA,Unknown,37180803130,PUNJABIBAGH,Punjabi Bagh,Delhi,Delhi,West,Punjabi Bagh,Punjabi Bagh,28.676389,77.120117
20-07-2022,04:33 PM,210836,Ashwani,2022-05-18T00:00:00Z,0836,130,03:21,2021-09-06T00:00:00Z,Unknown,TRUE,FALSE,FALSE,Fatal Crash,1,0,2,Unknown,NA,"North Avenue Road ,","Near Indian Overseas Bank,
Near Indian Overseas Bank,",Punjabi Bagh,29,77,"One Scootyb rider was hit by an unknown truck , this caused injuries to the rider . When he was taken to hospital by PCR he was declared DOA.",3719,2,NA,Unknown,37190836130,PUNJABIBAGH,Punjabi Bagh,Delhi,Delhi,West,Punjabi Bagh,Punjabi Bagh,28.670171,77.128447
20-07-2022,04:33 PM,210876,Ashwani,2022-05-18T00:00:00Z,0876,130,23:20,2021-09-17T00:00:00Z,Unknown,TRUE,FALSE,FALSE,Fatal Crash,1,0,2,Unknown,NA,Between Nala and Ashok Park,Metro station Rohtak Road,Towards Peeragarhi,29,77,One motorcycle rider was hit by one unknown DTC bus . The rider was taken to hospital and Declared dead during treatment.,3720,2,East,Unknown,37200876130,PUNJABIBAGH,Punjabi Bagh,Delhi,Delhi,West,Punjabi Bagh,Punjabi Bagh,NA,NA
20-07-2022,04:33 PM,210910,Ashwani,2022-05-18T00:00:00Z,0910,130,21:20,2021-10-06T00:00:00Z,Backend Collision,TRUE,FALSE,FALSE,Fatal Crash,1,1,2,Unknown,NA,Lal Quarter Chowk,"Madipur , Delhi",NA,29,77,One scooty was hit from behind by a truck injurying the pillion rider and killing the rider.,3721,2,NA,Same Direction,37210910130,PUNJABIBAGH,Punjabi Bagh,Delhi,Delhi,West,Punjabi Bagh,Punjabi Bagh,28.672216,77.12444
20-07-2022,04:33 PM,210911,Ashwani,2022-05-18T00:00:00Z,0911,130,05:00,2021-10-07T00:00:00Z,Unknown,FALSE,FALSE,FALSE,Fatal Crash,1,1,2,Unknown,NA,"Punjabi Bagh Flyover ,",From Rajouri towards,Azadpur,29,77,One Motorcycle was hit by a car . The rider and pillion were injured in the crash.When taken to hospital the rider was declared dead and pillion rider was injured .,3722,2,East,Unknown,37220911130,PUNJABIBAGH,Punjabi Bagh,Delhi,Delhi,West,Punjabi Bagh,Punjabi Bagh,28.672704,77.139731
20-07-2022,04:33 PM,210915,Ashwani,2022-05-18T00:00:00Z,0915,130,22:00,2021-10-09T00:00:00Z,Unknown,TRUE,FALSE,FALSE,Fatal Crash,1,0,2,Unknown,NA,"Ganda Nala Ring Road,","Punjabi Bagh , Delhi",NA,29,77,"One Scooty rider was dead road , he was hit by some unknown vehicle.",3723,2,NA,Unknown,37230915130,PUNJABIBAGH,Punjabi Bagh,Delhi,Delhi,West,Punjabi Bagh,Punjabi Bagh,28.6616773374418,77.1293866388635
20-07-2022,04:33 PM,210957,Ashwani,2022-05-18T00:00:00Z,0957,130,03:52,2021-10-29T00:00:00Z,Hit Pedestrian,TRUE,FALSE,FALSE,Fatal Crash,1,0,1,Unknown,NA,Near Underpass,Punjabi Bagh,Delhi,29,77,One pedestrian was hit by unknown vehicle and taken to hospital .,3724,0,NA,Unknown,37240957130,PUNJABIBAGH,Punjabi Bagh,Delhi,Delhi,West,Punjabi Bagh,Punjabi Bagh,28.6738844134969,77.138125062167
20-07-2022,04:33 PM,210972,Ashwani,2022-05-18T00:00:00Z,0972,130,21:50,2021-11-06T00:00:00Z,Sideswipe (Same Direction),FALSE,FALSE,FALSE,Fatal Crash,1,1,2,Unknown,NA,Ring Road Near Central Market,Road Punjabi Bagh,NA,29,77,"One DTC bus had hit one motorcycle , injuring the rider and pillion rider .",3725,2,NA,Same Direction,37250972130,PUNJABIBAGH,Punjabi Bagh,Delhi,Delhi,West,Punjabi Bagh,Punjabi Bagh,28.668728,77.136851
20-07-2022,04:33 PM,210990,Ashwani,2022-05-18T00:00:00Z,0990,130,22:00,2021-11-21T00:00:00Z,Hit Pedestrian,TRUE,FALSE,FALSE,Fatal Crash,1,0,1,Unknown,NA,Near Madipur,Police Chowki,Delhi,29,77,One pedestrian was hit by a bike . The injured was taken to hospital by public.,3726,2,NA,Unknown,37260990130,PUNJABIBAGH,Punjabi Bagh,Delhi,Delhi,West,Punjabi Bagh,Punjabi Bagh,28.66717,77.117436
20-07-2022,04:33 PM,210228,Ashwani,2022-05-18T00:00:00Z,0228,132,00:30,2021-06-04T00:00:00Z,Unknown,TRUE,FALSE,FALSE,Fatal Crash,1,0,2,Unknown,NA,Near Haveli Sainik Farm,NA,NA,29,77,One motorcyclist was hit by unknown vehicle .,3727,0,NA,Unknown,37270228132,RKPURAM,R.K. Puram,Delhi,Delhi,South west,Delhi Cantt.,Vasant Vihar,NA,NA
20-07-2022,04:33 PM,210026,Ashwani,2022-05-18T00:00:00Z,0026,132,00:15,2021-01-20T00:00:00Z,Unknown,TRUE,FALSE,FALSE,Fatal Crash,1,1,2,Unknown,NA,"Moti Bagh Flyover ,","Towards Dhaula Kuan , Ring Road",NA,29,77,one motorcycle was hit by unknown vehicle . The rider of the bike was taken to hospital and died during treatment .,3728,1,North West,Same Direction,37280026132,RKPURAM,R.K. Puram,Delhi,Delhi,South west,Delhi Cantt.,Vasant Vihar,28.57783,77.176508
20-07-2022,04:33 PM,210389,Ashwani,2022-05-18T00:00:00Z,0389,132,23:55,2021-12-08T00:00:00Z,Head on Collision,FALSE,FALSE,FALSE,Fatal Crash,2,1,2,Unknown,NA,"Aradhana Enclave Sec-13,",RK Puram,NA,29,77,"One car was crushed under a truck , while the truck hit the divider and went into opposite lane and toppled over the car .",3729,2,East,Opposite Direction,37290389132,RKPURAM,R.K. Puram,Delhi,Delhi,South west,Delhi Cantt.,Vasant Vihar,28.575785,77.177675
20-07-2022,04:33 PM,210003,Ashwani,2022-05-18T00:00:00Z,0003,133,21:00,2021-01-01T00:00:00Z,Unknown,TRUE,FALSE,FALSE,Fatal Crash,1,0,1,Unknown,NA,Near Paani ki Tanki,"Dispensary , Mangolpuri",NA,29,77,"One pedestrian was hit by a motorcyclist , the pedestrian was taken to hospital by public in E rickshaw.",3730,2,NA,Unknown,37300003133,RAJPARK,Raj Park,Delhi,Delhi,Outer,Mangol Puri,Sultan Puri,28.690925,77.071296
20-07-2022,04:33 PM,210574,Ashwani,2022-05-18T00:00:00Z,0574,133,02:30,2021-08-06T00:00:00Z,Right Angle Crash,FALSE,FALSE,FALSE,Fatal Crash,1,1,2,Unknown,NA,"Road no 316, Near Indian Oil Petrol","Pump, Phase -1,","Mangolpuri , Delhi",29,77,One truck turned suddenly leading to crash with scooty coming from opposite side . The bike rider died due to injuries .,3731,2,NA,Opposite Direction,37310574133,RAJPARK,Raj Park,Delhi,Delhi,Outer,Mangol Puri,Sultan Puri,28.653097,77.123981
20-07-2022,04:33 PM,210629,Ashwani,2022-05-18T00:00:00Z,0629,133,09:30,2021-09-04T00:00:00Z,Backend Collision,FALSE,FALSE,FALSE,Fatal Crash,1,0,2,Unknown,NA,"Water Tank road , Near Ram Lal","Akhara, P-Block",Mangolpuri,29,77,A truck hit a scooty from behind and causing injuries to  the rider . The rider died on the spot.,3732,1,NA,Opposite Direction,373206291133,RAJPARK,Raj Park,Delhi,Delhi,Outer,Mangol Puri,Sultan Puri,28.689039,77.071479
20-07-2022,04:33 PM,210429,Ashwani,2022-05-18T00:00:00Z,0429,133,21:00,2021-06-16T00:00:00Z,Hit Pedestrian,FALSE,FALSE,FALSE,Fatal Crash,1,0,1,Unknown,NA,S Block chowk,"Near Flower Shop ,Mangolpuri",Delhi,29,77,"One pedestrian was hit by E Rickshaw , this caused injury to the pedestrian . He was taken to hospital by public in same offending vehicle .",3733,2,NA,Unknown,37330429133,RAJPARK,Raj Park,Delhi,Delhi,Outer,Mangol Puri,Sultan Puri,28.824879,76.9716
20-07-2022,04:33 PM,210034,Ashwani,2022-05-19T00:00:00Z,0034,134,01:30,2021-03-02T00:00:00Z,Backend Collision,FALSE,FALSE,FALSE,Fatal Crash,1,1,2,NA,NA,"opp. 24*7 store ,","Shankar Road , Rajender Nagar",Delhi,29,77,"a scooter was hit by a car , the car driver was under infuence of alcohol. The rider of the scooter died due",3734,1,North,Same Direction,37340034134,RAJENDERNAGAR,Rajinder Nagar,Delhi,Delhi,Central,Patel Nagar,Karol Bagh,28.635427,77.185666
20-07-2022,04:33 PM,210033,Ashwani,2022-05-19T00:00:00Z,0033,135,03:30,2021-01-12T00:00:00Z,Unknown,TRUE,FALSE,FALSE,Fatal Crash,1,0,2,Unknown,NA,under Rajouri Garden Flyover,"Towards Mayapuri ,",Delhi,29,77,One scooty rider was hit by an unknown car . No details of crash available .,3735,1,NA,Unknown,37350033135,RAJOURIGARDEN,Rajouri Garden,Delhi,Delhi,West,Rajouri Garden,Rajouri Garden,28.649861,77.125163
20-07-2022,04:33 PM,210055,Ashwani,2022-05-19T00:00:00Z,0055,135,23:10,2021-01-18T00:00:00Z,Unknown,TRUE,FALSE,FALSE,Fatal Crash,1,0,2,Unknown,NA,Flyover Rajouri Garden,Towards Dhaula Kuan,NA,29,77,One Scooty was hit by unknown vehicle on flyover . When the injured was taken to hospital by ambulance was declared DOA .,3736,0,NA,Unknown,37360055135,RAJOURIGARDEN,Rajouri Garden,Delhi,Delhi,West,Rajouri Garden,Rajouri Garden,28.649283,77.125485
20-07-2022,04:33 PM,210348,Ashwani,2022-05-19T00:00:00Z,0348,135,08:00,2021-04-26T00:00:00Z,Unknown,FALSE,FALSE,FALSE,Fatal Crash,1,0,0,Unknown,NA,"Subhash Nagar Chowk, Red Light",Towards Tilak Nagar,NA,29,77,On crash site there were 04 vehicles found in accidental condition with one person dead onsite . No other details or victims recorded .,3737,2,NA,Unknown,37370348135,RAJOURIGARDEN,Rajouri Garden,Delhi,Delhi,West,Rajouri Garden,Rajouri Garden,28.641566,77.10755
20-07-2022,04:33 PM,210368,Ashwani,2022-05-19T00:00:00Z,0368,135,20:57,2021-05-06T00:00:00Z,Hit Pedestrian,TRUE,FALSE,FALSE,Fatal Crash,1,0,1,Unknown,NA,Kukreja Hospital,Near Metro pillar no 415,New Delhi,29,77,One pedestrian was found injured on road and taken to hospital by public. He was hit by unknown vehicle .,3738,2,NA,Unknown,37380368135,RAJOURIGARDEN,Rajouri Garden,Delhi,Delhi,West,Rajouri Garden,Rajouri Garden,28.647296,77.118248
20-07-2022,04:33 PM,210489,Ashwani,2022-05-19T00:00:00Z,0489,135,01:38,2021-06-15T00:00:00Z,Backend Collision,FALSE,FALSE,FALSE,Fatal Crash,1,0,2,Unknown,NA,"Mayapuri Flyover,Ring Road,",Near Mayapuri Metro Station,Delhi,29,77,"Two trucks collided with each other , killing one driver on the spot .",3739,2,NA,Same Direction,37390489135,RAJOURIGARDEN,Rajouri Garden,Delhi,Delhi,West,Rajouri Garden,Rajouri Garden,28.633387,77.131616
20-07-2022,04:33 PM,210563,Ashwani,2022-05-19T00:00:00Z,0563,135,23:00,2021-06-26T00:00:00Z,Hit Pedestrian,TRUE,FALSE,FALSE,Fatal Crash,1,0,1,Unknown,NA,Near Pacific Mall,Subash Nagar,NA,29,77,One pedestrian was admited in hospital due to hit from unknown vehicle .,3740,2,NA,Unknown,37400563135,RAJOURIGARDEN,Rajouri Garden,Delhi,Delhi,West,Rajouri Garden,Rajouri Garden,28.641386,77.107061
20-07-2022,04:33 PM,210689,Ashwani,2022-05-19T00:00:00Z,0689,135,10:40,2021-08-06T00:00:00Z,Hit Pedestrian,TRUE,FALSE,FALSE,Fatal Crash,1,0,1,Unknown,NA,"DDA Park , Ring Road,",Near ESI Hospital,Delhi,29,77,One pedestrian was hit by unknown vehicle and was taken to hospital .,3741,1,NA,Unknown,37410689135,RAJOURIGARDEN,Rajouri Garden,Delhi,Delhi,West,Rajouri Garden,Rajouri Garden,28.657652,77.127676
20-07-2022,04:33 PM,210737,Ashwani,2022-05-19T00:00:00Z,0737,135,00:00,2021-08-18T00:00:00Z,Unknown,TRUE,FALSE,FALSE,Fatal Crash,1,0,2,Unknown,NA,"Ring Road, ESI Hospital",Basai Darapur,New Delhi,29,77,On bike rider was hit by unknown vehicle .,3742,0,NA,Unknown,37420737135,RAJOURIGARDEN,Rajouri Garden,Delhi,Delhi,West,Rajouri Garden,Rajouri Garden,28.658825,77.128887
20-07-2022,04:33 PM,210752,Ashwani,2022-05-19T00:00:00Z,0752,135,14:00,2021-08-28T00:00:00Z,Unknown,TRUE,FALSE,FALSE,Fatal Crash,1,0,2,Unknown,NA,Metro Station Basai Darapur,"Near Nala , Rajouri Garden",NA,29,77,One scooty rider was hit by unknown vehicle .,3743,1,NA,Unknown,37430752135,RAJOURIGARDEN,Rajouri Garden,Delhi,Delhi,West,Rajouri Garden,Rajouri Garden,28.653198,77.132847
20-07-2022,04:33 PM,210896,Ashwani,2022-05-19T00:00:00Z,0896,135,02:31,2021-10-21T00:00:00Z,Unknown,FALSE,FALSE,FALSE,Fatal Crash,1,2,2,Unknown,NA,Opp. Kukreja Hospital,"Najafgarh Road ,",Delhi,29,77,"One truck had hit a Scooty , one person was killed and two were injured due to the impact.",3744,1,NA,Unknown,37440896135,RAJOURIGARDEN,Rajouri Garden,Delhi,Delhi,West,Rajouri Garden,Rajouri Garden,28.64657,77.1174
20-07-2022,04:33 PM,211033,Ashwani,2022-05-19T00:00:00Z,1033,135,14:30,2021-12-15T00:00:00Z,Backend Collision,FALSE,FALSE,FALSE,Fatal Crash,1,0,2,Unknown,NA,"Rajouri Garden Flyover ,","Opp.Rajouri  Metro Station,",Towards Mayapuri,29,77,one scooty and truck were involved in roadside crash .The scooty was declared dead when taken to hospital.,3745,1,NA,Same Direction,37451033135,RAJOURIGARDEN,Rajouri Garden,Delhi,Delhi,West,Rajouri Garden,Rajouri Garden,28.644999,77.127068
20-07-2022,04:33 PM,211069,Ashwani,2022-05-19T00:00:00Z,1069,135,19:40,2021-12-20T00:00:00Z,Sideswipe (Same Direction),TRUE,FALSE,FALSE,Fatal Crash,1,1,2,NA,NA,"Road no 28, In front of GGSG","Hospital, Raghubir Nagar",Delhi,29,77,"One bike was hit by E rickshaw , this resulted in injury to rider and pillion . When taken to hospital the rider was declared DOA.",3746,1,NA,Same Direction,37461069135,RAJOURIGARDEN,Rajouri Garden,Delhi,Delhi,West,Rajouri Garden,Rajouri Garden,28.653817,77.108101
20-07-2022,04:33 PM,210113,Ashwani,2022-05-19T00:00:00Z,0113,136,00:00,2021-02-24T00:00:00Z,Hit Pedestrian,TRUE,FALSE,FALSE,Fatal Crash,1,0,1,Unknown,NA,Gate of Gali IKWAL,"Gali no3, R-4",Vikas Nagar Delhi,29,77,One pedestrian was hit by some unknown vehicle and died on the spot .,3747,4,NA,Unknown,37470113136,RANHOLA,Ranhola,Delhi,Delhi,Outer,Nangloi,Nangloi,28.636157,77.030358
20-07-2022,04:33 PM,210133,Ashwani,2022-05-19T00:00:00Z,0133,136,21:00,2021-03-10T00:00:00Z,Head on Collision,FALSE,FALSE,FALSE,Fatal Crash,1,0,2,Unknown,NA,"Main Nangloi , Najafgarh Road",Near House Sushil Pahelwan,Village Baprola,29,77,Two trucks hit each other and one of the drivers died during treatment in hospital.,3748,4,NA,Opposite Direction,37480133136,RANHOLA,Ranhola,Delhi,Delhi,Outer,Nangloi,Nangloi,NA,NA
20-07-2022,04:33 PM,210230,Ashwani,2022-05-19T00:00:00Z,0230,136,20:30,2021-04-11T00:00:00Z,Single Vehicle Hit Fixed Object,FALSE,FALSE,FALSE,Fatal Crash,1,0,1,Unknown,NA,Main Road Ganda Nala Ranhola,Near Electricity pole no 41,NA,29,77,One bike crashed into a tree . Injuring the rider and the pillion rider flung in the air and fell into the drain where he drowned and died .,3749,3,South,Not Applicable,37490230136,RANHOLA,Ranhola,Delhi,Delhi,Outer,Nangloi,Nangloi,NA,NA
20-07-2022,04:33 PM,210704,Ashwani,2022-05-19T00:00:00Z,0704,136,16:10,2021-09-24T00:00:00Z,Hit Pedestrian,FALSE,FALSE,FALSE,Fatal Crash,1,0,1,Unknown,NA,"Gali no 2, H no- 58C",Baprola,Delhi,29,77,One pedestrian was hit by e rickshaw and got injured .When taken to hospital by family was declared dead by doctor.,3750,3,NA,Unknown,37500704136,RANHOLA,Ranhola,Delhi,Delhi,Outer,Nangloi,Nangloi,28.651768,77.041264
20-07-2022,04:33 PM,210796,Ashwani,2022-05-19T00:00:00Z,0796,136,01:00,2021-11-05T00:00:00Z,Single Vehicle Overturn,FALSE,FALSE,FALSE,Fatal Crash,1,0,1,Unknown,NA,"Near Bakkarwala Mor,",PS Nangloi- Najafgarh Road,Delhi,29,77,One car crashed on the road injuring the driver and passenger.,3751,2,South,Unknown,37510796136,RANHOLA,Ranhola,Delhi,Delhi,Outer,Nangloi,Nangloi,28.643637,77.016681
20-07-2022,04:33 PM,210001,Ashwani,2022-05-19T00:00:00Z,0001,137,23:20,2021-01-01T00:00:00Z,Unknown,TRUE,FALSE,FALSE,Fatal Crash,1,0,2,Unknown,NA,Opp. D Block Saraswati Vihar,Parwana Road,Delhi,29,77,"One bike was hit by a truck , causing injuries to the bike rider . When he was taken to hospital was declared DOA.",3752,1,South East,Unknown,37520001137,RANIBAGH,Rani Bagh,Delhi,Delhi,Outer,Mangol Puri,Mangol Puri,28.694728,77.128242
20-07-2022,04:33 PM,210490,Ashwani,2022-05-19T00:00:00Z,0490,137,10:30,2021-05-26T00:00:00Z,Single Vehicle Run of the Road,FALSE,FALSE,FALSE,Fatal Crash,1,0,1,Unknown,NA,"Road No 43 ,HR Mantri Bhawan","Rani Bagh , Delhi",NA,29,77,"One scooter rider lost balance of his vehicle and fell down , causing injury to self . When taken to hospital was declared DOA .",3753,2,NA,Not Applicable,37530490137,RANIBAGH,Rani Bagh,Delhi,Delhi,Outer,Mangol Puri,Mangol Puri,28.683682,77.130955
20-07-2022,04:33 PM,210617,Ashwani,2022-05-20T00:00:00Z,0617,137,01:25,2021-06-28T00:00:00Z,Unknown,FALSE,FALSE,FALSE,Fatal Crash,1,1,2,Unknown,NA,"Near E Block , Saraswati Vihar","Red Light Parwana Road,",Delhi,29,77,"A truck and car crashed into each other , causing injuries to both the vehicle drivers.",3754,1,NA,Unknown,37540617137,RANIBAGH,Rani Bagh,Delhi,Delhi,Outer,Mangol Puri,Mangol Puri,28.703258,77.13031
20-07-2022,04:33 PM,210684,Ashwani,2022-05-20T00:00:00Z,0684,137,01:46,2021-07-13T00:00:00Z,Unknown,FALSE,FALSE,FALSE,Fatal Crash,1,0,2,Unknown,NA,"Road no 43, Opp. Miraz Hotel",Road towards Mangolpuri,NA,29,77,"one truck had toppled over an auto rickshaw , killing the auto driver .",3755,2,NA,Unknown,37550684137,RANIBAGH,Rani Bagh,Delhi,Delhi,Outer,Mangol Puri,Mangol Puri,28.684321,77.123984
20-07-2022,04:33 PM,210030,Ashwani,2022-05-20T00:00:00Z,0030,137,04:10,2021-01-14T00:00:00Z,Unknown,TRUE,FALSE,FALSE,Fatal Crash,1,0,2,Unknown,NA,Near Saraswati Vihar Bus Stop,"Outer Ring road , Madhuban Chowk",Delhi,29,77,"One bike rider was hit by unknown vehicle , causing injury and death of biker.",3756,1,NA,Unknown,37560030137,RANIBAGH,Rani Bagh,Delhi,Delhi,Outer,Mangol Puri,Mangol Puri,28.700367,77.125379
20-07-2022,04:33 PM,210094,Ashwani,2022-05-20T00:00:00Z,0094,137,23:30,2021-02-15T00:00:00Z,Unknown,TRUE,FALSE,FALSE,Fatal Crash,1,0,2,Unknown,NA,"Outer Ring Road,","B Block Saraswati Vihar, Flyover",NA,29,77,One Motorcyclist was hit by unknown vehicle and causing injury to rider .,3757,0,NA,Unknown,37570094137,RANIBAGH,Rani Bagh,Delhi,Delhi,Outer,Mangol Puri,Mangol Puri,28.699385,77.123139
20-07-2022,04:33 PM,211107,Ashwani,2022-05-20T00:00:00Z,1107,137,16:00,2021-09-25T00:00:00Z,Hit Pedestrian,TRUE,FALSE,FALSE,Fatal Crash,1,0,1,Unknown,NA,"Deepali chowk , near Flyover","pillar no 57 , Outer ring road",NA,29,77,"One pedestrian was hit by a two wheeler , causing injury and death of victim .",3758,0,NA,Same Direction,37581107137,RANIBAGH,Rani Bagh,Delhi,Delhi,Outer,Mangol Puri,Mangol Puri,28.697824,77.100364
20-07-2022,04:33 PM,210032,Ashwani,2022-05-20T00:00:00Z,0032,138,19:26,2021-02-06T00:00:00Z,Unknown,TRUE,FALSE,FALSE,Fatal Crash,1,0,2,Unknown,NA,Shadipur Flyover,Main Patel Nagar Road,Delhi,29,77,"One Motorcyclist was hit by unknown vehicle , causing injury and death to rider .",3759,1,North West,Unknown,37590032138,RANJITNAGAR,Ranjit Nagar,Delhi,Delhi,Central,Patel Nagar,Patel Nagar,28.655722,77.151615
20-07-2022,04:33 PM,210068,Ashwani,2022-05-20T00:00:00Z,0068,138,00:15,2021-03-30T00:00:00Z,Backend Collision,TRUE,FALSE,FALSE,Fatal Crash,1,0,2,Unknown,NA,"Shadipur Red Light ,",Metro pillar no243,NA,29,77,"one scooty was hit by a car , the pillion rider got injured and later succumed to his injuries.",3760,1,South West,Same Direction,37600068138,RANJITNAGAR,Ranjit Nagar,Delhi,Delhi,Central,Patel Nagar,Patel Nagar,28.652323,77.157179
20-07-2022,04:33 PM,210523,Ashwani,2022-05-20T00:00:00Z,0523,138,23:30,2021-12-11T00:00:00Z,Single Vehicle Overturn,FALSE,FALSE,FALSE,Fatal Crash,1,0,1,Unknown,NA,"E 213, New Ranjit Nagar",Delhi,NA,29,77,On Bike rider fell off from his bike and goy injured and died .,3761,0,North,Not Applicable,37610523138,RANJITNAGAR,Ranjit Nagar,Delhi,Delhi,Central,Patel Nagar,Patel Nagar,28.649731,77.159668
20-07-2022,04:33 PM,210332,Ashwani,2022-05-20T00:00:00Z,0332,114,06:10,2021-07-19T00:00:00Z,Hit Pedestrian,TRUE,FALSE,FALSE,Fatal Crash,1,0,1,Unknown,NA,Opp. Mittal Medicos,"Between Sector 6-7 lane ,","Ayodya Chowk , Rohini",29,77,"One pedestrian was hit by a car and was taken to hospital by public , he died in hospital while undergoing treatment.",3762,1,North West,Unknown,37620332114,ROHININORTH,Rohini North,Delhi,Delhi,Rohini,Rohini,Rohini,28.71195,77.11946