Auto_Date,Auto_Time,Form_No,Entry_Personnel,Filled_Date,FIR_No,Police_Station,Time_Of_Crash,Date_Of_Crash,Collision_Type,Hit_and_Run,Special_Case,Case File Available,Crash_Severity,No_Of_ Fatalities,No_Of_ Injured,No_Of_Vehicles,Location,Road_Type,Road_1,Road_2,Road_3,GPS_Lat,GPS_Long,Note,Crash_ID,Distance_From_Landmark,Text97,Veh_Rel_Travel_Dir,Crash_ID_new,PS_Name,PS_Name_New,PS_State,PS_Dist,div_DCP,Sb_div_ACP,Circle_TI,Latitude,Longitude
20-07-2022,04:33 PM,210284,Ashwani,2022-05-20T00:00:00Z,0284,114,07:38,2021-06-23T00:00:00Z,Unknown,TRUE,FALSE,FALSE,Fatal Crash,2,0,2,Unknown,NA,Near Rajiv Gandhi Hospital,"Red Light Crossing , Sector -6",Rohini,29,77,"One Scooty was hit by car , injuring both Rider and pillion rider when taken to hospital both were declared DOA .",3763,1,NA,Unknown,37630284114,ROHININORTH,Rohini North,Delhi,Delhi,Rohini,Rohini,Rohini,28.695753,77.109868
20-07-2022,04:33 PM,210144,Ashwani,2022-05-20T00:00:00Z,0144,162,20:45,2021-04-21T00:00:00Z,Unknown,TRUE,FALSE,FALSE,Fatal Crash,1,0,2,Unknown,NA,"Near Muthoot Finance,","Near Naharpur, Sector -3",Rohini,29,77,"One bike rider was hit by unknown vehicle , causing injury and death.",3764,2,North,Unknown,37640144162,ROHINISOUTH,Rohini South,Delhi,Delhi,Rohini,Rohini,Rohini,28.704624,77.113069
20-07-2022,04:33 PM,210384,Ashwani,2022-05-20T00:00:00Z,0384,162,19:07,2021-09-14T00:00:00Z,Hit Pedestrian,TRUE,FALSE,FALSE,Fatal Crash,1,0,1,Unknown,NA,"Avantika Chowk,","Rohini , Delhi",NA,29,77,"A pedestrian was hit by unknown vehicle , no other details available of the crash .",3765,2,West,Unknown,37650384162,ROHINISOUTH,Rohini South,Delhi,Delhi,Rohini,Rohini,Rohini,28.702284,77.097197
20-07-2022,04:33 PM,210223,Ashwani,2022-05-20T00:00:00Z,0223,140,20:05,2021-05-01T00:00:00Z,Unknown,TRUE,FALSE,FALSE,Fatal Crash,1,0,1,Unknown,NA,Near Pul Mithai Bus Stop,NA,NA,29,77,One pedestrian was hit by some unknown vehicle and no other details available.,3766,1,East,Unknown,37660223140,SABZIMANDI,Subzi Mandi,Delhi,Delhi,North,Kotwali,Sadar Bazar,28.667076,77.215662
20-07-2022,04:33 PM,210295,Ashwani,2022-05-20T00:00:00Z,0295,162,17:45,2021-05-21T00:00:00Z,Backend Collision,FALSE,FALSE,FALSE,Fatal Crash,1,1,2,Unknown,NA,"Shop no 1 , Furniture shop","Sarai Phoos, Motiya Bagh Railway Colony","Tis Hazari , Delhi",29,77,One Manul Rickshaw was hit by a Cluster bus causing injury to puller and passenger .Later during treatment the puller died.,3767,1,South East,Same Direction,37670295162,ROHINISOUTH,Rohini South,Delhi,Delhi,Rohini,Rohini,Rohini,NA,NA
20-07-2022,04:33 PM,210210,Ashwani,2022-05-20T00:00:00Z,0210,142,07:00,2021-08-10T00:00:00Z,Hit Pedestrian,TRUE,FALSE,FALSE,Fatal Crash,1,0,1,Unknown,NA,Near Shiv Sai Hanuman Mandir,Ring Road,NA,29,77,A pedestrian was hit by unknown vehicle and died .,3768,0,NA,Unknown,37680210142,SAFDARJUNGENCLAVE,Safdarjung Enclave,Delhi,Delhi,South west,Vasant Kunj,Safdarjung Enclave,28.570097,77.185694
20-07-2022,04:33 PM,210235,Ashwani,2022-05-20T00:00:00Z,0235,142,06:30,2021-09-27T00:00:00Z,Hit Pedestrian,TRUE,FALSE,FALSE,Fatal Crash,1,0,1,Unknown,NA,"Gate no6,",Safdarjung Hospital,New Delhi,29,77,A pedestrian was hit by unknown vehicle and died,3769,1,South,Unknown,37690235142,SAFDARJUNGENCLAVE,Safdarjung Enclave,Delhi,Delhi,South west,Vasant Kunj,Safdarjung Enclave,28.569487,77.205148
20-07-2022,04:33 PM,210381,Ashwani,2022-05-20T00:00:00Z,0381,142,22:19,2021-12-28T00:00:00Z,Unknown,TRUE,FALSE,FALSE,Fatal Crash,1,0,2,Unknown,NA,"Ring Road , Bhikaji Cama Flyover",Towards AIIMS,New Delhi,29,77,One cyclist was hit by unknown vehicle and died on the spot .,3770,2,West,Unknown,37700381142,SAFDARJUNGENCLAVE,Safdarjung Enclave,Delhi,Delhi,South west,Vasant Kunj,Safdarjung Enclave,28.569678,77.188275
20-07-2022,04:33 PM,210080,Ashwani,2022-05-20T00:00:00Z,0080,143,20:00,2021-02-15T00:00:00Z,Hit Pedestrian,TRUE,FALSE,FALSE,Fatal Crash,1,0,1,Unknown,NA,Near Nala Gas Chamber,"Vashisht Park , Sagarpur",NA,29,77,A pedestrian was hit by crane and died .,3771,1,South West,Same Direction,37710080143,SAGARPUR,Sagar Pur,Delhi,Delhi,South west,Delhi Cantt.,Delhi Cantt.,28.608298,77.097335
20-07-2022,04:33 PM,210035,Ashwani,2022-05-20T00:00:00Z,0035,144,20:51,2021-01-30T00:00:00Z,Unknown,FALSE,FALSE,FALSE,Fatal Crash,1,1,2,Unknown,NA,"Sector 3, Pushp Vihar,","Near Army Camp, Asian",Market Road,29,77,A cycle and Motorcycle met with crash . The cyclist later succumed to his injuries .,3772,2,North,Unknown,37720035144,SAKET,Saket,Delhi,Delhi,South,Hauz Khas,Hauz Khas,28.516354,77.222742
20-07-2022,04:33 PM,210049,Ashwani,2022-05-20T00:00:00Z,0049,144,00:50,2021-02-13T00:00:00Z,Hit Pedestrian,TRUE,FALSE,FALSE,Fatal Crash,1,0,1,Unknown,NA,"Lado sarai , New Delhi",NA,NA,29,77,A pedestrian was brought to hospital due to injuries from crash. No other details recorded in FIR,3773,2,South,Unknown,37730049144,SAKET,Saket,Delhi,Delhi,South,Hauz Khas,Hauz Khas,28.5237,77.194212
20-07-2022,04:33 PM,210070,Ashwani,2022-05-23T00:00:00Z,0070,144,22:30,2021-03-26T00:00:00Z,Unknown,FALSE,FALSE,FALSE,Fatal Crash,1,2,2,Unknown,NA,Near Amity School,Pushp Vihar,Delhi,29,77,Two scootys crashed into each other causing injuries.,3774,2,NA,Unknown,37740070144,SAKET,Saket,Delhi,Delhi,South,Hauz Khas,Hauz Khas,28.527853,77.227563
20-07-2022,04:33 PM,210071,Ashwani,2022-05-23T00:00:00Z,0071,144,15:30,2021-03-27T00:00:00Z,Backend Collision,TRUE,FALSE,FALSE,Fatal Crash,1,3,2,Unknown,NA,Near Saket Metro Station,Delhi,NA,29,77,"A bike was hit by a truck causing injuries to the biker rider , 02 pillion riders and death of third pillion rider .",3775,2,NA,Same Direction,37750071144,SAKET,Saket,Delhi,Delhi,South,Hauz Khas,Hauz Khas,28.521204,77.202938
20-07-2022,04:33 PM,210156,Ashwani,2022-05-23T00:00:00Z,0156,144,03:50,2021-06-02T00:00:00Z,Single Vehicle Hit Fixed Object,FALSE,FALSE,FALSE,Fatal Crash,1,0,1,Unknown,NA,Seikh Sarai Red Light,Chirag Delhi Peer Baba,NA,29,77,One Scooty ride crashed his vehicle into a pole beside the road .,3776,2,East,Not Applicable,"37760156
0156144",SAKET,Saket,Delhi,Delhi,South,Hauz Khas,Hauz Khas,28.533076,77.231716
20-07-2022,04:33 PM,210241,Ashwani,2022-05-23T00:00:00Z,0241,144,11:45,2021-08-13T00:00:00Z,Hit Pedestrian,TRUE,FALSE,FALSE,Fatal Crash,1,0,1,Unknown,NA,"Mandir Marg Near M Block,","Bus Stand ,New Delhi",NA,29,77,A young girl was hit by a SUV car. She was take n to hospital .,3777,1,South,Unknown,37770241144,SAKET,Saket,Delhi,Delhi,South,Hauz Khas,Hauz Khas,28.528373,77.215038
20-07-2022,04:33 PM,210248,Ashwani,2022-05-23T00:00:00Z,0248,144,16:00,2021-08-15T00:00:00Z,Hit Pedestrian,TRUE,FALSE,FALSE,Fatal Crash,1,1,1,Unknown,NA,"MB Road,",Near Saket Metro Station,Saket,29,77,One DTC bus had hit 02 pedestrians on the road. Injuring both one of them later died due to injuries .,3778,2,South West,Unknown,37780248144,SAKET,Saket,Delhi,Delhi,South,Hauz Khas,Hauz Khas,28.520847,77.201268
20-07-2022,04:33 PM,210308,Ashwani,2022-05-23T00:00:00Z,0308,144,00:00,2021-10-24T00:00:00Z,Hit Pedestrian,TRUE,FALSE,FALSE,Fatal Crash,2,0,1,Unknown,NA,Khokha Market,Monday Bazaar Road,NA,29,77,02 pedestrians were hit by unknown vehicle .,3779,0,NA,Unknown,37790308144,SAKET,Saket,Delhi,Delhi,South,Hauz Khas,Hauz Khas,28.522812,77.216583
20-07-2022,04:33 PM,210377,Ashwani,2022-05-23T00:00:00Z,0377,144,05:00,2021-05-29T00:00:00Z,Unknown,FALSE,FALSE,FALSE,Fatal Crash,1,1,0,Unknown,NA,"In front of SDM office,",Near U Turn MB road,Meharuli Badarpur Road,29,77,One motorcyclist was hit by car . The impact caused injuries to the rider and death of pillion rider.,3780,0,NA,Unknown,37800377144,SAKET,Saket,Delhi,Delhi,South,Hauz Khas,Hauz Khas,28.51419,77.232778
20-07-2022,04:33 PM,210381,Ashwani,2022-05-23T00:00:00Z,0381,144,23:11,2021-12-26T00:00:00Z,Unknown,TRUE,FALSE,FALSE,Fatal Crash,1,0,2,Unknown,NA,MB Road Near U-Turn,Saket,NA,29,77,One motorcycle rider was hit by unknown vehicle .,3781,2,South,Unknown,37810381144,SAKET,Saket,Delhi,Delhi,South,Hauz Khas,Hauz Khas,28.518962,77.209709
20-07-2022,04:33 PM,210110,Ashwani,2022-05-23T00:00:00Z,0110,144,03:00,2021-04-25T00:00:00Z,Single Vehicle Run of the Road,FALSE,FALSE,FALSE,Fatal Crash,1,0,1,Unknown,NA,"Saket Court Red Light , Near MGF","Mall, Press Enclave Road ,",Saket Delhi,29,77,onr car slipped of the road killing the driver .,3782,1,NA,Not Applicable,37820110144,SAKET,Saket,Delhi,Delhi,South,Hauz Khas,Hauz Khas,28.530682,77.220666
20-07-2022,04:33 PM,210006,Ashwani,2021-05-23T00:00:00Z,0006,145,22:20,2021-01-03T00:00:00Z,Hit Pedestrian,TRUE,FALSE,FALSE,Fatal Crash,1,0,1,Unknown,NA,"Towards Singhu Border ,",Under Loha Pul,NA,29,77,One pedestrian was hit by unknown vehicle . When taken to hospital by PCR was declared dead .,3783,4,North West,Unknown,37830006145,SAMAYPURBADLI,Samai Pur Badli,Delhi,Delhi,Outer North,Samai Pur Badli,Samai Pur Badli,28.852364,77.125686
20-07-2022,04:33 PM,210054,Ashwani,2022-05-23T00:00:00Z,0054,145,23:28,2021-01-31T00:00:00Z,Hit Pedestrian,TRUE,FALSE,FALSE,Fatal Crash,1,0,1,Unknown,NA,Lower GTK Road,Near Nangli Poona Under Pass,NA,29,77,"A pedestrian was found unconscious and injured on road , when taken to hospital by CATS ambulance was declared dead .",3784,4,North West,Unknown,37840054145,SAMAYPURBADLI,Samai Pur Badli,Delhi,Delhi,Outer North,Samai Pur Badli,Samai Pur Badli,28.771721,77.143621
20-07-2022,04:33 PM,210145,Ashwani,2022-05-23T00:00:00Z,0145,145,21:11,2021-03-05T00:00:00Z,Hit Pedestrian,TRUE,FALSE,FALSE,Fatal Crash,1,0,1,Unknown,NA,"GTK Road,","Near Gurudwara,",DelHi 42,29,77,A pedestrian was hit by unknown vehicle and taken to hospital by CATS ambulance .,3785,7,North East,Unknown,37850145145,SAMAYPURBADLI,Samai Pur Badli,Delhi,Delhi,Outer North,Samai Pur Badli,Samai Pur Badli,28.765176,77.14551
20-07-2022,04:33 PM,210247,Ashwani,2022-05-23T00:00:00Z,0247,145,23:00,2021-04-29T00:00:00Z,Backend Collision,FALSE,FALSE,FALSE,Fatal Crash,1,1,2,Unknown,NA,"GT Karnal road,","Near Footover bridge ,","Libaspur , Delhi",29,77,One goods auto crashed into a truck from behind . The auto driver died due to injuries while under treatment in hospital .,3786,3,North West,Same Direction,37860247145,SAMAYPURBADLI,Samai Pur Badli,Delhi,Delhi,Outer North,Samai Pur Badli,Samai Pur Badli,28.752846,77.149545
20-07-2022,04:33 PM,210302,Ashwani,2022-05-23T00:00:00Z,0302,145,18:17,2021-02-19T00:00:00Z,Hit Pedestrian,TRUE,FALSE,FALSE,Fatal Crash,1,0,1,Unknown,NA,Swaroop Nagar,Near Bus Stand,NA,29,77,A pedestrian was hit by unknown vehicle and was not in a state to give any statement.,3787,5,North West,Unknown,37870302145,SAMAYPURBADLI,Samai Pur Badli,Delhi,Delhi,Outer North,Samai Pur Badli,Samai Pur Badli,28.758267,77.148246
20-07-2022,04:33 PM,210357,Ashwani,2022-05-23T00:00:00Z,0357,145,22:45,2021-06-12T00:00:00Z,Backend Collision,TRUE,FALSE,FALSE,Fatal Crash,1,1,2,Unknown,NA,Sanjay Gandhi Transport Nagar,Towards SBI Bank road,NA,29,77,One truck crashed into a scooty killing the rider and injurying the pillion .,3788,4,North West,Same Direction,37880357145,SAMAYPURBADLI,Samai Pur Badli,Delhi,Delhi,Outer North,Samai Pur Badli,Samai Pur Badli,28.739699,77.150934
20-07-2022,04:33 PM,210502,Ashwani,2022-05-23T00:00:00Z,0502,145,23:00,2021-07-15T00:00:00Z,Hit Pedestrian,TRUE,FALSE,FALSE,Fatal Crash,1,0,1,Unknown,NA,"Upper GT Road,",Libaspur Underpass,NA,29,77,One pedestrian was injured on road and hit by unknown vehicle . He was brought to hospital by ambulance.,3789,3,North West,Unknown,37890502145,SAMAYPURBADLI,Samai Pur Badli,Delhi,Delhi,Outer North,Samai Pur Badli,Samai Pur Badli,28.75286,77.149534
20-07-2022,04:33 PM,210298,Ashwani,2022-05-23T00:00:00Z,0298,145,20:00,2021-05-23T00:00:00Z,Single Vehicle Overturn,FALSE,FALSE,FALSE,Fatal Crash,1,0,1,Unknown,NA,Near Badli Metro Station,Samaipur,NA,28,77,"One scooty skid off the road as the driver and pillion were drunk , the rider applied brakes that led to skid.",3790,3,North west,Not Applicable,37900298145,SAMAYPURBADLI,Samai Pur Badli,Delhi,Delhi,Outer North,Samai Pur Badli,Samai Pur Badli,28.74531,77.137022
20-07-2022,04:33 PM,210002,Ashwani,2022-05-23T00:00:00Z,0002,145,04:30,2021-01-01T00:00:00Z,Unknown,TRUE,FALSE,FALSE,Fatal Crash,1,0,2,Unknown,NA,A-7 Amazon Office,BIA  Delhi,NA,29,77,A motorcycle rider was hit by unknown vehicle. No details of offending vehicle were available .,3791,2,Nprth West,Unknown,37910002145,SAMAYPURBADLI,Samai Pur Badli,Delhi,Delhi,Outer North,Samai Pur Badli,Samai Pur Badli,28.74479,77.131864
20-07-2022,04:33 PM,210048,Ashwani,2022-05-23T00:00:00Z,0048,145,23:15,2021-01-28T00:00:00Z,Unknown,TRUE,FALSE,FALSE,Fatal Crash,1,0,2,Unknown,NA,"Near LAL Path Lab ,","Sector 18, Rohini",NA,29,77,"One auto rickshaw was hit by unknown vehicle , causing injuries to the driver and later he died due to same in hospital .",3792,2,Nort West,Unknown,37920048145,SAMAYPURBADLI,Samai Pur Badli,Delhi,Delhi,Outer North,Samai Pur Badli,Samai Pur Badli,28.738403,77.136342
20-07-2022,04:33 PM,210121,Ashwani,2022-05-23T00:00:00Z,0121,145,09:30,2021-02-26T00:00:00Z,Hit Pedestrian,TRUE,FALSE,FALSE,Fatal Crash,1,0,1,Unknown,NA,Siraspur Mor,"GTK ,Delhi",NA,29,77,A pedestrian was hit by unknown vehicle and injured . She was taken to hospital.,3793,7,North East,Unknown,37930121145,SAMAYPURBADLI,Samai Pur Badli,Delhi,Delhi,Outer North,Samai Pur Badli,Samai Pur Badli,28.705899,77.128595
20-07-2022,04:33 PM,210475,Ashwani,2022-05-24T00:00:00Z,0475,145,16:00,2021-07-10T00:00:00Z,Hit Pedestrian,TRUE,FALSE,FALSE,Fatal Crash,1,0,1,Unknown,NA,"Near Police station,",SP Badli,NA,29,77,One pedestrian was brought to hospital by family in injured condition . No other details available in records.,3794,1,North West,Unknown,37940475145,SAMAYPURBADLI,Samai Pur Badli,Delhi,Delhi,Outer North,Samai Pur Badli,Samai Pur Badli,28.755165,77.142143
20-07-2022,04:33 PM,210773,Ashwani,2022-05-24T00:00:00Z,0773,145,08:30,2021-10-10T00:00:00Z,Hit Pedestrian,FALSE,FALSE,FALSE,Fatal Crash,1,1,1,Unknown,NA,"Factory no S-44, Phase 1,",Badli Industrial Area,NA,29,77,One tempo driver had hit one pedestrian while reversing the vehicle and killed him on the spot and while driving off from site hit another pedestrian and injuring him also .,3795,3,north west,Opposite Direction,37950773145,SAMAYPURBADLI,Samai Pur Badli,Delhi,Delhi,Outer North,Samai Pur Badli,Samai Pur Badli,28.7468870306856,77.1328050130448
20-07-2022,04:33 PM,210779,Ashwani,2022-05-24T00:00:00Z,0779,145,19:59,2021-10-11T00:00:00Z,Hit Pedestrian,TRUE,FALSE,FALSE,Fatal Crash,1,0,1,Unknown,NA,"Red Light ,Near Siraspur Gurudwara","Upper GTK road,",Delhi,29,77,A pedestrian was hit by unknown vehicle and was taken to hospital by public person and declared DOA,3796,3,North West,Unknown,37960779145,SAMAYPURBADLI,Samai Pur Badli,Delhi,Delhi,Outer North,Samai Pur Badli,Samai Pur Badli,28.752863,77.143972
20-07-2022,04:33 PM,210892,Ashwani,2022-05-24T00:00:00Z,0892,145,21:42,2021-11-30T00:00:00Z,Hit Pedestrian,TRUE,FALSE,FALSE,Fatal Crash,1,0,1,Unknown,NA,GTK Bypass Near SGT Nagar,Red Light,NA,29,77,A pedestrian was hit by unknown vehicle and was taken to hospital by CATS ambulance. There he was declared DOA.,3797,4,north,Unknown,37970892145,SAMAYPURBADLI,Samai Pur Badli,Delhi,Delhi,Outer North,Samai Pur Badli,Samai Pur Badli,28.732318,77.151654
20-07-2022,04:33 PM,210929,Ashwani,2022-05-24T00:00:00Z,0929,145,05:58,2021-12-10T00:00:00Z,Backend Collision,TRUE,FALSE,FALSE,Fatal Crash,1,0,1,Unknown,NA,"Lower GTK road,","Ashok Leyland ASCO,","Libaspur Metro Station , Delhi",29,77,"One motorcycle rammed into a moving truck ahead of them , as the truck driver applied brakes.",3798,2,NA,Same Direction,37980929145,SAMAYPURBADLI,Samai Pur Badli,Delhi,Delhi,Outer North,Samai Pur Badli,Samai Pur Badli,28.781288,77.141582
20-07-2022,04:33 PM,210150,Ashwani,2022-05-24T00:00:00Z,0150,147,15:51,2021-03-27T00:00:00Z,Single Vehicle Overturn,FALSE,FALSE,FALSE,Fatal Crash,1,1,1,Unknown,NA,"Loop of Zakira Flyover ,","Towards Anand Parvat , Delhi",NA,29,77,One bike skid off the road and the rider and pillion rider fell of the bike and got injured . They were taken to hospital by PCR van .,3799,1,West,Not Applicable,37990150147,SARAIROHILA,Sarai Rohilla,Delhi,Delhi,North,Kotwali,Sarai Rohilla,28.668765,77.165111
20-07-2022,04:33 PM,210393,Ashwani,2022-05-24T00:00:00Z,0393,147,20:50,2021-06-24T00:00:00Z,Hit Pedestrian,FALSE,FALSE,FALSE,Fatal Crash,1,4,1,Unknown,NA,"Kamal T point, New Rohtak Road,","Sarai Rohilla , Delhi",NA,29,77,One DTC Cluster bus hit a fixed police booth and injured pedestrians and killed one .,3800,1,South,Unknown,38000393147,SARAIROHILA,Sarai Rohilla,Delhi,Delhi,North,Kotwali,Sarai Rohilla,28.65242,77.157162
20-07-2022,04:33 PM,210484,Ashwani,2022-05-24T00:00:00Z,0484,147,23:30,2021-08-10T00:00:00Z,Hit Pedestrian,FALSE,FALSE,FALSE,Fatal Crash,1,0,1,Unknown,NA,"Near Zakhira Flyover ,",Anand Parvat Industrial Area,"Sarai Rohilla , Delhi",29,77,one pedestrian was hit by a tempo and killed on the spot.,3801,1,South,Unknown,38010484147,SARAIROHILA,Sarai Rohilla,Delhi,Delhi,North,Kotwali,Sarai Rohilla,28.665961,77.172604
20-07-2022,04:33 PM,210596,Ashwani,2022-05-24T00:00:00Z,0596,147,01:57,2021-10-06T00:00:00Z,Head on Collision,FALSE,FALSE,FALSE,Fatal Crash,2,0,2,Unknown,NA,"Swami Narayan Marg,","Near Chowki No -2, Sindhora Kalan",Delhi,29,77,A truck and scooty were involved in a crash .Killing the driver of the scooty on  the spot and pillion was also declared DOA when taken by PCR van.,3802,2,North,Opposite Direction,38020596147,SARAIROHILA,Sarai Rohilla,Delhi,Delhi,North,Kotwali,Sarai Rohilla,28.680075,77.185622
20-07-2022,04:33 PM,210016,Ashwani,2022-05-24T00:00:00Z,0016,163,20:40,2021-01-10T00:00:00Z,Unknown,FALSE,FALSE,FALSE,Fatal Crash,1,0,2,Unknown,NA,Red Light near Jheel wala Park,"Road no 44, Lok Vihar Pitampura",Delhi,29,77,One cyclist was hit by truck and got injured when taken to hospital by PCR va was declared DOA .,3803,1,NA,Unknown,38030016163,SARASWATIVIHARSUBHASHPLACE,Subhash Palace,Delhi,Delhi,North West,Shalimar Bagh,Subhash Palace,28.696755,77.107787
20-07-2022,04:33 PM,210031,Ashwani,2022-05-24T00:00:00Z,0031,163,14:30,2021-01-09T00:00:00Z,Unknown,TRUE,FALSE,FALSE,Fatal Crash,1,0,2,Unknown,NA,"Red Light Prem Bari Pul,","Towards Azadpur ,",Delhi,29,77,A scooter rider was hit by unknown vehicle and taken to hospital for treatment .,3804,2,North East,Unknown,38040031163,SARASWATIVIHARSUBHASHPLACE,Subhash Palace,Delhi,Delhi,North West,Shalimar Bagh,Subhash Palace,28.700219,77.158542
20-07-2022,04:33 PM,210090,Ashwani,2022-05-24T00:00:00Z,0090,163,23:58,2021-02-27T00:00:00Z,Hit Pedestrian,TRUE,FALSE,FALSE,Fatal Crash,1,0,1,Unknown,NA,"Ring Road , Punjabi Bagh Footover",Opp. Shakurpur Metro Station,Delhi,29,77,"A pedestrian was hit by some unknown vehicle , he died on the spot .",3805,2,NA,Unknown,38050090163,SARASWATIVIHARSUBHASHPLACE,Subhash Palace,Delhi,Delhi,North West,Shalimar Bagh,Subhash Palace,28.686418,77.151073
20-07-2022,04:33 PM,210552,Ashwani,2022-05-24T00:00:00Z,0552,163,01:47,2021-08-04T00:00:00Z,Unknown,FALSE,FALSE,FALSE,Fatal Crash,1,1,2,Unknown,NA,"Prembari Flyover , Towards",Azadpur to Punjabi Bagh,NA,29,77,"One car and Bike rider crashed into each other , no details of crash were available .",3806,2,North,Unknown,38060552163,SARASWATIVIHARSUBHASHPLACE,Subhash Palace,Delhi,Delhi,North West,Shalimar Bagh,Subhash Palace,28.700219,77.158542
20-07-2022,04:33 PM,210721,Ashwani,2022-05-24T00:00:00Z,0721,163,21:17,2021-09-16T00:00:00Z,Hit Pedestrian,TRUE,FALSE,FALSE,Fatal Crash,1,0,1,Unknown,NA,"Britania Flyover ,",Punjabi Bagh towards Azadpur,NA,29,77,A pedestrian was hit by unknown vehicle and taken to hospital by CATS ambulance . There she was declared dead.,3807,2,South,Unknown,38070721163,SARASWATIVIHARSUBHASHPLACE,Subhash Palace,Delhi,Delhi,North West,Shalimar Bagh,Subhash Palace,28.683257,77.146331
20-07-2022,04:33 PM,210397,Ashwani,2022-05-24T00:00:00Z,0397,163,09:54,2021-06-16T00:00:00Z,Unknown,FALSE,FALSE,FALSE,Fatal Crash,1,0,2,Unknown,NA,Lala Jagat Narain Marg,Opp. Pitampura Bus Stop,"Distt. Park Sandesh Vihar ,Delhi",29,77,One scooty rider was hit by bus and the biker was taken to hospital by PCR where he was declared DOA .,3808,2,NA,Unknown,38080397163,SARASWATIVIHARSUBHASHPLACE,Subhash Palace,Delhi,Delhi,North West,Shalimar Bagh,Subhash Palace,28.702697,77.129318
20-07-2022,04:33 PM,210790,Ashwani,2022-05-24T00:00:00Z,0790,163,04:10,2021-10-17T00:00:00Z,Hit Pedestrian,TRUE,FALSE,FALSE,Fatal Crash,1,0,1,Unknown,NA,"Metro pillar no 347, Kohat Enclave","Near Red Light , Pitampura",Delhi,29,77,One pedestrian was found injured and taken to hospital by ambulance and was declared DOA.,3809,2,North,Unknown,38090790163,SARASWATIVIHARSUBHASHPLACE,Subhash Palace,Delhi,Delhi,North West,Shalimar Bagh,Subhash Palace,28.69888,77.13859
20-07-2022,04:33 PM,210890,Ashwani,2022-05-24T00:00:00Z,0890,163,00:00,2021-11-27T00:00:00Z,Unknown,TRUE,FALSE,FALSE,Fatal Crash,1,0,1,Unknown,NA,"Sri Nagar , Underpass",NA,NA,29,77,one pedestrian was hit by unknown vehicle and brought to hospital by auto .,3810,2,North West,Unknown,38100890163,SARASWATIVIHARSUBHASHPLACE,Subhash Palace,Delhi,Delhi,North West,Shalimar Bagh,Subhash Palace,28.683389,77.136796
20-07-2022,04:33 PM,210988,Ashwani,2022-05-24T00:00:00Z,0988,163,14:46,2021-12-18T00:00:00Z,Hit Pedestrian,TRUE,FALSE,FALSE,Fatal Crash,1,0,1,Unknown,NA,Below Kohat Metro Station,Main Road,NA,29,77,One pedestrian was found injured on road when taken to hospital by ambulance was declared dead.,3811,1,NA,Unknown,38110988163,SARASWATIVIHARSUBHASHPLACE,Subhash Palace,Delhi,Delhi,North West,Shalimar Bagh,Subhash Palace,28.6981,77.140422
20-07-2022,04:33 PM,210167,Ashwani,2022-05-24T00:00:00Z,0167,148,17:00,2021-04-20T00:00:00Z,Unknown,FALSE,FALSE,FALSE,Fatal Crash,1,0,2,Unknown,NA,"Under Sarita Vihar Flyover ,","Okhla Under pass , Sarita Vihar",NA,28,77,One Motorcyclist was hit by tempo and taken to hospital by PCR.,3812,1,South East,Unknown,38120167148,SARITAVIHAR,Sarita Vihar,Delhi,Delhi,South East,Sarita Vihar,Sarita Vihar,28.49762,77.302414
20-07-2022,04:33 PM,210214,Ashwani,2022-05-25T00:00:00Z,0214,148,01:07,2021-05-24T00:00:00Z,Unknown,FALSE,FALSE,FALSE,Fatal Crash,1,1,0,Unknown,NA,"Sarita vihar Flyover ,",Towards Badarpur (Mathura Road),Delhi,28,77,"A bike and scooty crashed on the flyover , injuring both the riders of the vehicles.",3813,1,South East,Unknown,"38130214
0214148",SARITAVIHAR,Sarita Vihar,Delhi,Delhi,South East,Sarita Vihar,Sarita Vihar,28.498034,77.301299
20-07-2022,04:33 PM,210253,Ashwani,2022-05-25T00:00:00Z,0253,148,03:45,2021-07-07T00:00:00Z,Sideswipe (Same Direction),FALSE,FALSE,FALSE,Fatal Crash,1,4,2,Unknown,NA,"Sarita Vihar Flyover ,",Mathura Road to Badarpur,NA,28,77,"One tractor had hit an  auto side ways and causing injuries to passengers of auto , killing one of them .",3814,1,South East,Same Direction,38140253148,SARITAVIHAR,Sarita Vihar,Delhi,Delhi,South East,Sarita Vihar,Sarita Vihar,28.491652,77.303589
20-07-2022,04:33 PM,210321,Ashwani,2022-05-25T00:00:00Z,0321,148,03:30,2021-09-12T00:00:00Z,Single Vehicle Hit Fixed Object,FALSE,FALSE,FALSE,Fatal Crash,1,0,1,Unknown,NA,"Road no 13 , K pocket","Near Park , Noida to Okhla side",NA,29,77,"A pillion car rider died due to crash , as the Car hit the divider .",3815,2,South East,Not Applicable,38150321148,SARITAVIHAR,Sarita Vihar,Delhi,Delhi,South East,Sarita Vihar,Sarita Vihar,28.537294,77.284538