Auto_Date,Auto_Time,Form_No,Entry_Personnel,Filled_Date,FIR_No,Police_Station,Time_Of_Crash,Date_Of_Crash,Collision_Type,Hit_and_Run,Special_Case,Case File Available,Crash_Severity,No_Of_ Fatalities,No_Of_ Injured,No_Of_Vehicles,Location,Road_Type,Road_1,Road_2,Road_3,GPS_Lat,GPS_Long,Note,Crash_ID,Distance_From_Landmark,Text97,Veh_Rel_Travel_Dir,Crash_ID_new,PS_Name,PS_Name_New,PS_State,PS_Dist,div_DCP,Sb_div_ACP,Circle_TI,Latitude,Longitude
20-07-2022,04:33 PM,210062,Ashwani,2021-06-01T00:00:00Z,0062,167,11:40,2021-04-13T00:00:00Z,Unknown,TRUE,FALSE,FALSE,Fatal Crash,1,0,2,Unknown,NA,Zakir Hussain Marg,"India Gate , New Delhi",NA,29,77,A bike rider was hit by unknown vehicle .,3923,2,South,Unknown,"39230062
0062167",TILAKMARG,Tilak Marg,Delhi,Delhi,New Delhi,Connaught Place,Barakhamba Road,28.609716,77.232971
20-07-2022,04:33 PM,210115,Ashwani,2022-06-01T00:00:00Z,0115,167,00:16,2021-08-26T00:00:00Z,Hit Pedestrian,TRUE,FALSE,FALSE,Fatal Crash,1,0,1,Unknown,NA,"Ring Road Near CNG PUMP,","Pragati Power House,",New Delhi,29,77,"A pedestrian was hit by unknown vehicle , no other details available .",3924,2,East,Unknown,39240115167,TILAKMARG,Tilak Marg,Delhi,Delhi,New Delhi,Connaught Place,Barakhamba Road,28.618467,77.249084
20-07-2022,04:33 PM,210125,Ashwani,2022-06-01T00:00:00Z,0125,167,10:15,2021-09-18T00:00:00Z,Unknown,FALSE,FALSE,FALSE,Fatal Crash,1,0,2,Unknown,NA,"C Hexagon,","Near Pandara Road ,",New Delhi,29,77,A bike rider was hit by a goods tempo . Causing injury and death  of the bike rider .,3925,1,South,Unknown,39250125167,TILAKMARG,Tilak Marg,Delhi,Delhi,New Delhi,Connaught Place,Barakhamba Road,28.609499,77.231317
20-07-2022,04:33 PM,210144,Ashwani,2022-06-01T00:00:00Z,0144,167,05:50,2021-10-29T00:00:00Z,Unknown,TRUE,FALSE,FALSE,Fatal Crash,1,0,2,Unknown,NA,"Near BSES Office ,","Behind Hall no 11,","Pragati Maidan,New Delhi",29,77,A bike rider was hit by unknown vehicle and taken to hospital by public person was Declared DOA by doctor .,3926,1,North East,Unknown,39260144167,TILAKMARG,Tilak Marg,Delhi,Delhi,New Delhi,Connaught Place,Barakhamba Road,28.617695309302,77.240404587459
20-07-2022,04:33 PM,210150,Ashwani,2022-06-01T00:00:00Z,0150,167,06:17,2021-11-07T00:00:00Z,Hit Pedestrian,FALSE,FALSE,FALSE,Fatal Crash,1,0,1,Unknown,NA,Near UPSC,"Shahjahan Road , New Delhi",NA,29,77,A pedestrian was hit by a bike rider . The bike rider got her admitted in hospital .,3927,2,South,Perpendicular Direction,39270150167,TILAKMARG,Tilak Marg,Delhi,Delhi,New Delhi,Connaught Place,Barakhamba Road,28.608102,77.227646
20-07-2022,04:33 PM,210157,Ashwani,2022-06-01T00:00:00Z,0157,167,17:20,2022-12-01T00:00:00Z,Hit Pedestrian,FALSE,FALSE,FALSE,Fatal Crash,1,0,1,Unknown,NA,"W Point ,Tilak Marg",New Delhi,NA,29,77,A pedestrian was hit by a car .When the pedestrian was taken to hospital by PCR van was declared DOA .,3928,1,North,Unknown,39280157167,TILAKMARG,Tilak Marg,Delhi,Delhi,New Delhi,Connaught Place,Barakhamba Road,28.619446,77.235971
20-07-2022,04:33 PM,210169,Ashwani,2022-06-01T00:00:00Z,0169,167,19:00,2021-12-23T00:00:00Z,Single Vehicle Overturn,FALSE,FALSE,FALSE,Fatal Crash,1,0,1,Unknown,NA,"Near Gate no 7, Hyderabad House,","Ashoka Road , New Delhi",NA,29,77,An auto driver was injuried in a crash due to overturn of his vehicle . He was taken to hospital by CATS ambulance and was declared DOA .,3929,1,West,Not Applicable,39290169167,TILAKMARG,Tilak Marg,Delhi,Delhi,New Delhi,Connaught Place,Barakhamba Road,28.614945,77.227833
20-07-2022,04:33 PM,210089,Ashwani,2022-06-01T00:00:00Z,0089,169,23:15,2021-02-05T00:00:00Z,Hit Pedestrian,TRUE,FALSE,FALSE,Fatal Crash,1,0,1,Unknown,NA,"Near Tilak Nagar Flyover,","Star Lab , Najafgarh Road",Tilak Nagar,29,77,A pedestrian was hit by unknown vehicle and rushed to hospital by PCR van.,3930,0,West,Unknown,39300089169,TILAKNAGAR,Tilak Nagar,Delhi,Delhi,West,Rajouri Garden,Tilak Nagar,28.636776,77.096178
20-07-2022,04:33 PM,210121,Ashwani,2022-06-01T00:00:00Z,0121,169,20:28,2021-02-21T00:00:00Z,Hit Pedestrian,FALSE,FALSE,FALSE,Fatal Crash,1,0,1,Unknown,NA,Shamshaan Ghat Road,Near Kuda Daan,Tital Vihar,29,77,A pedestrian was hit and killed by a car .,3931,2,West,Unknown,39310121169,TILAKNAGAR,Tilak Nagar,Delhi,Delhi,West,Rajouri Garden,Tilak Nagar,28.645655,77.089497
20-07-2022,04:33 PM,210155,Ashwani,2022-06-01T00:00:00Z,0155,169,04:30,2021-03-05T00:00:00Z,Hit Pedestrian,TRUE,FALSE,FALSE,Fatal Crash,1,0,1,Unknown,NA,"near Gurudwara, Vishnu Garden",Delhi,NA,29,77,A pedestrian was hit by unknown vehicle .,3932,2,West,Unknown,39320155169,TILAKNAGAR,Tilak Nagar,Delhi,Delhi,West,Rajouri Garden,Tilak Nagar,28.651876,77.10409
20-07-2022,04:33 PM,210486,Ashwani,2022-06-01T00:00:00Z,0486,169,14:45,2021-06-20T00:00:00Z,Backend Collision,FALSE,FALSE,FALSE,Fatal Crash,1,0,2,Unknown,NA,"Near Pillar no 563,","Main Najafgarh Road, east","Metro Station Janakpuri, Delhi",29,77,"A bike was hit from behind by a Goods tempo , causing fatal injuries to the pillion rider of the bike . When she was taken to hospital was declared DOA .",3933,1,North,Same Direction,39330486169,TILAKNAGAR,Tilak Nagar,Delhi,Delhi,West,Rajouri Garden,Tilak Nagar,28.629762,77.078146
20-07-2022,04:33 PM,210472,Ashwani,2022-06-02T00:00:00Z,0472,169,18:00,2021-06-16T00:00:00Z,Hit Pedestrian,FALSE,FALSE,FALSE,Fatal Crash,1,0,1,Unknown,NA,"Kyala Road, Near Pacific Mall ,","Red Light Subhash Nagar,","Tilak Nagar , Delhi",29,77,A pedestrian was hit by a cluster bus whie crossing the road . Causing injuries and death of victim .,3934,0,South,Perpendicular Direction,39340472169,TILAKNAGAR,Tilak Nagar,Delhi,Delhi,West,Rajouri Garden,Tilak Nagar,28.64359,77.106886
20-07-2022,04:33 PM,210814,Ashwani,2022-06-02T00:00:00Z,0814,169,02:00,2021-11-05T00:00:00Z,Backend Collision,FALSE,FALSE,FALSE,Fatal Crash,1,0,2,Unknown,NA,"Near Tilak Nagar Flyover ,","Main Najafgarh Road,",Tilak Nagar,29,77,A bike was hit from behind causing grievous injuries to the rider .,3935,1,North,Same Direction,"39350814
0814169",TILAKNAGAR,Tilak Nagar,Delhi,Delhi,West,Rajouri Garden,Tilak Nagar,28.636975,77.096801
20-07-2022,04:33 PM,210055,Ashwani,2022-06-02T00:00:00Z,0055,170,11:20,2021-02-08T00:00:00Z,Backend Collision,FALSE,FALSE,FALSE,Fatal Crash,1,0,2,Unknown,NA,"Ch. Fateh Singh Marg, Balak Ram","Bus Stop, Ring Road , Timarpur",Delhi,29,77,"A bicycle rider was hit from behind by a truck , which caused injuries and death of the cycle rider.",3936,0,South West,Same Direction,39360055170,TIMARPUR,TimarPur,Delhi,Delhi,North,Civil Lines,Timarpur,28.704956,77.223107
20-07-2022,04:33 PM,210079,Ashwani,2022-06-02T00:00:00Z,0079,170,00:00,2021-03-12T00:00:00Z,Unknown,TRUE,FALSE,FALSE,Fatal Crash,1,0,2,Unknown,NA,"Road Near Sec 4, Timarpur Gate,","Lucknow Road , Timarpur",Delhi,29,77,A scooty rider was hit by an unknown vehicle causing injuries and death of rider.,3937,0,South West,Unknown,"39370079
0079170",TIMARPUR,TimarPur,Delhi,Delhi,North,Civil Lines,Timarpur,28.700867,77.218658
20-07-2022,04:33 PM,210240,Ashwani,2022-06-02T00:00:00Z,0240,170,10:30,2021-07-18T00:00:00Z,Single Vehicle Overturn,FALSE,FALSE,FALSE,Fatal Crash,1,0,1,Unknown,NA,"Unknown , In Jurisdiction of PS","Timarpur, Delhi",NA,29,77,A bike rider fell from his bike due to unknown reasons and got injured .,3938,2,East,Not Applicable,39380240170,TIMARPUR,TimarPur,Delhi,Delhi,North,Civil Lines,Timarpur,28.704204,77.219614000000007
20-07-2022,04:33 PM,210267,Ashwani,2022-06-02T00:00:00Z,0267,170,13:10,2021-08-05T00:00:00Z,Backend Collision,FALSE,FALSE,FALSE,Fatal Crash,1,2,2,Unknown,NA,Near Nirmal Hriday Church,"Mannu ka Teela , Timarpur",NA,29,77,"A scooty rider was hit from behind by a roadways bus . The Rider and pillion got injured due to impact , the second pillion a child died due to crash .",3939,1,East,Same Direction,39390267170,TIMARPUR,TimarPur,Delhi,Delhi,North,Civil Lines,Timarpur,28.703468,77.227352
20-07-2022,04:33 PM,210279,Ashwani,2022-06-02T00:00:00Z,0279,170,04:30,2021-08-20T00:00:00Z,Hit Pedestrian,TRUE,FALSE,FALSE,Fatal Crash,1,0,1,Unknown,NA,"Outer Ring Road , Near Nirmal","Hriday, Timarpur , Delhi",NA,29,77,One pedestrian was found injured on road and taken to hospital by PCR van .,3940,1,North,Unknown,39400279170,TIMARPUR,TimarPur,Delhi,Delhi,North,Civil Lines,Timarpur,28.703468,77.227352
20-07-2022,04:33 PM,210291,Ashwani,2022-06-02T00:00:00Z,0291,170,03:00,2021-08-25T00:00:00Z,Unknown,TRUE,FALSE,FALSE,Fatal Crash,1,0,2,Unknown,NA,"Wazirabad Flyover Outer Ring Road,",ISBT to Burarai Carriage way,NA,29,77,A scooty rider was hit by unknown truck . Victim was taken to hospital by PCR van where he was DOA .,3941,1,East,Unknown,39410291170,TIMARPUR,TimarPur,Delhi,Delhi,North,Civil Lines,Timarpur,28.708694,77.227301
20-07-2022,04:33 PM,210302,Ashwani,2022-06-02T00:00:00Z,0302,170,02:30,2021-09-10T00:00:00Z,Unknown,TRUE,FALSE,FALSE,Fatal Crash,1,0,2,Unknown,NA,"From Khajuri to Wazirabad Road,","Opp. Kali Mandir , near Soorghat",Delhi,29,77,A motorcyclist was found unconscious on road .When taken to hopital was declared DOA .,3942,1,East,Unknown,39420302170,TIMARPUR,TimarPur,Delhi,Delhi,North,Civil Lines,Timarpur,28.712095,77.230218
20-07-2022,04:33 PM,210310,Ashwani,2022-06-02T00:00:00Z,0310,170,23:30,2021-09-13T00:00:00Z,Hit Pedestrian,TRUE,FALSE,FALSE,Fatal Crash,1,0,1,Unknown,NA,Bus Stand Balak Ram Hospital,Sanjay Basti,NA,29,77,A pedestrian was found injured and taken to hospital by family . No other information available .,3943,0,South,Unknown,39430310170,TIMARPUR,TimarPur,Delhi,Delhi,North,Civil Lines,Timarpur,28.707182,77.222433
20-07-2022,04:33 PM,210327,Ashwani,2022-06-02T00:00:00Z,0327,170,01:00,2021-10-10T00:00:00Z,Hit Pedestrian,TRUE,FALSE,FALSE,Fatal Crash,1,0,1,Unknown,NA,"Opp.Nirmal Hriday Old Age Home ,","Outer Ring Road , Timarpur , Delhi",NA,29,77,A pedestrian was found injured on road and was hit by unknown vehicle .,3944,0,East,Unknown,39440327170,TIMARPUR,TimarPur,Delhi,Delhi,North,Civil Lines,Timarpur,28.702792,77.227416
20-07-2022,04:33 PM,210409,Ashwani,2022-06-02T00:00:00Z,0409,170,13:45,2021-12-01T00:00:00Z,Unknown,TRUE,FALSE,FALSE,Fatal Crash,1,0,2,Unknown,NA,"Wazirabad Flyover , ISBT Kashmiri",Gate to Burari.,NA,29,77,A Scooty rider was hit by unknow vehicle and injured the rider.,3945,1,East,Unknown,39450409170,TIMARPUR,TimarPur,Delhi,Delhi,North,Civil Lines,Timarpur,28.711564,77.226617
20-07-2022,04:33 PM,210072,Ashwani,2022-06-02T00:00:00Z,0072,171,23:20,2021-06-18T00:00:00Z,Backend Collision,FALSE,FALSE,FALSE,Fatal Crash,1,0,2,Unknown,NA,"Zakhir Hussain Flyover , New Delhi",NA,NA,29,77,A driver of car was injured as he was standing on the road and hit by another car .,3946,4,North East,Same Direction,39460072171,TUGLAKROAD,Tughlak Road,Delhi,Delhi,New Delhi,Chanakya Puri,Chanakya Puri,28.599684,77.23916
20-07-2022,04:33 PM,210073,Ashwani,2022-06-02T00:00:00Z,0073,171,20:30,2021-06-25T00:00:00Z,Hit Pedestrian,TRUE,FALSE,FALSE,Fatal Crash,1,0,1,Unknown,NA,Near 29 Prithvi Raj Road,New Delhi,NA,29,77,One pedestrian was found dead on road due to crash with unknown vehicle .,3947,1,South,Unknown,39470073171,TUGLAKROAD,Tughlak Road,Delhi,Delhi,New Delhi,Chanakya Puri,Chanakya Puri,28.594219,77.215375
20-07-2022,04:33 PM,210088,Ashwani,2022-06-02T00:00:00Z,0088,172,00:00,2021-02-06T00:00:00Z,Hit Pedestrian,TRUE,FALSE,FALSE,Fatal Crash,1,0,1,Unknown,NA,Uttam Nagar Terminal Towards,"Kali Basti , E Rickshaw Charging",Station.,29,77,A pedestrian was hit by unknown vehicle and taken to hospital by public person where he was declared DOA .,3948,1,North East,Unknown,39480088172,UTTAMNAGAR,Uttam Nagar,Delhi,Delhi,Dwarka,Dwarka,Dabri,28.632664,77.061028
20-07-2022,04:33 PM,210462,Ashwani,2022-06-02T00:00:00Z,0462,172,20:40,2021-06-18T00:00:00Z,Unknown,TRUE,FALSE,FALSE,Fatal Crash,1,0,2,Unknown,NA,"Main Najafgarh Road , Near Metro","Pillar no 664,",NA,29,77,A Scooty rider was crushed under the wheels on an unknown bus and died on the spot.,3949,1,West,Unknown,39490462172,UTTAMNAGAR,Uttam Nagar,Delhi,Delhi,Dwarka,Dwarka,Dabri,28.623172,77.061394
20-07-2022,04:33 PM,210661,Ashwani,2022-06-02T00:00:00Z,0661,172,19:55,2021-08-20T00:00:00Z,Hit Pedestrian,TRUE,FALSE,FALSE,Fatal Crash,1,0,1,Unknown,NA,"Kali Basti to Uttam Nagar Road ,",Near Gad Agency,NA,29,77,A pedestrian was hit by unknown vehicle .,3950,0,NA,Unknown,39500661172,UTTAMNAGAR,Uttam Nagar,Delhi,Delhi,Dwarka,Dwarka,Dabri,28.632919,77.061712
20-07-2022,04:33 PM,210683,Ashwani,2022-06-02T00:00:00Z,0683,172,22:15,2021-08-29T00:00:00Z,Unknown,TRUE,FALSE,FALSE,Fatal Crash,1,1,2,Unknown,NA,"Road Near Kali Basti , 100 Foota Road,","Uttam Nagar , New Delhi",NA,29,77,A bike was hit by unknown vehicle and both the rider and pillion got injured .,3951,4,North,Unknown,"39510683
0683172",UTTAMNAGAR,Uttam Nagar,Delhi,Delhi,Dwarka,Dwarka,Dabri,28.632659,77.061159
20-07-2022,04:33 PM,210764,Ashwani,2022-06-02T00:00:00Z,0764,172,08:30,2021-10-12T00:00:00Z,Hit Pedestrian,TRUE,FALSE,FALSE,Fatal Crash,1,1,1,Unknown,NA,"40 Foota Road , Near Pankaj Sweet",Uttam Nagar Delhi,NA,29,77,02 pedestrians were hit by a tractor while walking on road both were injured .,3952,3,South,Unknown,39520764172,UTTAMNAGAR,Uttam Nagar,Delhi,Delhi,Dwarka,Dwarka,Dabri,28.619834,77.052785
20-07-2022,04:33 PM,210775,Ashwani,2022-06-02T00:00:00Z,0775,172,00:30,2021-10-17T00:00:00Z,Unknown,TRUE,FALSE,FALSE,Fatal Crash,1,0,2,Unknown,NA,"40 Foota road , Maharani Enclave,","Uttam Nagar , New Delhi",NA,29,77,A motorcyclist was hit by unknown vehicle causing injuries and death of the bike rider.,3953,4,West,Unknown,39530775172,UTTAMNAGAR,Uttam Nagar,Delhi,Delhi,Dwarka,Dwarka,Dabri,28.63382,77.05401
20-07-2022,04:33 PM,210878,Ashwani,2022-06-03T00:00:00Z,0878,172,06:15,2021-12-23T00:00:00Z,Hit Pedestrian,FALSE,FALSE,FALSE,Fatal Crash,1,0,1,Unknown,NA,Inside Uttam Nagar Bus Terminal,NA,NA,29,77,"A DTC bus ran over a pedestrian , no other details avaialable about the crash.",3954,0,East,Not Applicable,39540878172,UTTAMNAGAR,Uttam Nagar,Delhi,Delhi,Dwarka,Dwarka,Dabri,28.621479,77.053992
20-07-2022,04:33 PM,210191,Ashwani,2022-06-03T00:00:00Z,0191,184,10:00,2021-05-19T00:00:00Z,Unknown,TRUE,FALSE,FALSE,Fatal Crash,2,0,2,Unknown,NA,Mahipal flyover Delhi to Gurgaon,NA,NA,29,77,A motorcycle was hit by unknown car both the rider and pillion  of bike  were killed in the crash.,3955,4,West,Same Direction,39550191184,VASANTKUNJNORTH,Vasant Kunj North,Delhi,Delhi,South west,Vasant Kunj,Vasant Kunj,28.54852,77.12574
20-07-2022,04:33 PM,210334,Ashwani,2022-06-03T00:00:00Z,0334,184,07:30,2021-08-22T00:00:00Z,Backend Collision,FALSE,FALSE,FALSE,Fatal Crash,1,1,2,Unknown,NA,NH-8 Mahipalpur Flyover,Towards Dhaula Kuan,NA,29,77,A bike rammed into a parked truck as it had broken down on road . Both the rider and pillion rider were injured the rider died due to injuries .,3956,4,West,Same Direction,39560334184,VASANTKUNJNORTH,Vasant Kunj North,Delhi,Delhi,South west,Vasant Kunj,Vasant Kunj,28.54709,77.12427
20-07-2022,04:33 PM,210347,Ashwani,2022-06-03T00:00:00Z,0347,184,01:10,2021-08-30T00:00:00Z,Hit Pedestrian,TRUE,FALSE,FALSE,Fatal Crash,1,1,2,Unknown,NA,"NH 8 , Mahipal pur Flyover","Near NCRB office , Delhi",NA,29,77,The driver and pillion of Tempo were standing on road as their vehicle had broken down . They were hit by speeding car causing injuries to them .,3957,3,West,Same Direction,39570347184,VASANTKUNJNORTH,Vasant Kunj North,Delhi,Delhi,South west,Vasant Kunj,Vasant Kunj,28.55431,77.13218
20-07-2022,04:33 PM,210302,Ashwani,2022-06-03T00:00:00Z,0302,184,20:00,2021-07-31T00:00:00Z,Head on Collision,FALSE,FALSE,FALSE,Fatal Crash,1,1,2,Unknown,NA,"B-1 , Jal Board Road , Near DAV","School, Vasant Kunj",New Delhi,29,77,02 bike collided with each other as one was coming in wrong direction . All the occupants of the bikes gor injured and were taken to hospital .,3958,2,NA,Opposite Direction,39580302184,VASANTKUNJNORTH,Vasant Kunj North,Delhi,Delhi,South west,Vasant Kunj,Vasant Kunj,28.520518,77.163405
20-07-2022,04:33 PM,210426,Ashwani,2022-06-03T00:00:00Z,0426,184,03:00,2021-11-20T00:00:00Z,Unknown,TRUE,FALSE,FALSE,Fatal Crash,1,0,2,NA,NA,"Mahipalpur flyover , Towards Delhi",Near NCRB office,NA,29,77,A motorcyclist was hit by unknow vehicle and died .,3959,3,West,Unknown,"39590426
0426184",VASANTKUNJNORTH,Vasant Kunj North,Delhi,Delhi,South west,Vasant Kunj,Vasant Kunj,28.555271,77.131992
20-07-2022,04:33 PM,210115,Ashwani,2022-06-03T00:00:00Z,0115,185,21:45,2021-03-10T00:00:00Z,Hit Pedestrian,TRUE,FALSE,FALSE,Fatal Crash,1,0,1,Unknown,NA,"Mahipalpur Flyover , near Radisson Hotel","Mahipalpur , New Delhi",NA,29,77,A cab driver was changing his car's tyre when he was hit by a speeding SUV car . The victim flung in the air due to impact and fell down from the flyover . When he was taken to hospital by public was declared DOA .,3960,3,NA,Same Direction,39600115185,VASANTKUNJSOUTH,Vasant Kunj South,Delhi,Delhi,South west,Vasant Kunj,Vasant Kunj,28.54444,77.12049
20-07-2022,04:33 PM,210381,Ashwani,2022-06-03T00:00:00Z,0381,185,20:45,2021-07-07T00:00:00Z,Backend Collision,FALSE,FALSE,FALSE,Fatal Crash,1,0,2,Unknown,NA,"Mahipalpur Flyover, near",IGI Airport  cut,NA,29,77,A scooty was hit by a car due to the impact the rider flung in the air and fell down from the flyover and died .,3961,4,West,Same Direction,39610381185,VASANTKUNJSOUTH,Vasant Kunj South,Delhi,Delhi,South west,Vasant Kunj,Vasant Kunj,28.54529,77.12111
20-07-2022,04:33 PM,210387,Ashwani,2022-06-03T00:00:00Z,0387,185,20:30,2021-07-11T00:00:00Z,Backend Collision,TRUE,FALSE,FALSE,Fatal Crash,1,1,2,Unknown,NA,"On service lane NH-8, near DEE Mark","Hotel, Rangpuri Delhi",NA,29,77,"A bike was hit by a cluster bus from behind , due to the impact the rider fell in front on the bus and got rolled over by the rear wheels . The pillion rider was alsoinjured in the crash .",3962,4,South west,Same Direction,39620387185,VASANTKUNJSOUTH,Vasant Kunj South,Delhi,Delhi,South west,Vasant Kunj,Vasant Kunj,28.53572,77.11257
20-07-2022,04:33 PM,210085,Ashwani,2022-06-03T00:00:00Z,0085,185,23:30,2021-02-23T00:00:00Z,Single Vehicle Overturn,FALSE,FALSE,FALSE,Fatal Crash,1,0,1,Unknown,NA,"Near Shiv Mandir, Rangpuri Pahari",New Delhi,NA,29,77,A bike overturned after hitting an electric pole  and  the rider got injured and died .,3963,4,NA,Not Applicable,39630085185,VASANTKUNJSOUTH,Vasant Kunj South,Delhi,Delhi,South west,Vasant Kunj,Vasant Kunj,28.536878,77.135153
20-07-2022,04:33 PM,210157,Ashwani,2022-06-03T00:00:00Z,0157,185,20:30,2021-04-06T00:00:00Z,Single Vehicle Overturn,FALSE,FALSE,FALSE,Fatal Crash,1,0,1,Unknown,NA,Near Ryan Intl. School,"Vasant Kunj, New Delhi",NA,29,77,A scooty rider fell from his bike and got injured and later succumed to his injuries and died in hospital.,3964,2,NA,Not Applicable,39640157185,VASANTKUNJSOUTH,Vasant Kunj South,Delhi,Delhi,South west,Vasant Kunj,Vasant Kunj,28.537749,77.137945
20-07-2022,04:33 PM,210163,Ashwani,2022-06-03T00:00:00Z,0163,185,08:30,2021-04-10T00:00:00Z,Hit Pedestrian,FALSE,FALSE,FALSE,Fatal Crash,1,0,1,Unknown,NA,"Near ISIC Hospital ,","Vasant Kunj,",New Delhi,29,77,"A lady pedestrian was hit by a motorcycle and got injured , she was rushed to hospital in auto and later died under treatment .",3965,2,NA,Perpendicular Direction,39650163185,VASANTKUNJSOUTH,Vasant Kunj South,Delhi,Delhi,South west,Vasant Kunj,Vasant Kunj,28.534055,77.142396
20-07-2022,04:33 PM,210373,Ashwani,2022-06-03T00:00:00Z,0373,185,05:00,2021-07-02T00:00:00Z,Unknown,TRUE,FALSE,FALSE,Fatal Crash,1,0,2,Unknown,NA,"Near Mahipalpur BY Pass,","Flyover , Delhi",NA,29,77,A cyclist was hit by an unknown vehicle and died on the spot .,3966,3,South west,Unknown,39660373185,VASANTKUNJSOUTH,Vasant Kunj South,Delhi,Delhi,South west,Vasant Kunj,Vasant Kunj,28.540527,77.129749
20-07-2022,04:33 PM,210377,Ashwani,2022-06-03T00:00:00Z,0377,185,18:30,2021-07-05T00:00:00Z,Hit Pedestrian,TRUE,FALSE,FALSE,Fatal Crash,1,4,1,Unknown,NA,"Plot Khasra No 1806,","Nala Camp, Rangpuri,",Delhi,29,77,A truck driver had hit a wall which fell on 05 kids who where playing near it . One child died and 04 were injured.,3967,4,West,Unknown,39670377185,VASANTKUNJSOUTH,Vasant Kunj South,Delhi,Delhi,South west,Vasant Kunj,Vasant Kunj,28.527556,77.146844
20-07-2022,04:33 PM,210001,Ashwani,2022-06-03T00:00:00Z,0001,185,21:30,2021-12-31T00:00:00Z,Backend Collision,FALSE,FALSE,FALSE,Fatal Crash,1,0,2,Unknown,NA,"NH-8,Near Link Road Towards","Dwarka , Delhi",NA,29,77,A tempo crashed into a stationary truck which had broken down . The impact caused fire in Tempo and fatal injuries to the driver . The Driver died on the spot .,3968,6,NA,Same Direction,39680001185,VASANTKUNJSOUTH,Vasant Kunj South,Delhi,Delhi,South west,Vasant Kunj,Vasant Kunj,NA,NA
20-07-2022,04:33 PM,210073,Ashwani,2022-06-03T00:00:00Z,0073,185,11:22,2021-02-15T00:00:00Z,Unknown,TRUE,FALSE,FALSE,Fatal Crash,1,0,2,Unknown,NA,"Near Nitish Kunj Farm House ,","Service Road , Delhi to",Gurugram,29,77,A bike rider was hit by unknown vehicle and got injured .,3969,8,NA,Unknown,39690073185,VASANTKUNJSOUTH,Vasant Kunj South,Delhi,Delhi,South west,Vasant Kunj,Vasant Kunj,28.52853,77.103245
20-07-2022,04:33 PM,210121,Ashwani,2022-06-03T00:00:00Z,0121,185,12:35,2021-03-15T00:00:00Z,Unknown,TRUE,FALSE,FALSE,Fatal Crash,1,0,2,Unknown,NA,"Rajokri Flyover , Delhi to Gurugram","Rajokri , Delhi",NA,29,77,"A scooty was it by unknown vehicle , causing injuries to the rider and pillion .",3970,10,South,Unknown,39700121185,VASANTKUNJSOUTH,Vasant Kunj South,Delhi,Delhi,South west,Vasant Kunj,Vasant Kunj,28.528653,77.103316
20-07-2022,04:33 PM,210239,Ashwani,2022-06-03T00:00:00Z,0239,185,07:30,2021-05-05T00:00:00Z,Unknown,TRUE,FALSE,FALSE,Fatal Crash,1,0,2,Unknown,NA,"Near Nikunj Hotel , NH-8","Service Lane , Rajokri , Delhi",NA,29,77,A bicycle rider was hit by a bus and taken to hospital in the same offending bus.,3971,8,NA,Unknown,39710239185,VASANTKUNJSOUTH,Vasant Kunj South,Delhi,Delhi,South west,Vasant Kunj,Vasant Kunj,28.520311,77.097356
20-07-2022,04:33 PM,210288,Ashwani,2022-06-03T00:00:00Z,0288,185,22:45,2021-05-22T00:00:00Z,Single Vehicle Hit Fixed Object,FALSE,FALSE,FALSE,Fatal Crash,1,0,1,Unknown,NA,"Rajokri Border Picket , Delhi",NA,NA,29,77,A bike rider rammed his bike into police barracked and injured himself .,3972,8,NA,Not Applicable,39720288185,VASANTKUNJSOUTH,Vasant Kunj South,Delhi,Delhi,South west,Vasant Kunj,Vasant Kunj,28.514502,77.093499
20-07-2022,04:33 PM,210376,Ashwani,2022-06-03T00:00:00Z,NA,185,17:45,2021-07-03T00:00:00Z,Unknown,FALSE,FALSE,FALSE,Fatal Crash,1,0,1,Unknown,NA,"NH-8 , Near Shiv Murti , Delhi",NA,NA,29,77,"A bike rider was hit by unknown vehicle , no details available about the crash.",3973,6,South West,Unknown,3973NA185,VASANTKUNJSOUTH,Vasant Kunj South,Delhi,Delhi,South west,Vasant Kunj,Vasant Kunj,NA,NA
20-07-2022,04:33 PM,210586,Ashwani,2022-06-06T00:00:00Z,0586,185,03:20,2021-11-18T00:00:00Z,Unknown,TRUE,FALSE,FALSE,Fatal Crash,1,0,2,Unknown,NA,Under Rajokri Flyover,From Gurugram to Delhi side,NA,29,77,A bike rider was hit by unknown vehicle and got injured . He was taken to hospital by CATS ambulance .,3974,7,south,Unknown,39740586185,VASANTKUNJSOUTH,Vasant Kunj South,Delhi,Delhi,South west,Vasant Kunj,Vasant Kunj,28.521497,77.09846
20-07-2022,04:33 PM,210591,Ashwani,2022-06-06T00:00:00Z,0591,185,06:00,2021-11-24T00:00:00Z,Hit Pedestrian,FALSE,FALSE,FALSE,Fatal Crash,1,1,1,Unknown,NA,Ryan school Red Light,Mahipalpur Delhi,NA,29,77,A bike rider hit a pedestrian and both got injured due to the impact . They both were taken to hospital by ambulance .,3975,5,South,Perpendicular Direction,39750591185,VASANTKUNJSOUTH,Vasant Kunj South,Delhi,Delhi,South west,Vasant Kunj,Vasant Kunj,28.537534,77.138664