Auto_Date,Auto_Time,Form_No,Entry_Personnel,Filled_Date,FIR_No,Police_Station,Time_Of_Crash,Date_Of_Crash,Collision_Type,Hit_and_Run,Special_Case,Case File Available,Crash_Severity,No_Of_ Fatalities,No_Of_ Injured,No_Of_Vehicles,Location,Road_Type,Road_1,Road_2,Road_3,GPS_Lat,GPS_Long,Note,Crash_ID,Distance_From_Landmark,Text97,Veh_Rel_Travel_Dir,Crash_ID_new,PS_Name,PS_Name_New,PS_State,PS_Dist,div_DCP,Sb_div_ACP,Circle_TI,Latitude,Longitude
20-07-2022,04:33 PM,210616,Ashwani,2022-06-06T00:00:00Z,0616,185,12:15,2021-12-05T00:00:00Z,Head on Collision,FALSE,FALSE,FALSE,Fatal Crash,1,0,2,Unknown,NA,Near Celebration Garden,"Rangpuri, Mahipalpur",Delhi,29,77,A Cluster bus and scooty were involved in crash . This resulted in injuries to the scooty rider .,3976,6,West,Opposite Direction,39760616185,VASANTKUNJSOUTH,Vasant Kunj South,Delhi,Delhi,South west,Vasant Kunj,Vasant Kunj,28.536889,77.114447
20-07-2022,04:33 PM,210662,Ashwani,2022-06-06T00:00:00Z,0662,185,07:30,2021-12-26T00:00:00Z,Single Vehicle Hit Fixed Object,FALSE,FALSE,FALSE,Fatal Crash,1,2,1,Unknown,NA,"On Delhi Gurugram Road ,","Near Mahipalpur , Delhi",NA,29,77,A Car driver had hit the divider on the road injuring the occupats .,3977,5,South West,Not Applicable,39770662185,VASANTKUNJSOUTH,Vasant Kunj South,Delhi,Delhi,South west,Vasant Kunj,Vasant Kunj,28.538189,77.092432
20-07-2022,04:33 PM,210037,Ashwani,2022-06-06T00:00:00Z,0037,185,23:20,2021-02-25T00:00:00Z,Unknown,FALSE,FALSE,FALSE,Fatal Crash,1,0,2,Unknown,NA,"Near Bengali Sweets , A Block Market ,","Near Kothi no 2, Vasant Vihar",New Delhi.,29,77,A car and scooty were involved in crash .,3978,2,NA,Unknown,39780037185,VASANTKUNJSOUTH,Vasant Kunj South,Delhi,Delhi,South west,Vasant Kunj,Vasant Kunj,NA,NA
20-07-2022,04:33 PM,210204,Ashwani,2022-06-06T00:00:00Z,0204,185,22:30,2021-09-11T00:00:00Z,Hit Pedestrian,TRUE,FALSE,FALSE,Fatal Crash,1,0,1,Unknown,NA,"Poorvi Marg , Near Surajbhan","DAV Public School,",Vasant Vihar,29,77,A pedestrian was hit by a car . He was rushed to hopital in PCR van .,3979,1,West,Unknown,39790204185,VASANTKUNJSOUTH,Vasant Kunj South,Delhi,Delhi,South west,Vasant Kunj,Vasant Kunj,NA,NA
20-07-2022,04:33 PM,210326,Ashwani,2022-06-06T00:00:00Z,0326,187,18:30,2021-07-02T00:00:00Z,Sideswipe (Same Direction),TRUE,FALSE,FALSE,Fatal Crash,1,1,2,Unknown,NA,"Shamshaan Bhoomi Road,",Budh Vihar Phase 1,Delhi,29,77,A scooty was hit side ways by a truck injuring the pillion rider and when taken to hospital in E rickshaw was declared DOA by doctor .,3980,2,NA,Same Direction,39800326187,VIJAYVIHAR,Vijay Vihar,Delhi,Delhi,Rohini,Rohini,Rohini,28.717575,77.095076
20-07-2022,04:33 PM,210049,Ashwani,2022-06-06T00:00:00Z,0049,188,21:00,2021-01-21T00:00:00Z,Backend Collision,FALSE,FALSE,FALSE,Fatal Crash,1,0,2,Unknown,NA,On Flyover Peeragarhi to Janakpuri,Opp. Arora Medical store,"Mahavir Nagar , Delhi",29,77,A bike rider was hit from behind by an auto causing fall of the bike rider from the flyover and causing fatal injuries to him .,3981,2,North  East,Same Direction,39810049188,NA,NA,NA,NA,NA,NA,NA,NA,NA
20-07-2022,04:33 PM,210054,Ashwani,2022-06-06T00:00:00Z,0054,188,22:45,2021-01-24T00:00:00Z,Unknown,TRUE,FALSE,FALSE,Fatal Crash,1,0,2,Unknown,NA,"Near Chandar Vihar Nala,","Picket Road no235, Vikas Puri",NA,29,77,A Scooty rider was hit by unknown car .He was taken to hospital by public person .,3982,3,North East,Unknown,39820054188,NA,NA,NA,NA,NA,NA,NA,NA,NA
20-07-2022,04:33 PM,210094,Ashwani,2022-06-06T00:00:00Z,0094,188,15:00,2021-02-21T00:00:00Z,Backend Collision,FALSE,FALSE,FALSE,Fatal Crash,1,0,2,Unknown,NA,"Near Fish Market,","Ganda Nala Road,Vikaspuri",New Delhi,29,77,One scooty rider was hit by a car . The pillion got injured in the crash and later died due to injuries in the hospital.,3983,2,North West,Same Direction,39830094188,NA,NA,NA,NA,NA,NA,NA,NA,NA
20-07-2022,04:33 PM,210125,Ashwani,2022-06-06T00:00:00Z,0125,188,18:24,2021-03-13T00:00:00Z,Hit Pedestrian,TRUE,FALSE,FALSE,Fatal Crash,1,0,1,Unknown,NA,"Opp. Pillar no 612,","Najafgarh Road , Vikaspuri ,Delhi",NA,29,77,"A pedestrian was hit by unknown vehicle , no other details available .",3984,1,South East,Unknown,39840125188,NA,NA,NA,NA,NA,NA,NA,NA,NA
20-07-2022,04:33 PM,210209,Ashwani,2022-06-06T00:00:00Z,0209,188,00:00,2021-04-18T00:00:00Z,Hit Pedestrian,TRUE,FALSE,FALSE,Fatal Crash,1,0,1,Unknown,NA,Main Road Opp. Monika Café,"Block GG-1, Vikaspuri",New Delhi,29,77,A pedestrian was hit by unknown vehicle and died on the spot.,3985,1,North East,Unknown,39850209188,NA,NA,NA,NA,NA,NA,NA,NA,NA
20-07-2022,04:33 PM,210388,Ashwani,2022-06-06T00:00:00Z,0388,188,06:00,2021-07-04T00:00:00Z,Backend Collision,FALSE,FALSE,FALSE,Fatal Crash,1,1,2,Unknown,NA,Najafgarh to Uttam Nagar Road,"Near Unity Mall ,",Janankpuri,29,77,An E rickshaw was hit by a car taxi and injured the rider and pillion passenger .,3986,1,South East,Same Direction,39860388188,NA,NA,NA,NA,NA,NA,NA,NA,NA
20-07-2022,04:33 PM,210402,Ashwani,2022-06-06T00:00:00Z,0402,188,06:57,2021-07-09T00:00:00Z,Unknown,FALSE,FALSE,FALSE,Fatal Crash,1,0,2,Unknown,NA,"Near Dhouli Payu,Red Light","Najafgarh Road , Vikaspuri , Delhi",NA,29,77,A cyclist was hit by a tempo . The cyclist was taken to hospital and was declared DOA .,3987,1,Nort West,Unknown,39870402188,NA,NA,NA,NA,NA,NA,NA,NA,NA
20-07-2022,04:33 PM,210415,Ashwani,2022-06-06T00:00:00Z,0415,188,19:36,2021-07-15T00:00:00Z,Hit Pedestrian,TRUE,FALSE,FALSE,Fatal Crash,1,0,1,Unknown,NA,"Near Keshopur ,  Sabzi Mandi","Vikaspuri , Delhi",NA,29,77,A pedestrian was hit by unknown vehicle and taken to hospital .,3988,3,North East,Unknown,39880415188,NA,NA,NA,NA,NA,NA,NA,NA,NA
20-07-2022,04:33 PM,210543,Ashwani,2022-06-06T00:00:00Z,0543,188,11:30,2021-08-31T00:00:00Z,Backend Collision,TRUE,FALSE,FALSE,Fatal Crash,1,0,2,Unknown,NA,"Near Aggarwal Sweets ,","D Block , Vikaspuri",Delhi,29,77,A cyclist was hit by a scooty rider from behind and got injured .,3989,0,North,Same Direction,39890543188,NA,NA,NA,NA,NA,NA,NA,NA,NA
20-07-2022,04:33 PM,210585,Ashwani,2022-06-06T00:00:00Z,0585,188,00:15,2021-09-22T00:00:00Z,Hit Pedestrian,TRUE,FALSE,FALSE,Fatal Crash,1,0,1,Unknown,NA,"H-364, Vikaspuri Main Road",Vikaspuri,NA,29,77,A pedestrian was hit by unknown vehicle .,3990,2,NA,Unknown,39900585188,NA,NA,NA,NA,NA,NA,NA,NA,NA
20-07-2022,04:33 PM,210588,Ashwani,2022-06-06T00:00:00Z,0588,188,16:58,2021-09-23T00:00:00Z,Hit Pedestrian,TRUE,FALSE,FALSE,Fatal Crash,1,0,1,Unknown,NA,"DAV School , Vikaspuri",Road No 236,NA,29,77,A pedestrian was hit by unknown vehicle .,3991,1,NA,Unknown,39910588188,NA,NA,NA,NA,NA,NA,NA,NA,NA
20-07-2022,04:33 PM,210612,Ashwani,2022-06-06T00:00:00Z,0612,188,12:10,2021-10-04T00:00:00Z,Unknown,TRUE,FALSE,FALSE,Fatal Crash,1,0,2,Unknown,NA,"Ring Road Vikaspuri,","Pillar no 41,Peeragarhi to",Janakpuri Road,29,77,A Bike rider was hit by DTC bus and the rider got injured and when taken to hospital by CATS ambulance was declared DOA.,3992,1,North,Unknown,39920612188,NA,NA,NA,NA,NA,NA,NA,NA,NA
20-07-2022,04:33 PM,210626,Ashwani,2022-06-06T00:00:00Z,0626,188,16:00,2021-10-13T00:00:00Z,Hit Pedestrian,TRUE,FALSE,FALSE,Fatal Crash,1,0,1,Unknown,NA,Near Keshopur Mandi,NA,NA,29,77,"A pedestrian was brought dead to hospital by public person , no other details available .",3993,1,NA,Unknown,39930626188,NA,NA,NA,NA,NA,NA,NA,NA,NA
20-07-2022,04:33 PM,210628,Ashwani,2022-06-07T00:00:00Z,0628,188,15:30,2021-10-14T00:00:00Z,Sideswipe (Same Direction),FALSE,FALSE,FALSE,Fatal Crash,1,1,2,Unknown,NA,"Behind Panchvati Apartment,","On Vikaspuri Nala Road,",Vikaspuri Delhi,29,77,"A scooty was hit by truck on left turn , killing the scooty rider and injuring the pillion rider.",3994,2,NA,Same Direction,39940628188,NA,NA,NA,NA,NA,NA,NA,NA,NA
20-07-2022,04:33 PM,210660,Ashwani,2022-06-07T00:00:00Z,0660,188,16:32,2021-10-26T00:00:00Z,Unknown,TRUE,FALSE,FALSE,Fatal Crash,1,0,2,Unknown,NA,Flyover Ring Road,From Peeragarhi towards Janakpuri,NA,29,77,A motorcyclist was hit by unknown vehicle and taken to hospital by public person .,3995,1,NA,Unknown,39950660188,NA,NA,NA,NA,NA,NA,NA,NA,NA
20-07-2022,04:33 PM,210684,Ashwani,2022-06-07T00:00:00Z,0684,188,01:00,2021-11-07T00:00:00Z,Backend Collision,FALSE,FALSE,FALSE,Fatal Crash,1,3,2,Unknown,NA,Peeragarhi to Janakpuri Flyover,NA,NA,29,77,A tempo loaded with cement bags was hit from behind by a cement truck . The impact overturned the tempo and injured the occupants .,3996,1,East,Same Direction,39960684188,NA,NA,NA,NA,NA,NA,NA,NA,NA
20-07-2022,04:33 PM,210774,Ashwani,2022-06-07T00:00:00Z,0774,188,03:52,2021-12-11T00:00:00Z,Hit Pedestrian,TRUE,FALSE,FALSE,Fatal Crash,1,0,1,Unknown,NA,Near Reliance Mall,"C-67 , Vikaspuri Delhi",NA,29,77,A pedestrian was hit by unknown vehicle and was found injured on road and taken to hospital by PCR.,3997,0,NA,Unknown,39970774188,NA,NA,NA,NA,NA,NA,NA,NA,NA
20-07-2022,04:33 PM,210777,Ashwani,2022-06-07T00:00:00Z,0777,188,06:45,2021-12-13T00:00:00Z,Hit Pedestrian,FALSE,FALSE,FALSE,Fatal Crash,1,1,1,Unknown,NA,Near Jhuggi No W-65/184,"Camp no 3 , Vikas puri, Delhi",Near Vaishali Apartment,29,77,"Two pedestrians were hit by a car , both got injured in the crash .",3998,2,NA,Not Applicable,39980777188,NA,NA,NA,NA,NA,NA,NA,NA,NA
20-07-2022,04:33 PM,210013,Ashwani,2022-06-07T00:00:00Z,0013,189,04:00,2021-01-09T00:00:00Z,Unknown,TRUE,FALSE,FALSE,Fatal Crash,1,0,2,Unknown,NA,"Near Surya Nagar Red Light,","Deepak Petrol Pump ,","Shahdara , Delhi",29,77,"A bike rider was hit by unknown vehicle , The rider got injured and died on the spot.",3999,1,NA,Unknown,39990013189,VIVEKVIHAR,Vivek Vihar,Delhi,Delhi,Shahdara,Gandhi Nagar,Vivek Vihar,28.669625,77.322467
20-07-2022,04:33 PM,210066,Ashwani,2022-06-07T00:00:00Z,0066,189,16:50,2021-03-15T00:00:00Z,Unknown,TRUE,FALSE,FALSE,Fatal Crash,1,1,2,Unknown,NA,"Surajmal Park , Near East End Club","Vivek Vihar , Delhi",NA,29,77,A bike was hit by unknown vehicle injuring both the rider and pillion .,4000,0,West,Unknown,40000066189,VIVEKVIHAR,Vivek Vihar,Delhi,Delhi,Shahdara,Gandhi Nagar,Vivek Vihar,28.665556,77.30325
20-07-2022,04:33 PM,210081,Ashwani,2022-06-07T00:00:00Z,0081,189,21:05,2021-03-30T00:00:00Z,Unknown,FALSE,FALSE,FALSE,Fatal Crash,1,1,2,Unknown,NA,"Roan no 56, Near Footover Bridge","Shahdara, Delhi",NA,29,77,One bike rider and bicycle rider met with collision .,4001,1,NA,Unknown,40010081189,VIVEKVIHAR,Vivek Vihar,Delhi,Delhi,Shahdara,Gandhi Nagar,Vivek Vihar,28.668505,77.250782
20-07-2022,04:33 PM,210108,Ashwani,2022-06-07T00:00:00Z,0108,189,08:53,2021-04-10T00:00:00Z,Hit Pedestrian,TRUE,FALSE,FALSE,Fatal Crash,1,0,1,Unknown,NA,"Near Ramaprastha Red Light ,",Towards Anand Vihar .,NA,29,77,A pedestrian was hit by unknown vehicle and rushed to hospital in CATS ambulance .,4002,2,East,Unknown,40020108189,VIVEKVIHAR,Vivek Vihar,Delhi,Delhi,Shahdara,Gandhi Nagar,Vivek Vihar,28.659396,77.319552
20-07-2022,04:33 PM,210251,Ashwani,2022-06-07T00:00:00Z,0251,189,23:15,2021-06-07T00:00:00Z,Unknown,TRUE,FALSE,FALSE,Fatal Crash,1,0,2,Unknown,NA,"Road no 56, Near Ragunath","Mandir , Shahdara",Delhi,29,77,A bike rider was found injured and taken to hospital by family person .,4003,2,East,Unknown,40030251189,VIVEKVIHAR,Vivek Vihar,Delhi,Delhi,Shahdara,Gandhi Nagar,Vivek Vihar,28.664169,77.320412
20-07-2022,04:33 PM,210331,Ashwani,2022-06-07T00:00:00Z,0331,189,10:43,2021-07-31T00:00:00Z,Hit Pedestrian,TRUE,FALSE,FALSE,Fatal Crash,1,0,1,Unknown,NA,"Near Balaji Mandir ,","Vivek Vihar , Delhi",NA,29,77,A pedestrian lady was found injured on road and taken to hospital by CATS ambulance .,4004,2,North East,Unknown,40040331189,VIVEKVIHAR,Vivek Vihar,Delhi,Delhi,Shahdara,Gandhi Nagar,Vivek Vihar,28.667115,77.317832
20-07-2022,04:33 PM,210670,Ashwani,2022-06-07T00:00:00Z,0670,189,10:40,2021-11-17T00:00:00Z,Backend Collision,TRUE,FALSE,FALSE,Fatal Crash,1,0,2,Unknown,NA,"Surya Nagar Red Light ,","Petrol Pump , Seemapuri Road .",NA,29,77,A motorcycle was hit from behind by a truck . The rider of bike sustained fatal injuries .,4005,1,North east,Same Direction,40050670189,VIVEKVIHAR,Vivek Vihar,Delhi,Delhi,Shahdara,Gandhi Nagar,Vivek Vihar,28.684767,77.325889
20-07-2022,04:33 PM,210421,Ashwani,2022-06-07T00:00:00Z,0421,189,06:30,2021-08-30T00:00:00Z,Unknown,TRUE,FALSE,FALSE,Fatal Crash,1,0,2,Unknown,NA,"Near Dilshad Garden ,",Flyover Underpass.,NA,29,77,A motorcyclist was hit by unknown vehicle causing injuries to the rider .,4006,2,North East,Unknown,40060421189,VIVEKVIHAR,Vivek Vihar,Delhi,Delhi,Shahdara,Gandhi Nagar,Vivek Vihar,28.676107,77.315418
20-07-2022,04:33 PM,210030,Ashwani,2022-06-07T00:00:00Z,0030,190,15:00,2021-01-11T00:00:00Z,Hit Pedestrian,TRUE,FALSE,FALSE,Fatal Crash,1,0,1,Unknown,NA,Wazirabad Flyover T Point,NA,NA,29,77,A pedestrian was hit by a truck . The injured pedestrian was taken to hospital in PCR van where he was declared DOA .,4007,1,North,Unknown,40070030190,WAZIRABAD,Wazirabad,Delhi,Delhi,North,Civil Lines,Timarpur,28.711331,77.226615
20-07-2022,04:33 PM,210521,Ashwani,2022-06-07T00:00:00Z,0521,190,16:00,2021-07-07T00:00:00Z,Backend Collision,TRUE,FALSE,FALSE,Fatal Crash,1,1,1,Unknown,NA,"Ring Road , Near Gandhi Nagar","Red Light , Towards ISBT",NA,29,77,A bike was hit from behind by an unknown truck . The rider and pillion were taken to hospital by an auto driver . Upon reaching hospital the rider was declared DOA .,4008,2,North,Same Direction,40080521190,WAZIRABAD,Wazirabad,Delhi,Delhi,North,Civil Lines,Timarpur,28.721127,77.218496
20-07-2022,04:33 PM,210540,Ashwani,2022-06-07T00:00:00Z,0540,190,08:30,2021-07-16T00:00:00Z,Single Vehicle Overturn,FALSE,FALSE,FALSE,Fatal Crash,1,0,1,Unknown,NA,"Near Jagat Pur Flyover,","Road Towards Jharoda ,",Metro Pillar P-300,29,77,An auto overturned due to high speed and injuring the passenger.,4009,3,North west,Not Applicable,40090540190,WAZIRABAD,Wazirabad,Delhi,Delhi,North,Civil Lines,Timarpur,28.730484,77.198411
20-07-2022,04:33 PM,210646,Ashwani,2022-06-07T00:00:00Z,0646,190,12:30,2021-08-16T00:00:00Z,Unknown,TRUE,FALSE,FALSE,Fatal Crash,1,0,2,Unknown,NA,"Outer Ring road ,","Gandhi vihar CNG Pump ,",Towards Burari,29,77,A motorcycle rider was hit by unknown vehicle and dide on the spot due to injuries .,4010,3,North,Unknown,40100646190,WAZIRABAD,Wazirabad,Delhi,Delhi,North,Civil Lines,Timarpur,28.720991,77.215534
20-07-2022,04:33 PM,210812,Ashwani,2022-06-07T00:00:00Z,0812,190,23:37,2021-10-31T00:00:00Z,Unknown,TRUE,FALSE,FALSE,Fatal Crash,1,0,2,Unknown,NA,"Before Gopalpur Red Light ,",Towards Burari Lane,NA,29,77,A scooty rider was hit  by unknown vehicle and he dide due to injuries on the spot .,4011,2,North,Unknown,40110812190,WAZIRABAD,Wazirabad,Delhi,Delhi,North,Civil Lines,Timarpur,28.7225100973005,77.2148343746063
20-07-2022,04:33 PM,210818,Ashwani,2022-06-07T00:00:00Z,0818,190,01:55,2021-11-10T00:00:00Z,Single Vehicle Hit Fixed Object,FALSE,FALSE,FALSE,Fatal Crash,1,1,1,Unknown,NA,"Outer Ring Road , Jagatpur Flyover",NA,NA,29,77,A truck crashed into the divider and pole on nthe road . The crash injured the pillion inside the truck and killed the driver .,4012,1,North,Not Applicable,40120818190,WAZIRABAD,Wazirabad,Delhi,Delhi,North,Civil Lines,Timarpur,28.720603,77.220482
20-07-2022,04:33 PM,210819,Ashwani,2022-06-07T00:00:00Z,0819,190,23:23,2021-11-10T00:00:00Z,Unknown,FALSE,FALSE,FALSE,Fatal Crash,1,2,2,Unknown,NA,"Flyover Sangam Vihar , Wazirabad",Delhi,NA,29,77,"Two Motorcycles crashed into each other , causing injuries to all the occupants .",4013,1,North,Same Direction,40130819190,WAZIRABAD,Wazirabad,Delhi,Delhi,North,Civil Lines,Timarpur,28.723206,77.216974
20-07-2022,04:33 PM,210824,Ashwani,2022-06-07T00:00:00Z,0824,190,00:01,2021-11-12T00:00:00Z,Hit Pedestrian,TRUE,FALSE,FALSE,Fatal Crash,1,0,1,Unknown,NA,"Main Jagatpur Road, Near","Allahbad Bank , Jagatpur Village",Delhi,29,77,An unknown pedestrian was hit by unknown vehicle and died on the spot .,4014,3,North,Unknown,40140824190,WAZIRABAD,Wazirabad,Delhi,Delhi,North,Civil Lines,Timarpur,28.738481,77.218651
20-07-2022,04:33 PM,210834,Ashwani,2022-06-07T00:00:00Z,0834,190,06:00,2021-11-20T00:00:00Z,Hit Pedestrian,FALSE,FALSE,FALSE,Fatal Crash,1,0,1,Unknown,NA,"On Burari Flyover , Outer Ring Road,",From Karnal Bypass to ISBT,NA,29,77,A Tempo helper was checking the tyre of his vehicle when he was hit by another car and died on the spot .,4015,3,North,Same Direction,40150834190,WAZIRABAD,Wazirabad,Delhi,Delhi,North,Civil Lines,Timarpur,28.728223,77.199878
20-07-2022,04:33 PM,210882,Ashwani,2022-06-07T00:00:00Z,0882,190,22:45,2021-12-14T00:00:00Z,Backend Collision,FALSE,FALSE,FALSE,Fatal Crash,1,0,2,Unknown,NA,"Outer Ring Road , NearBurari Flyover",NA,NA,29,77,A bike rider was hit and killed by a truck while the truck driver was reversing the vehicle .,4016,4,North,Opposite Direction,40160882190,WAZIRABAD,Wazirabad,Delhi,Delhi,North,Civil Lines,Timarpur,28.727127,77.203263
20-07-2022,04:33 PM,210278,Ashwani,2022-06-07T00:00:00Z,0278,445,23:05,2021-05-28T00:00:00Z,Single Vehicle Overturn,FALSE,FALSE,FALSE,Fatal Crash,1,0,1,Unknown,NA,"66 Futa Road , Under",Maujpur Metro Station,NA,29,77,A bike overturned injuring and killing the rider .,4017,2,North,Not Applicable,40170278445,WELCOMECOLONY,Welcome Colony,Delhi,Delhi,North East,Bhajan Pura,Bhajan Pura,28.691517,77.279114
20-07-2022,04:33 PM,210068,Ashwani,2022-06-07T00:00:00Z,0068,445,23:15,2021-01-24T00:00:00Z,Single Vehicle Overturn,FALSE,FALSE,FALSE,Fatal Crash,1,1,1,Unknown,NA,"ON Welcome Flyover ,",Shahdara to Seelampur,NA,29,77,A bike overturned injuring the rider and the pillion rider .,4018,0,North East,Not Applicable,40180068445,WELCOMECOLONY,Welcome Colony,Delhi,Delhi,North East,Bhajan Pura,Bhajan Pura,28.672463,77.27617
20-07-2022,04:33 PM,210204,Ashwani,2022-06-07T00:00:00Z,0204,445,14:30,2021-04-09T00:00:00Z,Hit Pedestrian,TRUE,FALSE,FALSE,Fatal Crash,1,0,1,Unknown,NA,"Shyamlal college Underpass,",Delhi,NA,29,77,A pedestrian was hit by unknow vehicle .,4019,1,South East,Unknown,40190204445,WELCOMECOLONY,Welcome Colony,Delhi,Delhi,North East,Bhajan Pura,Bhajan Pura,28.673323,77.281897
20-07-2022,04:33 PM,210677,Ashwani,2022-06-07T00:00:00Z,0677,53,02:40,2021-12-28T00:00:00Z,Hit Pedestrian,TRUE,FALSE,FALSE,Fatal Crash,1,0,1,Unknown,NA,66 Futa Road Near PS,"Jafrabad, Speed Breaker",NA,29,77,A pedestrian was hit by unknown vehicle and was declared Dead when taken to hospital .,4020,0,North,Not Applicable,4020067753,ZAFRABAD,Jaffrabad,Delhi,Delhi,North East,Bhajan Pura,Bhajan Pura,28.678747,77.272925
20-07-2022,04:35 PM,210069,Anisha,2022-04-26T00:00:00Z,0069,2,22:47,2021-02-15T00:00:00Z,Right Angle Crash,FALSE,FALSE,FALSE,Fatal Crash,1,1,2,Unknown,NA,"Tajpur Road, Singhu Village",Delhi,NA,29,77,The motorcycle was hit on the left side by a truck and the pillion rider came under back side of the truck's tyre and the rider fall down. The pillion rider was declared brought dead by the doctor after they reached hospital.,3446,4,North-East,Perpendicular Direction,344600692,ALIPUR,AliPur,Delhi,Delhi,Outer North,Samai Pur Badli,Samai Pur Badli,28.852249,77.12703
20-07-2022,04:35 PM,210099,Anisha,2022-04-26T00:00:00Z,0099,2,23:00,2021-03-07T00:00:00Z,Right Angle Crash,TRUE,FALSE,FALSE,Fatal Crash,1,0,2,Unknown,NA,Towards Jindpur Flyover,"G.T.K Road, Singhu Border",Alipur Delhi,29,77,"Due to the U-turn of an unknown vehicle, the motorcyclist got hit by an unknown vehicle and the driver got injured and was taken to the hospital by PCR van and was declared brought dead by the doctor.",3447,3,North-East,Perpendicular Direction,344700992,ALIPUR,AliPur,Delhi,Delhi,Outer North,Samai Pur Badli,Samai Pur Badli,28.794232,77.143909
20-07-2022,04:35 PM,210108,Anisha,2022-04-26T00:00:00Z,0108,2,20:40,2021-03-12T00:00:00Z,Backend Collision,TRUE,FALSE,FALSE,Fatal Crash,1,0,2,Unknown,NA,Before Khera Underpass,Khera Nagli Road,Delhi,29,77,A truck hit the motorcyclist due to which the rider and motorcycle came in front of the tyre at the back side of the truck. The motorcyclist was dead at the spot.,3448,2,North-east,Same Direction,344801082,ALIPUR,AliPur,Delhi,Delhi,Outer North,Samai Pur Badli,Samai Pur Badli,28.771933,77.141562
20-07-2022,04:35 PM,210109,Anisha,2022-04-26T00:00:00Z,0109,2,23:07,2021-03-13T00:00:00Z,Backend Collision,FALSE,FALSE,FALSE,Fatal Crash,1,0,2,Unknown,NA,"Near Red light, Kham Pur Village",Shani Mandir,Delhi,29,77,A speeding Ertiga car hitted the White Swift Dzire car which was in front of Ertiga car. The driver of Ertiga car was injured and was declared brought dead by the doctor and the the driver of Swift Dzire got no injury.,3449,3,North,Same Direction,344901092,ALIPUR,AliPur,Delhi,Delhi,Outer North,Samai Pur Badli,Samai Pur Badli,28.825985,77.131574
20-07-2022,04:35 PM,210142,Anisha,2022-04-26T00:00:00Z,0142,2,00:41,2021-03-29T00:00:00Z,Unknown,FALSE,FALSE,FALSE,Non Fatal Crash without Permanent Injury,1,3,1,Unknown,NA,Bypass Singhu Border,Jain mandir,NA,29,77,A car was found in an accidental state on the road and there were 3 people who got injured and were in hospital.,3450,4,North-East,Unknown,345001422,ALIPUR,AliPur,Delhi,Delhi,Outer North,Samai Pur Badli,Samai Pur Badli,28.825705,77.110948
20-07-2022,04:35 PM,210145,Anisha,2022-04-26T00:00:00Z,0145,2,10:10,2021-04-03T00:00:00Z,Head on Collision,TRUE,FALSE,FALSE,Fatal Crash,1,0,2,Unknown,NA,Holambi Road,Near Minda Bal Farm,NA,29,77,"The motorcyclist was hitted by a crane in which a generator was tied up which fall upon the motorcycle and the motorcyclist., due to which he died on the spot and the crane driver ran away from the site.",3451,5,North,Opposite Direction,345101452,ALIPUR,AliPur,Delhi,Delhi,Outer North,Samai Pur Badli,Samai Pur Badli,28.79716,77.133122
20-07-2022,04:35 PM,210376,Anisha,2022-04-26T00:00:00Z,0376,2,20:40,2021-05-24T00:00:00Z,Hit Pedestrian,TRUE,FALSE,FALSE,Fatal Crash,1,0,1,Unknown,NA,GT Road from Delhi to Karnal,Near Sai Baba Mandir,"Alipur, Delhi",29,77,The victim was taken to the hospital by Rajmohmad where the victim was declared brought dead by the doctor.,3452,1,South,Unknown,345203762,ALIPUR,AliPur,Delhi,Delhi,Outer North,Samai Pur Badli,Samai Pur Badli,28.789096,77.14132
20-07-2022,04:35 PM,210428,Anisha,2022-04-26T00:00:00Z,0428,2,17:17,2021-06-08T00:00:00Z,Unknown,FALSE,FALSE,FALSE,NA,1,0,2,Unknown,NA,"Bakhtawarpur, Hiranki Road",NA,NA,29,77,A tempo and a car was found upside down at the crash spot. The victim was taken to the hospital by a person named Jogendra but was declared brought dead by the doctor.,3453,5,North,Unknown,345304282,ALIPUR,AliPur,Delhi,Delhi,Outer North,Samai Pur Badli,Samai Pur Badli,28.821391,77.172832
20-07-2022,04:35 PM,210555,Anisha,2022-04-26T00:00:00Z,0555,2,17:40,2021-07-11T00:00:00Z,Unknown,FALSE,FALSE,FALSE,Unknown,1,3,1,Unknown,NA,In front of MH-1 Farm House,G.T.K Service Road,NA,29,77,A Maruti car was found on the road in which a person was hanged out on the front seat from the window and his head side was laid out on the road. Later he was declared brought dead by the doctor at the hospital.,3454,55,North-East,Unknown,345405552,ALIPUR,AliPur,Delhi,Delhi,Outer North,Samai Pur Badli,Samai Pur Badli,28.807223,77.140462
20-07-2022,04:35 PM,210579,Anisha,2022-04-26T00:00:00Z,0579,2,23:36,2021-07-17T00:00:00Z,Hit Pedestrian,FALSE,FALSE,FALSE,Fatal Crash,1,4,1,Unknown,NA,In Front Of Lavanya Hotel,"Bhaktawarpur, Alipur",Delhi,29,77,The Car driver who was drunk hitted 5 pedestrian on the road due to which one of them died and other 4 were injured.,3455,4,West,Same Direction,345505792,ALIPUR,AliPur,Delhi,Delhi,Outer North,Samai Pur Badli,Samai Pur Badli,28.803546,77.144213