Auto_Date,Auto_Time,Form_No,Entry_Personnel,Filled_Date,FIR_No,Police_Station,Time_Of_Crash,Date_Of_Crash,Collision_Type,Hit_and_Run,Special_Case,Case File Available,Crash_Severity,No_Of_ Fatalities,No_Of_ Injured,No_Of_Vehicles,Location,Road_Type,Road_1,Road_2,Road_3,GPS_Lat,GPS_Long,Note,Crash_ID,Distance_From_Landmark,Text97,Veh_Rel_Travel_Dir,Crash_ID_new,PS_Name,PS_Name_New,PS_State,PS_Dist,div_DCP,Sb_div_ACP,Circle_TI,Latitude,Longitude
20-07-2022,04:35 PM,210591,Anisha,2022-04-26T00:00:00Z,0591,2,07:45,2021-07-23T00:00:00Z,Right Angle Crash,TRUE,FALSE,FALSE,Fatal Crash,1,0,2,Unknown,NA,Near Yamuna Pusta Road,NA,NA,29,77,"4 ladies got into a car for a lift and then when the car driver moved his car through forward where a JCB crane was just at the right side of it, the crane's driver reversed his card and the front loader of the JCB wa pierced into the car due to which one of the lady died at the spot.",3456,15,N/A,Perpendicular Direction,345605912,ALIPUR,AliPur,Delhi,Delhi,Outer North,Samai Pur Badli,Samai Pur Badli,28.753513,77.148357
20-07-2022,04:35 PM,210603,Anisha,2022-04-26T00:00:00Z,0603,2,19:50,2021-07-25T00:00:00Z,Hit Pedestrian,TRUE,FALSE,FALSE,Fatal Crash,1,0,1,Unknown,NA,Near Bakolki Bus Stand,"G.T.k Road, Towards Delhi",NA,29,77,An unknown vehicle hit the pedestrian and ran away from the site. Later on the victim was found on the road and was taken by the ambulance to the hospital where he was declared dead by the doctor.,3457,3,North-east,Unknown,345706032,ALIPUR,AliPur,Delhi,Delhi,Outer North,Samai Pur Badli,Samai Pur Badli,28.810278,77.136989
20-07-2022,04:35 PM,210649,Anisha,2022-04-27T00:00:00Z,0649,2,03:00,2021-07-31T00:00:00Z,Backend Collision,FALSE,FALSE,FALSE,Fatal Crash,1,0,2,Unknown,NA,Opposite to HP Petrol pump,Old GTK Road,"Alipur, Delhi",29,77,"A truck was parked at HP petrol pump in which there were 2 persons. One got down and the driver was seated. Suddenly, a speeding truck came from behind and hit the truck due to which the driver collapsed in the truck and was admitted to the hospital.",3458,4,East,Same Direction,345806492,ALIPUR,AliPur,Delhi,Delhi,Outer North,Samai Pur Badli,Samai Pur Badli,28.753589,77.115526
20-07-2022,04:35 PM,210689,Anisha,2022-04-27T00:00:00Z,0689,2,22:30,2021-08-14T00:00:00Z,Hit Pedestrian,TRUE,FALSE,FALSE,Fatal Crash,1,0,0,Unknown,NA,Near Jain Mandir,Opposite Nagli Puna,"Alipur, Delhi",29,77,An unknown pedestrian was hit by an vehicle who dies at the spot.Th evehicle driver ran away from the site and his number plate fell on the road.,3459,4,North,Same Direction,345906892,ALIPUR,AliPur,Delhi,Delhi,Outer North,Samai Pur Badli,Samai Pur Badli,28.771885,77.142284
20-07-2022,04:35 PM,210709,Anisha,2022-04-27T00:00:00Z,0709,2,20:20,2021-08-22T00:00:00Z,Hit Pedestrian,TRUE,FALSE,FALSE,Fatal Crash,1,0,1,Unknown,NA,Budhpur Nala GTK Road,NA,NA,29,77,A pedestrian was found dead on the spot by an unknown vehicle whose side mirror was there on the road.,3460,2,North,Unknown,346007092,ALIPUR,AliPur,Delhi,Delhi,Outer North,Samai Pur Badli,Samai Pur Badli,28.782612,77.14149
20-07-2022,04:35 PM,210713,Anisha,2022-04-27T00:00:00Z,0713,2,19:20,2021-08-25T00:00:00Z,Hit Pedestrian,TRUE,FALSE,FALSE,Fatal Crash,1,0,1,Unknown,NA,Janti Khurd Road,Near Ashoka Farm,"Hamidpur, Delhi",29,77,A pedestrian was found to be dead on the spot hitted by an unknown vehicle whose broken glass plastic was found nearby MCD Toll Pass in which the vehicle's registeration number was there.,3461,5,North,Unknown,346107132,ALIPUR,AliPur,Delhi,Delhi,Outer North,Samai Pur Badli,Samai Pur Badli,28.843184,77.153989
20-07-2022,04:35 PM,210765,Anisha,2022-04-27T00:00:00Z,0765,2,08:45,2021-09-11T00:00:00Z,Hit Pedestrian,TRUE,FALSE,FALSE,Fatal Crash,1,0,1,Unknown,NA,Seed Farm Road,Rajdhani Dharma Kanta,"Alipur, Delhi",29,77,An unknown vehicle rooled over to an unknown pedestrian.,3462,2,North-East,Unknown,346207652,ALIPUR,AliPur,Delhi,Delhi,Outer North,Samai Pur Badli,Samai Pur Badli,28.805882,77.128102
20-07-2022,04:35 PM,210780,Anisha,2022-04-27T00:00:00Z,0780,2,13:00,NA,Hit Pedestrian,FALSE,FALSE,FALSE,Fatal Crash,1,0,1,Unknown,NA,Towards Sai Baba Mandir,Mukraba Chowk,"Alipur, Delhi",29,77,The victim was been hit by the tempo from behind while he was pushing his car to park on side of the road.,3463,1,N/A,Same Direction,346307802,ALIPUR,AliPur,Delhi,Delhi,Outer North,Samai Pur Badli,Samai Pur Badli,28.788991,77.141345
20-07-2022,04:35 PM,210840,Anisha,2022-04-27T00:00:00Z,0840,2,07:00,2021-10-12T00:00:00Z,Unknown,TRUE,FALSE,FALSE,Fatal Crash,1,0,2,Unknown,NA,GTK Road,Infront of Apple Mandi,"Khampur, Delhi",29,77,A Mahendra Bolero vehicle driver hitted the cyclist and ran away from the site.,3464,4,East,Unknown,346408402,ALIPUR,AliPur,Delhi,Delhi,Outer North,Samai Pur Badli,Samai Pur Badli,28.833142,77.130359
20-07-2022,04:35 PM,210857,Anisha,2022-04-27T00:00:00Z,0857,2,01:00,2021-10-18T00:00:00Z,Hit Pedestrian,FALSE,FALSE,FALSE,Fatal Crash,1,0,1,NA,NA,Main GTK Road,Before 100 m Khampur Red Light,NA,29,77,A pedestrian was hit by an unknown vehicle and he was dead at the spot.,3465,6,North,Unknown,346508572,ALIPUR,AliPur,Delhi,Delhi,Outer North,Samai Pur Badli,Samai Pur Badli,28.84469,77.12691
20-07-2022,04:35 PM,210907,Anisha,2022-04-27T00:00:00Z,0907,2,07:00,2021-11-11T00:00:00Z,Backend Collision,FALSE,FALSE,FALSE,Fatal Crash,1,1,2,Unknown,NA,"Khampur Red Light, GTK Road",NA,NA,29,77,A motorcyclist and a pillion rider was hit by a ECO car from behind and the pillion rider got injured and died afterwards.,3466,2,East,Same Direction,346609072,ALIPUR,AliPur,Delhi,Delhi,Outer North,Samai Pur Badli,Samai Pur Badli,28.845854,77.12688
20-07-2022,04:35 PM,210935,Anisha,2022-04-27T00:00:00Z,0935,2,04:00,2021-11-23T00:00:00Z,Unknown,TRUE,FALSE,FALSE,Fatal Crash,1,1,2,Unknown,NA,"Near Under Pass, SDM Office Road","Alipur, Delhi",NA,29,77,A motorcyclist was hit by an unknown vehicle due to which the motorcyclist was dead on the spot.,3467,1,North,Unknown,346709352,ALIPUR,AliPur,Delhi,Delhi,Outer North,Samai Pur Badli,Samai Pur Badli,28.793701,77.143647
20-07-2022,04:35 PM,210941,Anisha,2022-04-27T00:00:00Z,0941,2,18:52,2021-11-25T00:00:00Z,Hit Pedestrian,TRUE,FALSE,FALSE,Fatal Crash,1,0,1,NA,NA,"Galu No.2, Singhu Village",NA,NA,29,77,A pedestrian was hit by a TATA Zest Car due to which the pedestrian died at the spot.,3468,5,North,Unknown,346809412,ALIPUR,AliPur,Delhi,Delhi,Outer North,Samai Pur Badli,Samai Pur Badli,28.85238,77.129394
20-07-2022,04:35 PM,211082,Anisha,2022-04-27T00:00:00Z,1082,2,22:45,2021-12-14T00:00:00Z,Hit Pedestrian,TRUE,FALSE,FALSE,Fatal Crash,1,0,1,Unknown,NA,Near Shiv Mandir T-Point,Singhu Village,NA,29,77,An unknown person was found on the road. The CATS ambulance took the victim to the hospital where he was declared as brought dead.,3469,4,North-West,Unknown,346910822,ALIPUR,AliPur,Delhi,Delhi,Outer North,Samai Pur Badli,Samai Pur Badli,28.852204,77.125912
20-07-2022,04:35 PM,211126,Anisha,2022-04-27T00:00:00Z,1126,2,19:30,2021-12-27T00:00:00Z,Hit Pedestrian,TRUE,FALSE,FALSE,Fatal Crash,1,0,1,Unknown,NA,Najad Nagli Puna Flyover,Towards Singhu Border,"Alipur, Delhi",29,77,A  pedestrian was been hit by a car who ran away from the site and the victim was declared dead during the treatment.,3470,4,North,Unknown,347011262,ALIPUR,AliPur,Delhi,Delhi,Outer North,Samai Pur Badli,Samai Pur Badli,28.774021,77.143059
20-07-2022,04:35 PM,210113,Anisha,2022-04-27T00:00:00Z,0113,3,13:00,2021-02-27T00:00:00Z,Backend Collision,TRUE,FALSE,FALSE,Fatal Crash,1,0,2,Unknown,NA,NDPL  Power House,Main Sultanpur Road,"Sector-22 Rohini, Delhi",29,77,A truck hitted the motorcyclist from behind and the truck's tyre was rolled over to the motorcyclist head die to which he died on the spot.,3471,1,N/A,Same Direction,347101133,AMANVIHAR,Aman Vihar,Delhi,Delhi,Rohini,Begum Pur,Aman Vihar,28.741706,77.04581
20-07-2022,04:35 PM,210332,Anisha,2022-04-27T00:00:00Z,0332,3,06:00,2021-06-22T00:00:00Z,Hit Pedestrian,TRUE,FALSE,FALSE,Fatal Crash,1,0,1,Unknown,NA,Nithari Chowk at Footpath,"Kirari, Delhi",NA,29,77,"A pedestrian who was sleeping on footpath, an unknown vehicle rolled over his car onto him due to which he died on the spot.",3472,2,N/A,Not Applicable,347203323,AMANVIHAR,Aman Vihar,Delhi,Delhi,Rohini,Begum Pur,Aman Vihar,28.700751,77.055059
20-07-2022,04:35 PM,210492,Anisha,2022-04-27T00:00:00Z,0492,3,10:30,2021-09-16T00:00:00Z,Hit Pedestrian,TRUE,FALSE,FALSE,Fatal Crash,1,0,1,Unknown,NA,SKV School Pooth Kalan,Delhi,NA,29,77,A pedestrian died on the spot as the truck hit him and ran away leaving his vehicle on the spot.,3473,2,N/A,Unknown,347304923,AMANVIHAR,Aman Vihar,Delhi,Delhi,Rohini,Begum Pur,Aman Vihar,28.707552,77.073103
20-07-2022,04:35 PM,210605,Anisha,2022-04-27T00:00:00Z,0605,3,12:00,2021-11-19T00:00:00Z,Hit Pedestrian,TRUE,FALSE,FALSE,Fatal Crash,1,0,1,Unknown,NA,"SGM Hospital, Emergency",Mangol Puri,NA,29,77,A pedestrian was hit by an unknown vehicle due to which she died on the spot.,3474,4,N/A,Unknown,347406053,AMANVIHAR,Aman Vihar,Delhi,Delhi,Rohini,Begum Pur,Aman Vihar,28.71061,77.06426
20-07-2022,04:35 PM,210004,Anisha,2022-04-27T00:00:00Z,0004,4,19:00,2021-01-05T00:00:00Z,Hit Pedestrian,TRUE,FALSE,FALSE,Fatal Crash,1,0,1,Unknown,NA,In front of Spring Meadows Hospital,East of Kailash,New Delhi,29,77,A pedestrian was hit by a motorcyclist while he was crossing the road.,3475,1,South-East,Unknown,347500044,AMARCOLONY,Amar Colony,Delhi,Delhi,South East,Kalkaji,Kalkaji,28.556128,77.24389
20-07-2022,04:35 PM,210049,Anisha,2022-04-27T00:00:00Z,0049,4,20:30,2021-02-10T00:00:00Z,Unknown,TRUE,FALSE,FALSE,Fatal Crash,1,0,2,NA,NA,Not Known,NA,NA,29,77,A motorcyclist was hit by an unknown vehicle.,3476,1,East,Unknown,347600494,AMARCOLONY,Amar Colony,Delhi,Delhi,South East,Kalkaji,Kalkaji,28.561426,77.243598
20-07-2022,04:35 PM,210243,Anisha,2022-04-27T00:00:00Z,0243,4,06:00,2021-05-12T00:00:00Z,Hit Pedestrian,TRUE,FALSE,FALSE,Fatal Crash,1,0,1,Unknown,NA,"Captain Gaur Marg, MCD School",Opposite Canara Bank,"Okhla Mandi, Delhi",29,77,A pedestrian who got down from a rickshaw was hit by a vehicle who ran away from the site.,3477,3,South-East,Same Direction,347702434,AMARCOLONY,Amar Colony,Delhi,Delhi,South East,Kalkaji,Kalkaji,28.561759,77.249918
20-07-2022,04:35 PM,210025,Anisha,2022-04-27T00:00:00Z,0025,6,14:00,2021-02-11T00:00:00Z,Unknown,TRUE,FALSE,FALSE,Fatal Crash,1,0,1,Unknown,NA,A-2 Transit Camp,Anand Parbat,Delhi,29,77,A child was hit by an unknown vehicle due to which he died on spot.,3478,1,North,Unknown,347800256,ANANDPARBAT,Anand Parbat,Delhi,Delhi,Central,Patel Nagar,Patel Nagar,28.659757,77.169424
20-07-2022,04:35 PM,210374,Anisha,2022-04-27T00:00:00Z,0374,6,13:27,2021-08-23T00:00:00Z,Unknown,FALSE,FALSE,FALSE,Fatal Crash,1,0,2,Unknown,NA,New Rohtak Road,Near Gali No. 4,"Anand Parbat, Delhi",29,77,A pedestrian was hit by a vehicle due to which the he was dead on the spot with his scooty near him.,3479,1,North-East,Unknown,347903746,ANANDPARBAT,Anand Parbat,Delhi,Delhi,Central,Patel Nagar,Patel Nagar,28.661629,77.177545
20-07-2022,04:35 PM,210414,Anisha,2022-04-27T00:00:00Z,0414,6,16:15,2021-10-01T00:00:00Z,Hit Pedestrian,FALSE,FALSE,FALSE,Fatal Crash,1,0,1,Unknown,NA,Infront of Guru Nanak Road,"Lines & Travels, New Rohtak Road","Anand Parbat, Delhi",29,77,A pedestrian who was crossing the road on the red light was hit by a tempo and was injured which was later on declared as brought dead by the doctor.,3480,1,North-East,Perpendicular Direction,348004146,ANANDPARBAT,Anand Parbat,Delhi,Delhi,Central,Patel Nagar,Patel Nagar,28.662614,77.182038
20-07-2022,04:35 PM,210054,Anisha,2022-04-28T00:00:00Z,0054,7,11:30,2021-03-29T00:00:00Z,Unknown,TRUE,FALSE,FALSE,Fatal Crash,1,0,2,Unknown,NA,Surajmal Vihar,Near Keventer Market,Infront of Bahubali Park,29,77,A motorcyclist was hit by an unknown vehicl. His family took him to an Unknown hospital where during his treatment he died.,3481,2,East,Unknown,348100547,ANANDVIHAR,Anand Vihar,Delhi,Delhi,Shahdara,Gandhi Nagar,Vivek Vihar,28.65571,77.30625
20-07-2022,04:35 PM,210195,Anisha,2022-04-28T00:00:00Z,0195,7,18:30,2021-08-22T00:00:00Z,Unknown,FALSE,FALSE,FALSE,Fatal Crash,1,0,1,Unknown,NA,In front of CR Mall,NA,NA,29,77,A pedestrian was hit by an unknown vehicle.,3482,1,East,Unknown,348201957,ANANDVIHAR,Anand Vihar,Delhi,Delhi,Shahdara,Gandhi Nagar,Vivek Vihar,28.640343,77.315334000000007
20-07-2022,04:35 PM,210215,Anisha,2022-04-28T00:00:00Z,0215,7,06:17,2021-08-31T00:00:00Z,Unknown,TRUE,FALSE,FALSE,Fatal Crash,1,0,2,Unknown,NA,On Anand Vihar Flyover,NA,NA,29,77,A motorcyclist was hit by an unknown vehicle. He was taken to the hospital by PCR van where he was declared brought dead.,3483,3,East,Unknown,348302157,ANANDVIHAR,Anand Vihar,Delhi,Delhi,Shahdara,Gandhi Nagar,Vivek Vihar,28.64594,77.31756
20-07-2022,04:35 PM,210167,Anisha,2022-04-28T00:00:00Z,0167,7,20:50,2021-07-30T00:00:00Z,Hit Pedestrian,TRUE,FALSE,FALSE,Fatal Crash,1,0,1,Unknown,NA,In front of Sai Baba Mandir,Near Ram Prasth Crossing,Delhi,29,77,A pedestrian was hit by an autorickshaw. The victim was injured and was unfit to give statement due to which no further information could be acquire.,3484,2,East,Opposite Direction,348401677,ANANDVIHAR,Anand Vihar,Delhi,Delhi,Shahdara,Gandhi Nagar,Vivek Vihar,28.659505,77.31919
20-07-2022,04:35 PM,210322,Anisha,2022-04-28T00:00:00Z,0322,7,19:45,2021-09-29T00:00:00Z,Unknown,TRUE,FALSE,FALSE,Fatal Crash,1,0,2,Unknown,NA,Shamshan Ghat,Vikas Marg,"Karkari Mor, Delhi",29,77,A motorcyclit was hit by an unknown vehicle and the victim was injured and was taken to the hospital by an unknown vehicle.,3485,2,South,Unknown,348503227,ANANDVIHAR,Anand Vihar,Delhi,Delhi,Shahdara,Gandhi Nagar,Vivek Vihar,28.644146,77.298923
20-07-2022,04:35 PM,210028,Anisha,2022-04-28T00:00:00Z,0028,8,14:30,2021-01-14T00:00:00Z,Unknown,TRUE,FALSE,FALSE,Fatal Crash,1,1,3,Unknown,NA,Infront of Invitation Market,Near TVR Mall,Ashok Vihar Phase-2,29,77,A motorcyclist and a pillioin rider was been hit by a car driver. They both fell down and the rider recovered himself but the pillion rider died because a truck driver at the same time came and drove his vehicle onto him.,3486,1,North,Unknown,348600288,ASHOKVIHAR,Ashok Vihar,Delhi,Delhi,North West,Ashok Vihar,Ashok Vihar,28.696228,77.179006
20-07-2022,04:35 PM,210054,Anisha,2022-04-28T00:00:00Z,0054,8,19:10,2021-01-31T00:00:00Z,Backend Collision,FALSE,FALSE,FALSE,Fatal Crash,1,0,2,Unknown,NA,"Ring Road, Opp. Fire Station",WPIA,Delhi,29,77,A car was been hit by another car from behind and one of the driver of the car died during his treatment.,3487,1,North-West,Same Direction,348700548,ASHOKVIHAR,Ashok Vihar,Delhi,Delhi,North West,Ashok Vihar,Ashok Vihar,28.701908,77.164813
20-07-2022,04:35 PM,210414,Anisha,2022-04-28T00:00:00Z,0414,8,08:50,2021-08-21T00:00:00Z,Hit Pedestrian,TRUE,FALSE,FALSE,Fatal Crash,1,0,0,Unknown,NA,"WPIA, Delhi Flyover","Infront of Nexa, Showroom Ring Road",NA,29,77,An unknown dead body was found on the road.,3488,2,North,Unknown,348804148,ASHOKVIHAR,Ashok Vihar,Delhi,Delhi,North West,Ashok Vihar,Ashok Vihar,28.700905,77.161429
20-07-2022,04:35 PM,210427,Anisha,2022-04-28T00:00:00Z,0427,8,00:10,2021-09-06T00:00:00Z,Unknown,FALSE,FALSE,FALSE,Fatal Crash,1,1,2,Unknown,NA,Infront of Invitation Market,Ashok Vihar,Delhi,29,77,Two motorcyclist were been hit by each other and one of the motorcyclist was declared brought dead by the doctor.,3489,1,North,Unknown,348904278,ASHOKVIHAR,Ashok Vihar,Delhi,Delhi,North West,Ashok Vihar,Ashok Vihar,28.696228,77.179006
20-07-2022,04:35 PM,210444,Anisha,2022-04-28T00:00:00Z,0444,8,15:00,2021-09-25T00:00:00Z,Hit Pedestrian,TRUE,FALSE,FALSE,Fatal Crash,1,0,1,Unknown,NA,"in front of C-41, WPIA",NA,NA,29,77,A pedestrian was cleaning his scooty when suddenly a speeding truck came and the driver drove his vehicle over the pedestrian due to which he died on the spot.,3490,2,South-West,Same Direction,349004448,ASHOKVIHAR,Ashok Vihar,Delhi,Delhi,North West,Ashok Vihar,Ashok Vihar,28.700683,77.167758
20-07-2022,04:35 PM,210456,Anisha,2022-04-28T00:00:00Z,0456,8,07:30,2021-10-02T00:00:00Z,Hit Pedestrian,TRUE,FALSE,FALSE,Fatal Crash,1,0,1,Unknown,NA,Infront of Delhi Institute of Tool Engineering,Bartan Market,"Ashok Vihar, Delhi",29,77,A pedestrian was been hit by a car due to which the pedestrian got injured and the vehicle drive ran away leaving his vehicle on the spot.,3491,2,N/A,Unknown,349104568,ASHOKVIHAR,Ashok Vihar,Delhi,Delhi,North West,Ashok Vihar,Ashok Vihar,28.531115,77.270042
20-07-2022,04:35 PM,210496,Anisha,2022-04-28T00:00:00Z,0496,8,08:31,2021-10-15T00:00:00Z,Unknown,FALSE,FALSE,FALSE,Fatal Crash,1,0,1,Unknown,NA,Infront of Celebration Banqui,"Ring Road, Delhi",NA,29,77,The vicitim was found in the hospital as he was injured. At the place of crash there were pieces of glasses of a vehicle.,3492,2,North-East,Unknown,349204968,ASHOKVIHAR,Ashok Vihar,Delhi,Delhi,North West,Ashok Vihar,Ashok Vihar,28.700291,77.159424
20-07-2022,04:35 PM,210592,Anisha,2022-04-28T00:00:00Z,0592,8,13:00,2021-11-30T00:00:00Z,Hit Pedestrian,FALSE,FALSE,FALSE,Fatal Crash,1,0,1,Unknown,NA,"Near Shed-55, WPIA, Delhi",NA,NA,29,77,A pedestrian was been hit by a crane and the driver of the crane run over his vehicle onto the victim's hands and legs. The victim was injured and was been given medicine from a private doctor but then his conditional went critical due to which he died.,3493,2,N/A,NA,349305928,ASHOKVIHAR,Ashok Vihar,Delhi,Delhi,North West,Ashok Vihar,Ashok Vihar,28.696642,77.161399
20-07-2022,04:35 PM,210703,Anisha,2022-04-28T00:00:00Z,0703,8,08:57,2021-12-30T00:00:00Z,Hit Pedestrian,TRUE,FALSE,FALSE,Fatal Crash,1,0,1,Unknown,NA,Infront of MCD Office,NA,NA,29,77,A pedestrian was been hit by a crane and the victim was taken to the hospital by a PCR car where during his treatment he was declared dead by the doctor.,3494,2,North-East,Unknown,349407038,ASHOKVIHAR,Ashok Vihar,Delhi,Delhi,North West,Ashok Vihar,Ashok Vihar,28.700055,77.166776
20-07-2022,04:35 PM,210037,Anisha,2022-04-28T00:00:00Z,0037,9,09:30,2021-01-20T00:00:00Z,Hit Pedestrian,TRUE,FALSE,FALSE,Fatal Crash,1,0,1,Unknown,NA,"New Anaj Mandi, Gate No.1","Najafgarah, New Delhi",NA,28,77,A pedestrian was hit by a bus resulting to his death and the driver ran away from the site.,3495,3,N/A,Unknown,349500379,BABAHARIDASNAGAR,Baba Haridas Nagar,Delhi,Delhi,Dwarka,Najafgarh,Najafgarh,28.619137,76.974202
20-07-2022,04:35 PM,210049,Anisha,2022-04-28T00:00:00Z,0049,9,17:00,2021-01-26T00:00:00Z,Unknown,FALSE,FALSE,FALSE,Fatal Crash,1,1,1,Unknown,NA,"Bahadurgarh, Najafgarh Road",New Delhi,NA,29,77,A bullet motorcycle was found in the spot with two victims who was one injured and the other one was brought dead as declared by the doctor.,3496,2,N/A,Unknown,349600499,BABAHARIDASNAGAR,Baba Haridas Nagar,Delhi,Delhi,Dwarka,Najafgarh,Najafgarh,28.614693,76.977592
20-07-2022,04:35 PM,210058,Anisha,2022-04-28T00:00:00Z,0058,9,23:30,2021-02-06T00:00:00Z,Single Vehicle Hit Fixed Object,FALSE,FALSE,FALSE,Fatal Crash,1,1,1,Unknown,NA,Opposite Sahib Ashram,Jharoda Border,NA,29,77,The motorcyclist who was speeding his bike came closer to a barricade which had blinkers on it and irrespective of what the HC was directing them to turn right as the road was closed. Due to this the motorcyclist and it's pillion rider got hit on the barricade resulting to death of the rider.,3497,4,N/A,Same Direction,349700589,BABAHARIDASNAGAR,Baba Haridas Nagar,Delhi,Delhi,Dwarka,Najafgarh,Najafgarh,28.667756,76.941301
20-07-2022,04:35 PM,210100,Anisha,2022-04-28T00:00:00Z,0100,9,20:00,2021-03-16T00:00:00Z,Unknown,TRUE,FALSE,FALSE,Unknown,1,0,1,Unknown,NA,"Royal Gym, Jharoda Road",Delhi,NA,29,77,"A motorcyclist was been taken to the hospital by the caller who called the police to inform about the crash. Later on reaching the hospital, the victim was declared dead by the doctor.",3498,2,N/A,Unknown,349801009,BABAHARIDASNAGAR,Baba Haridas Nagar,Delhi,Delhi,Dwarka,Najafgarh,Najafgarh,28.649301,76.95427
20-07-2022,04:35 PM,210102,Anisha,2022-04-28T00:00:00Z,0102,9,02:35,2021-03-18T00:00:00Z,Unknown,TRUE,FALSE,FALSE,Fatal Crash,1,0,2,Unknown,NA,Jharoda Bus Stand,"Najafgarh, New Delhi",NA,29,77,The motorcyclist was hit by an unknown vehicle. The unknown vehicle had crushed the victim's head with helmet.,3499,3,N/A,Unknown,349901029,BABAHARIDASNAGAR,Baba Haridas Nagar,Delhi,Delhi,Dwarka,Najafgarh,Najafgarh,28.638477,76.961002
20-07-2022,04:35 PM,210147,Anisha,2022-04-28T00:00:00Z,0147,9,00:40,2021-04-11T00:00:00Z,Hit Pedestrian,TRUE,FALSE,FALSE,Fatal Crash,1,0,1,Unknown,NA,Infront of Madhav Petrol Pump,Main Nagloi Road,"Najafgarh, New Delhi",29,77,A pedestrian was hit by a truck driver which was coming on high speed and drove his truck onto the pedestrian.,3500,4,N/A,Opposite Direction,350001479,BABAHARIDASNAGAR,Baba Haridas Nagar,Delhi,Delhi,Dwarka,Najafgarh,Najafgarh,28.681679,77.067429
20-07-2022,04:35 PM,210222,Anisha,2022-04-28T00:00:00Z,0222,9,20:30,2021-05-20T00:00:00Z,Hit Pedestrian,TRUE,FALSE,FALSE,Fatal Crash,1,0,1,Unknown,NA,Near Kali Piau,Towards Bhadurgarh,NA,29,77,A pedestrian was hit by a car due to which the the victim died.,3501,3,N/A,Unknown,350102229,BABAHARIDASNAGAR,Baba Haridas Nagar,Delhi,Delhi,Dwarka,Najafgarh,Najafgarh,28.623847,76.970333
20-07-2022,04:35 PM,210228,Anisha,2022-04-28T00:00:00Z,0228,9,13:40,2021-05-25T00:00:00Z,Backend Collision,FALSE,FALSE,FALSE,Fatal Crash,1,0,2,Unknown,NA,Near Holy Cross School,"Najafgarh, Delhi",NA,29,77,A tractor hit the motorcyclist from behind due to which he died on the spot.,3502,5,N/A,Same Direction,350202289,BABAHARIDASNAGAR,Baba Haridas Nagar,Delhi,Delhi,Dwarka,Najafgarh,Najafgarh,28.605548,76.963589
20-07-2022,04:35 PM,210235,Anisha,2022-04-29T00:00:00Z,0235,9,19:00,2021-05-30T00:00:00Z,Single Vehicle Hit Fixed Object,FALSE,FALSE,FALSE,Fatal Crash,1,1,1,Unknown,NA,Main Nagloi Road,Near Holy Cross School,Najafgarh,29,77,A car was hit by the pole on the road due to which one driver and one passenger got injured.,3503,4,N/A,Same Direction,350302359,BABAHARIDASNAGAR,Baba Haridas Nagar,Delhi,Delhi,Dwarka,Najafgarh,Najafgarh,28.614515,76.981202
20-07-2022,04:35 PM,210309,Anisha,2022-04-29T00:00:00Z,0309,9,19:15,2021-07-02T00:00:00Z,Head on Collision,TRUE,FALSE,FALSE,Fatal Crash,1,1,2,Unknown,NA,Nagloi Bus Stand,Najafgarh,New Delhi,29,77,A motorcyclist was hit by a speeding car who came in front of them and ran away from the spot. The rider and the pillion rider got injured and were taken to the hospital.,3504,4,West,Opposite Direction,350403099,BABAHARIDASNAGAR,Baba Haridas Nagar,Delhi,Delhi,Dwarka,Najafgarh,Najafgarh,28.681358,77.075781
20-07-2022,04:35 PM,210382,Anisha,2022-04-29T00:00:00Z,0382,9,22:00,2021-08-07T00:00:00Z,Unknown,TRUE,FALSE,FALSE,Fatal Crash,1,0,2,Unknown,NA,Infront of Govt. Girls Senior Secondary School,Jharoda Kalan,Najafgarh,29,77,A truck driver hitted the motorcyclist and ran away from the spot. The motorcyclist was taken to the hospital where the doctor admitted the patient and during his treatment he was declared dead by the doctor.,3505,1,N/A,Unknown,350503829,BABAHARIDASNAGAR,Baba Haridas Nagar,Delhi,Delhi,Dwarka,Najafgarh,Najafgarh,28.642478,76.958374
20-07-2022,04:35 PM,210399,Anisha,2022-04-29T00:00:00Z,0399,9,07:00,2021-08-13T00:00:00Z,Single Vehicle Overturn,FALSE,FALSE,FALSE,Fatal Crash,1,0,1,Unknown,NA,Near Akhada Choraha,Main Surakhpur,Delhi,29,77,"Due to the overturn of the tempo, a pedestrian died on the spot.",3506,5,N/A,Not Applicable,350603999,BABAHARIDASNAGAR,Baba Haridas Nagar,Delhi,Delhi,Dwarka,Najafgarh,Najafgarh,28.619129,76.974063