Auto_Date,Auto_Time,Form_No,Entry_Personnel,Filled_Date,FIR_No,Police_Station,Time_Of_Crash,Date_Of_Crash,Collision_Type,Hit_and_Run,Special_Case,Case File Available,Crash_Severity,No_Of_ Fatalities,No_Of_ Injured,No_Of_Vehicles,Location,Road_Type,Road_1,Road_2,Road_3,GPS_Lat,GPS_Long,Note,Crash_ID,Distance_From_Landmark,Text97,Veh_Rel_Travel_Dir,Crash_ID_new,PS_Name,PS_Name_New,PS_State,PS_Dist,div_DCP,Sb_div_ACP,Circle_TI,Latitude,Longitude
20-07-2022,04:35 PM,210053,Anisha,2022-05-02T00:00:00Z,0053,16,10:55,2021-02-03T00:00:00Z,Hit Pedestrian,TRUE,FALSE,FALSE,Fatal Crash,1,0,1,Unknown,NA,Near Radha Krishna Mandir,Under pass Mukhraba Chowk,NA,29,77,"A pedestrian was hit by an unknown vehicle and when taken to the hospital by the CAT ambulance, the doctor declared as brought dead.",3556,3,North,Unknown,3556005316,BHALASWADAIRY,Bhalswa Dairy,Delhi,Delhi,Outer North,Swaroop Nagar,Swaroop Nagar,28.736419,77.154803
20-07-2022,04:35 PM,210100,Anisha,2022-05-02T00:00:00Z,0100,16,13:00,2021-03-01T00:00:00Z,Hit Pedestrian,TRUE,FALSE,FALSE,Fatal Crash,1,0,1,Unknown,NA,GT Road,Near Radha Krishan Murti,Bhalswa Dairy,29,77,A pedestrian was been hit by a tempo driver who was coming in speed and hit the victim on the spot. The PCR car came and took the victim where she was declared dead by the doctor.,3557,1,West,Unknown,3557010016,BHALASWADAIRY,Bhalswa Dairy,Delhi,Delhi,Outer North,Swaroop Nagar,Swaroop Nagar,28.737372,77.154546
20-07-2022,04:35 PM,210110,Anisha,2022-05-04T00:00:00Z,0110,16,07:30,2021-03-08T00:00:00Z,Hit Pedestrian,TRUE,FALSE,FALSE,Fatal Crash,1,0,1,Unknown,NA,"T-Point, Gali No. 7","Swaroop Nagar, Delhi",NA,29,77,An unknown vehicle drove his/her vehicle on the pedestrain and crushed his face.,3558,2,N/A,Unknown,3558011016,BHALASWADAIRY,Bhalswa Dairy,Delhi,Delhi,Outer North,Swaroop Nagar,Swaroop Nagar,28.746321,77.157107
20-07-2022,04:35 PM,210255,Anisha,2022-05-04T00:00:00Z,0255,16,01:39,2021-05-09T00:00:00Z,Unknown,TRUE,FALSE,FALSE,Fatal Crash,1,0,2,Unknown,NA,National Highway,In front of Land Fill,"Bhalswa Dairy, Delhi",29,77,A motorcyclist was been hit by an unknown vehicle due to which the motorcyclist was been taken to the hospital for the treatment.,3559,2,N/A,Unknown,3559025516,BHALASWADAIRY,Bhalswa Dairy,Delhi,Delhi,Outer North,Swaroop Nagar,Swaroop Nagar,28.749016,77.160342
20-07-2022,04:35 PM,210294,Anisha,2022-05-04T00:00:00Z,0294,16,20:30,2021-05-29T00:00:00Z,Hit Pedestrian,TRUE,FALSE,FALSE,Fatal Crash,1,0,1,Unknown,NA,Towards Sonepath to Delhi Road,"GTK Road, Near Karnal By pass","Opposite I.P. CNG Pump, Delhi",29,77,A pedestrian was been hit by an unknown vehicle and was found dead on the spot when the CAT ambulance came.,3560,2,North,Unknown,3560029416,BHALASWADAIRY,Bhalswa Dairy,Delhi,Delhi,Outer North,Swaroop Nagar,Swaroop Nagar,28.737669,77.154422
20-07-2022,04:35 PM,210338,Anisha,2022-05-05T00:00:00Z,0338,16,20:30,2021-06-11T00:00:00Z,Hit Pedestrian,TRUE,FALSE,FALSE,Fatal Crash,1,0,1,Unknown,NA,Ganda Nala Service Road,Near Burari Flyover,"Bhalswa Dairy, Delhi",29,77,A pedestrian was been hit by a car driver and ran away from the spot. The victim was taken to the hospital in an auto rickshaw where the doctor stated the victim as head injury.,3561,3,N/A,Same Direction,3561033816,BHALASWADAIRY,Bhalswa Dairy,Delhi,Delhi,Outer North,Swaroop Nagar,Swaroop Nagar,28.736998,77.168983
20-07-2022,04:35 PM,210600,Anisha,2022-05-05T00:00:00Z,0600,16,19:00,2021-08-15T00:00:00Z,Right Angle Crash,TRUE,FALSE,FALSE,Fatal Crash,1,1,2,Unknown,NA,Near Mukraba Chowk,NA,NA,29,77,A scooty rider and a pillion rider was been hit by a speeding car which was coming from behind and touched their scooty from right side. They lost their balance and fell due to which when taken to the hospital the doctor declared dead to the scooty rider.,3562,1,West,Same Direction,3562060016,BHALASWADAIRY,Bhalswa Dairy,Delhi,Delhi,Outer North,Swaroop Nagar,Swaroop Nagar,28.737123,77.160627
20-07-2022,04:35 PM,210691,Anisha,2022-05-05T00:00:00Z,0691,16,06:30,2021-09-25T00:00:00Z,Backend Collision,TRUE,FALSE,FALSE,Fatal Crash,1,0,2,Unknown,NA,GTK Road,Near Libaspur Bus Stand,NA,29,77,A tempo was been hit by a truck from behind and the truck driver ran away from the spot. The tempo driver was taken to the hospital by a CAT ambulance where the doctor declared him as brought dead,3563,1,N/A,Same Direction,3563069116,BHALASWADAIRY,Bhalswa Dairy,Delhi,Delhi,Outer North,Swaroop Nagar,Swaroop Nagar,28.751338,77.147832
20-07-2022,04:35 PM,210363,Anisha,2022-05-05T00:00:00Z,0363,16,15:45,2021-06-19T00:00:00Z,Hit Pedestrian,TRUE,FALSE,FALSE,Fatal Crash,1,0,1,Unknown,NA,Near Mukundpur Chowk,Near Jheel Service Road,"Mukundpur, Delhi",29,77,A pedestrian was been hit by a tempo driver and after which the driver ran away with his vehicle. The pedestrian was taken to the hospital where the doctor refered him to take to higher center for treatment.,3564,1,East,Same Direction,3564036316,BHALASWADAIRY,Bhalswa Dairy,Delhi,Delhi,Outer North,Swaroop Nagar,Swaroop Nagar,28.740425,77.171229
20-07-2022,04:35 PM,210727,Anisha,2022-05-05T00:00:00Z,0727,16,21:00,2021-10-08T00:00:00Z,Unknown,TRUE,FALSE,FALSE,Fatal Crash,1,0,2,Unknown,NA,Ring Road Libaspur,Near Bus Stand,NA,29,77,A motorcyclist was been hit by an unknown vehicle where the victim was taken to the hospital where the doctor declared him to be as brought dead.,3565,3,East,Unknown,3565072716,BHALASWADAIRY,Bhalswa Dairy,Delhi,Delhi,Outer North,Swaroop Nagar,Swaroop Nagar,28.752625,77.149805
20-07-2022,04:35 PM,210109,Anisha,2022-05-05T00:00:00Z,0109,17,23:35,2021-03-09T00:00:00Z,Hit Pedestrian,TRUE,FALSE,FALSE,Fatal Crash,1,0,1,Unknown,NA,In front of H No.245,"Nimri Colony, Bharat nagar",NA,29,77,A pedestrian was been hit by an unknwon vehicle. He was taken to the hospital by a PCR car where the doctor declared as patient was unconscious and unfit for the statement.,3566,1,N/A,Unknown,3566010917,BHARATNAGAR,Bharat Nagar,Delhi,Delhi,North West,Ashok Vihar,Ashok Vihar,28.678541,77.176898
20-07-2022,04:35 PM,210515,Anisha,2022-05-05T00:00:00Z,0515,17,17:00,2021-08-26T00:00:00Z,Unknown,TRUE,FALSE,FALSE,Fatal Crash,1,0,2,Unknown,NA,Main Road,In front of Murga Market,NA,29,77,A crash occurred between a two wheeler and a four wheeler. The two wheeler rider was taken to the hospital where the doctor as patient unconscious.,3567,1,N/A,Unknown,3567051517,BHARATNAGAR,Bharat Nagar,Delhi,Delhi,North West,Ashok Vihar,Ashok Vihar,28.689755,77.183978
20-07-2022,04:35 PM,210679,Anisha,2022-05-05T00:00:00Z,0679,17,21:45,2021-11-20T00:00:00Z,Hit Pedestrian,TRUE,FALSE,FALSE,Fatal Crash,1,0,1,Unknown,NA,In front of Shop No. 20,"Wazirpur, JJ Colony",NA,29,77,A pedestrian was been hit by a speeding car. The car's driver ran away from the site and the pedestrian was been taken to the hospital where she was checked by the doctor and was declared dead.,3568,1,N/A,Same Direction,3568067917,BHARATNAGAR,Bharat Nagar,Delhi,Delhi,North West,Ashok Vihar,Ashok Vihar,28.679186,77.172052
20-07-2022,04:35 PM,210693,Anisha,2022-05-05T00:00:00Z,0693,17,22:30,2021-11-25T00:00:00Z,Unknown,TRUE,FALSE,FALSE,Fatal Crash,1,0,2,Unknown,NA,In front of Laxmi Bai College,"Ashok Viahar, Delhi",NA,29,77,A scooty rider was been hit by an unknown vehicle. The victim was been taken to the hospital by a CAT ambulance where the victim was been refered to higher center and during his treatment he was declared as dead.,3569,2,North,Unknown,3569069317,BHARATNAGAR,Bharat Nagar,Delhi,Delhi,North West,Ashok Vihar,Ashok Vihar,28.686337,77.182792
20-07-2022,04:35 PM,210105,Anisha,2022-05-05T00:00:00Z,0105,18,23:00,2021-02-15T00:00:00Z,Unknown,TRUE,FALSE,FALSE,Fatal Crash,1,0,1,Unknown,NA,Main Najafgarh Road,Near Metro Pillar No.756,"Gulab Bagh, Uttam Nagar, Delhi",29,77,A car met with a crash due to which the car's passenger was injured and was taken to the hospital where the doctor declared him as brought dead.,3570,5,N/A,Unknown,3570010518,BINDAPUR,Binda Pur,Delhi,Delhi,Dwarka,Dwarka,Dabri,28.620051,77.038634
20-07-2022,04:35 PM,210449,Anisha,2022-05-05T00:00:00Z,0449,18,03:00,2021-05-19T00:00:00Z,Right Angle Crash,TRUE,FALSE,FALSE,Fatal Crash,1,2,2,Unknown,NA,Main Najafgarh Road,Near Metro Pillar No.767,"Uttam Nagar, Delhi",29,77,A motorcyclist and it's pillion riders was been hit by a car which took U-turn suddenly due to which it hitted the motorcyle. The rider's helmet got removed when he slipped from the bike and his head went to hit on the divider.The pillion riders got injured too. When reaching the hospital the rider was declared as brought dead and the pillion riders were treated.,3571,5,West,Perpendicular Direction,3571044918,BINDAPUR,Binda Pur,Delhi,Delhi,Dwarka,Dwarka,Dabri,28.619634,77.035785
20-07-2022,04:35 PM,210453,Anisha,2022-05-05T00:00:00Z,0453,18,20:00,2021-05-20T00:00:00Z,Unknown,TRUE,FALSE,FALSE,Fatal Crash,1,0,2,Unknown,NA,Main Najafgarh Road,Near Metro Pillar no. 744,"Uttam Nagar, Delhi",29,77,A motorcyclist was been hit by an unknown vehicle. The victim was taken to the hospital andwas been treated.,3572,5,West,Unknown,3572045318,BINDAPUR,Binda Pur,Delhi,Delhi,Dwarka,Dwarka,Dabri,28.620195,77.041669
20-07-2022,04:35 PM,210470,Anisha,2022-05-05T00:00:00Z,0470,18,11:15,2021-05-27T00:00:00Z,Hit Pedestrian,TRUE,FALSE,FALSE,Fatal Crash,1,0,1,Unknown,NA,Near Metro Pillar No. 705,"Uttam Nagar, New Delhi",NA,29,77,A pedestrian was been hit by an unknown vehicle. The patient was been treated at the hospital where the doctor declared as patient unfir for statement.,3573,7,West,Unknown,3573047018,BINDAPUR,Binda Pur,Delhi,Delhi,Dwarka,Dwarka,Dabri,28.620884,77.051235
20-07-2022,04:35 PM,210297,Anisha,2022-05-05T00:00:00Z,0297,19,06:15,2021-09-07T00:00:00Z,Unknown,FALSE,FALSE,FALSE,Fatal Crash,1,0,2,Unknown,NA,"Main Road, Towards Sector-24",Metro Pillar No. 472,Pal Colony,29,77,A cyclist was been hit by a car whose driver took the victim to the hospital where he was declared as brought dead by the doctor.,3574,2,N/A,Unknown,3574029719,BUDHVIHAR,Budh Vihar,Delhi,Delhi,Rohini,Rohini,Prashant Vihar,28.719606,77.107247
20-07-2022,04:35 PM,210319,Anisha,2022-05-05T00:00:00Z,0319,19,11:30,2021-10-04T00:00:00Z,Single Vehicle Hit Parked Vehicle,FALSE,FALSE,FALSE,Fatal Crash,1,0,2,Unknown,NA,CSC Shop No. 2,"Sector 5, Rohini",NA,0,0,A car was been hit by a speeding car which was moving backwards. The pedestrian got stuck between the parked car and the wall. The victim was while taking him to the hospital got dead.,3575,1,N/A,Same Direction,3575031919,BUDHVIHAR,Budh Vihar,Delhi,Delhi,Rohini,Rohini,Prashant Vihar,28.71086,77.107094
20-07-2022,04:35 PM,210003,Anisha,2022-05-05T00:00:00Z,0003,20,12:15,2021-01-01T00:00:00Z,Hit Pedestrian,TRUE,FALSE,FALSE,Fatal Crash,1,0,1,Unknown,NA,Main 100 Foota Road,Near Sarvodya Kanya Vidhalaya,NA,29,77,A pedestrian was been hit by a bus where he crushed the pedestrian on the spot and the victim got dead on the spot.,3576,4,North,Same Direction,3576000320,BURARI,Burari,Delhi,Delhi,North,Civil Lines,Timarpur,28.749025,77.198502
20-07-2022,04:35 PM,210055,Anisha,2022-05-05T00:00:00Z,0055,20,01:25,2021-01-23T00:00:00Z,Unknown,FALSE,FALSE,FALSE,Fatal Crash,1,0,1,Unknown,NA,"Baba Colony, Main Gate","Burari, Delhi",NA,29,77,A motorcyclist was been hit by a truck. The motorcyclist was been taken to the hospital where the doctor declared the victim as dead.,3577,2,North,Unknown,3577005520,BURARI,Burari,Delhi,Delhi,North,Civil Lines,Timarpur,28.751704,77.198739
20-07-2022,04:35 PM,210157,Anisha,2022-05-06T00:00:00Z,0157,20,12:22,2021-03-10T00:00:00Z,Hit Pedestrian,TRUE,FALSE,FALSE,Fatal Crash,1,0,1,Unknown,NA,"Canara Bank, Main 100 Foota Road","Burari, Delhi",NA,29,77,A pedesrian was been hit by a tempo. The victim was taken to the hospital by an unknown person in private vehicle where the doctor declared the victim as dead.,3578,2,North,Unknown,3578015720,BURARI,Burari,Delhi,Delhi,North,Civil Lines,Timarpur,28.749552,77.198572
20-07-2022,04:35 PM,210159,Anisha,2022-05-06T00:00:00Z,0159,20,19:00,2021-03-10T00:00:00Z,Unknown,TRUE,FALSE,FALSE,Fatal Crash,1,0,2,Unknown,NA,Near Burari Flyover,"Burari, Delhi",NA,29,77,"A motorcyclist was been hit by an unknown vehicle. When taken the victim to the hospital, the doctor declared as brought dead.",3579,0,North,Unknown,3579015920,BURARI,Burari,Delhi,Delhi,North,Civil Lines,Timarpur,28.728657,77.197792
20-07-2022,04:35 PM,210187,Anisha,2022-05-06T00:00:00Z,0187,20,23:46,2021-03-22T00:00:00Z,Hit Pedestrian,TRUE,FALSE,FALSE,Fatal Crash,1,0,1,Unknown,NA,"Burari, Delhi",NA,NA,29,77,A pedestrian was been hit by a motorcyclist. The pedestrain was then taken to the hospital by a public person where the victim was treated but later on the doctor declared that he died during the treatment.,3580,0,North,Unknown,3580018720,BURARI,Burari,Delhi,Delhi,North,Civil Lines,Timarpur,28.755435,77.197567
20-07-2022,04:35 PM,210198,Anisha,2022-05-06T00:00:00Z,0198,20,03:00,2021-03-27T00:00:00Z,Unknown,TRUE,FALSE,FALSE,Fatal Crash,1,1,2,Unknown,NA,Over Burari Flyover,NA,NA,29,77,A motorcyclist was been hit by a tempo and due to which the motorcyclist and a pillion rider got injured. They were taken to the hosptal by an van where one was declared dead by the doctor and the other was injured.,3581,2,North,Unknown,3581019820,BURARI,Burari,Delhi,Delhi,North,Civil Lines,Timarpur,28.728962,77.196601
20-07-2022,04:35 PM,210772,Anisha,2022-05-06T00:00:00Z,0772,20,22:15,2021-09-16T00:00:00Z,Unknown,TRUE,FALSE,FALSE,Fatal Crash,1,0,2,Unknown,NA,In front of Burari Petrol Pump,"Burari, Delhi",NA,29,77,A scooty rider was been hit by a Green colour DTC bus and ran away from the site. The victim was then taken to the hospital by a PCR car where the victim was treated.,3582,0,South,Unknown,3582077220,BURARI,Burari,Delhi,Delhi,North,Civil Lines,Timarpur,28.728472,77.189391
20-07-2022,04:35 PM,210784,Anisha,2022-05-06T00:00:00Z,0784,20,01:30,2021-09-21T00:00:00Z,Backend Collision,TRUE,FALSE,FALSE,Fatal Crash,1,0,2,Unknown,NA,Outer Ring Road,Towards Burari to Mukundpur,"Near Chritmas Kabristan, Delhi",29,77,A truck was trying to overtake a vehicle but a scooty rider was behind the truck and due to which the scooty got hit into the truck. The victim was then taken to the hospital and was declared brought dead.,3583,2,South,Same Direction,3583078420,BURARI,Burari,Delhi,Delhi,North,Civil Lines,Timarpur,28.730445,77.189925
20-07-2022,04:35 PM,210002,Anisha,2022-05-06T00:00:00Z,0002,22,21:40,2021-01-17T00:00:00Z,Unknown,FALSE,FALSE,TRUE,Fatal Crash,1,0,2,Unknown,NA,"Pancheel, Sardar Patel Crossing",Chanakyapuri,NA,29,77,A scooty rider was been hit by a car. When the victim was taken to the hospital the doctor declared as brought dead.,3584,2,South-West,Unknown,3584000222,CHANAKYAPURI,Chanakya Puri,Delhi,Delhi,New Delhi,Chanakya Puri,Chanakya Puri,28.601981,77.18071
20-07-2022,04:35 PM,210107,Anisha,2022-05-06T00:00:00Z,0107,22,20:30,2021-07-01T00:00:00Z,Unknown,FALSE,FALSE,FALSE,Fatal Crash,2,0,2,Unknown,NA,Satya Marg,Near Shanti Path Crossing,NA,29,77,A TSR was been hit by a motorcylist. The motorcyclist and the pillion rider were taken to the hospital in different PCR vans where doctor declared them as brought dead.,3585,2,South,Unknown,3585010722,CHANAKYAPURI,Chanakya Puri,Delhi,Delhi,New Delhi,Chanakya Puri,Chanakya Puri,28.585614,77.19205
20-07-2022,04:35 PM,210124,Anisha,2022-05-06T00:00:00Z,0124,22,01:00,2021-08-14T00:00:00Z,Hit Pedestrian,TRUE,FALSE,FALSE,Fatal Crash,1,0,1,Unknown,NA,Near Gate No. 29 and 30,Mother Tresa Crescent Road,"Chanakyapuri, New Delhi",29,77,A pedestrian was been hit by an unknown vehicle. The victim was taken to the hospital by a PCR car where the doctor decalred as patient brought dead.,3586,1,West,Unknown,3586012422,CHANAKYAPURI,Chanakya Puri,Delhi,Delhi,New Delhi,Chanakya Puri,Chanakya Puri,28.60771,77.193793
20-07-2022,04:35 PM,210153,Anisha,2022-05-06T00:00:00Z,0153,22,19:15,2021-10-24T00:00:00Z,Hit Pedestrian,TRUE,FALSE,FALSE,Fatal Crash,1,0,1,Unknown,NA,Sardar Patel Marg,Towards Dhaula Kuan Road,Near 11 Murti,29,77,A pedestrian was been hit by an unknown vehicle. The victim was taken to the hospital where the victim was been treated and doctor declared as patient unfit for the statement.,3587,2,West,Unknown,3587015322,CHANAKYAPURI,Chanakya Puri,Delhi,Delhi,New Delhi,Chanakya Puri,Chanakya Puri,28.6097998153717,77.1912265214575
20-07-2022,04:35 PM,210006,Anisha,2022-05-06T00:00:00Z,0006,23,10:45,2021-01-06T00:00:00Z,Head on Collision,FALSE,FALSE,FALSE,Fatal Crash,1,1,2,Unknown,NA,Khaira Mod to Ghumanhera Road,"T-point, Panadawala Kalan Village",NA,29,77,A motorcyclist was been hit by a bus who was rash driving on the T-point. The bus hitted the motorcyclist due too which the motorcyclist and the pillion rider fell from the motorcycle. They were taken to the hospital by the same bus where the motorcyclist was declared as brought dead and the pillion rider was treated.,3588,7,South,Opposite Direction,3588000623,CHHAWALA,Chhawla,Delhi,Delhi,Dwarka,Najafgarh,Chhawla,28.558694,76.939059
20-07-2022,04:35 PM,210025,Anisha,2022-05-06T00:00:00Z,0025,23,06:24,2021-01-13T00:00:00Z,Single Vehicle Overturn,FALSE,FALSE,FALSE,Fatal Crash,1,0,1,Unknown,NA,Near Chintels Company,Raghovpur Village to Gurgaon Road,NA,29,77,A car got hit by a sign board hoarding and due to which he got overturn and the victim was stuck between the bonnet and driver seat. The victim wa taken out by a firebrigade and then was taken to the hospital where he was declared as dead.,3589,7,West,Not Applicable,3589002523,CHHAWALA,Chhawla,Delhi,Delhi,Dwarka,Najafgarh,Chhawla,28.529094,77.004956
20-07-2022,04:35 PM,210044,Anisha,2022-05-06T00:00:00Z,0044,23,NA,2021-01-20T00:00:00Z,Unknown,TRUE,FALSE,FALSE,Fatal Crash,1,0,2,Unknown,NA,Opposite to Royal Enfield Showroom,Near Sai Dharam Kanta,"Roshanpura, New Delhi",29,77,"A motorcyclist was been crushed by a truck on the spot. The motorcylist was when taken to the hospital, the doctor declared him as brought dead.",3590,2,West,Unknown,3590004423,CHHAWALA,Chhawla,Delhi,Delhi,Dwarka,Najafgarh,Chhawla,28.561377,77.001967
20-07-2022,04:35 PM,210058,Anisha,2022-05-06T00:00:00Z,0058,23,10:00,2021-01-28T00:00:00Z,Head on Collision,FALSE,FALSE,FALSE,Fatal Crash,1,1,2,Unknown,NA,Infront of Gali no. 12,Defence Enclave,NA,29,77,"A motorcylist and a pilliion rider were been hit by a JCB. The pillion rider was been injured more. When taken to the hospital, the doctor declared her as brought dead.",3591,4,East,Opposite Direction,3591005823,CHHAWALA,Chhawla,Delhi,Delhi,Dwarka,Najafgarh,Chhawla,28.577928,77.008705
20-07-2022,04:35 PM,210079,Anisha,2022-05-06T00:00:00Z,0079,23,11:00,2021-02-11T00:00:00Z,Hit Pedestrian,FALSE,FALSE,FALSE,Fatal Crash,1,0,1,Unknown,NA,"H No. RZ G-3, Gali No.14","Prem Nagar, Najafgarh",NA,29,77,"A pedestrian was been hit by a car which was reversing back. When reaching the hospital with the victim, the doctor declared as brought dead.",3592,5,West,Same Direction,3592007923,CHHAWALA,Chhawla,Delhi,Delhi,Dwarka,Najafgarh,Chhawla,28.604302,76.976289
20-07-2022,04:35 PM,210080,Anisha,2022-05-06T00:00:00Z,0080,23,18:22,2021-02-13T00:00:00Z,Backend Collision,FALSE,FALSE,FALSE,Fatal Crash,1,3,2,Unknown,NA,Jhuljhuli Gaon Bus Stand,Main Road,NA,29,77,A car was been hit by a cluster bus. The victims were taken to the hospital where one of the victims died and the other three were injured.,3593,12,West,Same Direction,3593008023,CHHAWALA,Chhawla,Delhi,Delhi,Dwarka,Najafgarh,Chhawla,28.53482,76.903657
20-07-2022,04:35 PM,210198,Anisha,2022-05-06T00:00:00Z,0198,23,18:22,2021-04-26T00:00:00Z,Unknown,FALSE,FALSE,FALSE,Fatal Crash,1,0,2,Unknown,NA,Old Kakrola Road,Radha Krishan Vatika,NA,29,77,A motorcyclist was been hit by a car. The motorcyclist was been taken to the hospital where the doctor declared him as brought dead.,3594,5,North,Unknown,3594019823,CHHAWALA,Chhawla,Delhi,Delhi,Dwarka,Najafgarh,Chhawla,28.614679,77.028345
20-07-2022,04:35 PM,210285,Anisha,2022-05-06T00:00:00Z,0285,23,20:57,2021-06-19T00:00:00Z,Backend Collision,TRUE,FALSE,FALSE,Fatal Crash,1,0,1,Unknown,NA,Jhatikra Road,Near Raiwala Gaon Road,NA,29,77,"A motorcyclist was been hit by a truck. When taken the motorcyclist to the hospital, the doctor declared as brought dead.",3595,2,South,Same Direction,3595028523,CHHAWALA,Chhawla,Delhi,Delhi,Dwarka,Najafgarh,Chhawla,28.520276,76.966388
20-07-2022,04:35 PM,210342,Anisha,2022-05-06T00:00:00Z,0342,23,22:00,2021-07-27T00:00:00Z,Head on Collision,FALSE,FALSE,FALSE,Fatal Crash,2,1,2,Unknown,NA,Jhatikara Road,Towards Paprawat Road,NA,29,77,A bus while overtaking collided with car which was coming from front. The car's driver and the car's passenger were been taken to the hospital where the car's passenger was declared as brought dead.,3596,1,South,Perpendicular Direction,3596034223,CHHAWALA,Chhawla,Delhi,Delhi,Dwarka,Najafgarh,Chhawla,28.521418,76.965173
20-07-2022,04:35 PM,210530,Anisha,2022-05-06T00:00:00Z,0530,23,09:00,2021-11-13T00:00:00Z,Unknown,FALSE,FALSE,FALSE,Fatal Crash,1,0,1,Unknown,NA,Deenpur Extension,Near Masjid,NA,29,77,A disembarked vehicle occupant was getting off from the vehicle when suddenly the driver of the truck started his truck and moved ahead due to which the victim fell and got injured. When taken to the hospital the victim was declared as brought dead.,3597,2,South,Not Applicable,3597053023,CHHAWALA,Chhawla,Delhi,Delhi,Dwarka,Najafgarh,Chhawla,28.595129,76.993172
20-07-2022,04:35 PM,210551,Anisha,2022-05-06T00:00:00Z,0551,23,20:30,2021-11-28T00:00:00Z,Unknown,TRUE,FALSE,FALSE,Fatal Crash,1,0,2,Unknown,NA,Jhatikara Mod,Near Rewal,NA,29,77,Two motorcyclist got hit each other. One of the motorcylist was not found on the spot while the other motorcyclist was taken to the hospital where the doctor declared as brought dead.,3598,3,South,Unknown,3598055123,CHHAWALA,Chhawla,Delhi,Delhi,Dwarka,Najafgarh,Chhawla,28.572355,76.980829
20-07-2022,04:35 PM,210271,Anisha,2022-05-06T00:00:00Z,0271,24,22:42,2021-08-18T00:00:00Z,Unknown,TRUE,FALSE,FALSE,Fatal Crash,1,0,2,Unknown,NA,Chirag Delhi Flyover,New Delhi,NA,29,77,A cyclist was been hit by a scooty rider. The cyclist was then taken to the hospital where the doctor declared him as dead.,3599,2,North-West,Unknown,3599027124,CHITRANJANPARK,Chittaranjan Park,Delhi,Delhi,South,Hauz Khas,Chittaranjan Park,28.541661,77.231216
20-07-2022,04:35 PM,210026,Anisha,2022-05-06T00:00:00Z,0026,24,18:00,2021-01-22T00:00:00Z,Backend Collision,TRUE,FALSE,FALSE,Fatal Crash,1,0,2,Unknown,NA,K-1 Road,Infront of Ramanuj College,NA,29,77,"A motorcyclist and a pillion rider was been hit by a truck driver from back and crushed upon the head of the pillion rider. When reaching to the hospital, the doctor declared the pillion rider as brought dead.",3600,1,East,Same Direction,3600002624,CHITRANJANPARK,Chittaranjan Park,Delhi,Delhi,South,Hauz Khas,Chittaranjan Park,28.535253,77.209382
20-07-2022,04:35 PM,2100136,Anisha,2022-05-06T00:00:00Z,0136,24,06:10,2021-05-02T00:00:00Z,Head on Collision,TRUE,FALSE,FALSE,Fatal Crash,1,0,2,Unknown,NA,"M-Block Market, Main Road","GK-2, New Delhi",NA,29,77,"A cycle rickshaw was been hit by a truck due to which the passenger in the cycle rickshaw got injured. When taken to the hospital, the doctor checked him and declared as dead.",3601,1,West,Opposite Direction,3601013624,CHITRANJANPARK,Chittaranjan Park,Delhi,Delhi,South,Hauz Khas,Chittaranjan Park,28.534115,77.244086
20-07-2022,04:35 PM,210237,Anisha,2022-05-07T00:00:00Z,0237,24,02:00,2021-07-11T00:00:00Z,Unknown,FALSE,FALSE,FALSE,Fatal Crash,1,2,2,Unknown,NA,"Chaurha, Near Market No. 1",Bipin Chandra Marg,Chitranjan Park,29,77,A scooty and a motorcycle were found in an accidental condition and their riders and pillion rider were taken to the hospital where the motorcyclist was declared as dead and the other two were been treated.,3602,1,North-East,Unknown,3602023724,CHITRANJANPARK,Chittaranjan Park,Delhi,Delhi,South,Hauz Khas,Chittaranjan Park,28.539914,77.248644