Auto_Date,Auto_Time,Form_No,Entry_Personnel,Filled_Date,FIR_No,Police_Station,Time_Of_Crash,Date_Of_Crash,Collision_Type,Hit_and_Run,Special_Case,Case File Available,Crash_Severity,No_Of_ Fatalities,No_Of_ Injured,No_Of_Vehicles,Location,Road_Type,Road_1,Road_2,Road_3,GPS_Lat,GPS_Long,Note,Crash_ID,Distance_From_Landmark,Text97,Veh_Rel_Travel_Dir,Crash_ID_new,PS_Name,PS_Name_New,PS_State,PS_Dist,div_DCP,Sb_div_ACP,Circle_TI,Latitude,Longitude
20-07-2022,04:35 PM,210245,Anisha,2022-05-07T00:00:00Z,0245,24,15:15,2021-07-27T00:00:00Z,Unknown,FALSE,FALSE,FALSE,Fatal Crash,1,2,2,Unknown,NA,"K-1 Road, Nehru Apartment",Near Police Booth,"B-block, CR Park",29,77,A auto rickshaw was been hit by a car. The passenger and the driver of the auto rickshaw were taken to the hospital by an unknown where the rickshaw driver was declared dead during the treatment and the passengers were been treated.,3603,2,N/A,Unknown,3603024524,CHITRANJANPARK,Chittaranjan Park,Delhi,Delhi,South,Hauz Khas,Chittaranjan Park,28.54345,77.246329
20-07-2022,04:35 PM,210309,Anisha,2022-05-07T00:00:00Z,0309,24,09:00,2021-10-11T00:00:00Z,Hit Pedestrian,TRUE,FALSE,FALSE,Fatal Crash,1,0,1,Unknown,NA,Infront of H No. D-704,"CR Park, New Delhi",NA,29,77,A pedestrian was been hit by an unknown vehicle and the caller who gave the information took the pedestrian to the hospital where the victim was treated.,3604,1,East,Unknown,3604030924,CHITRANJANPARK,Chittaranjan Park,Delhi,Delhi,South,Hauz Khas,Chittaranjan Park,28.537264,77.253937
20-07-2022,04:35 PM,210037,Anisha,2022-05-07T00:00:00Z,0037,25,23:30,2021-02-06T00:00:00Z,Right Angle Crash,TRUE,FALSE,FALSE,Fatal Crash,1,1,2,Unknown,NA,"Near Metro Station, Civil Lines",Under Hill Road,Cut Inner Rng Road,29,77,A motorcyclist and it's pillion rider were been hit when the car which was in their front took a U-turn without giving any indicator. They fell from the motorcycle and the rider came under the mortorcycle and the pillion rider was injured brutally.,3605,1,N/A,Same Direction,3605003725,CIVILLINES,Civil Lines,Delhi,Delhi,North,Civil Lines,Civil Lines,28.678207,77.221798
20-07-2022,04:35 PM,210066,Anisha,2022-05-07T00:00:00Z,0066,25,22:30,2021-03-14T00:00:00Z,Backend Collision,TRUE,FALSE,FALSE,Fatal Crash,1,1,2,Unknown,NA,Outer Ring Road Cut,In fornt of CNG Pump,NA,29,77,A motorcyclist and a pillion rider got hit by the truck when the truck's driver suddenly put break and was trying to take turn. The motorcyclist and the pillion rider fell from the bike and were injured. The truck's driver ran away from the spot. They were taken to the hospital by the ambulance where they were been treated.,3606,1,N/A,Same Direction,3606006625,CIVILLINES,Civil Lines,Delhi,Delhi,North,Civil Lines,Civil Lines,28.681852,77.229073
20-07-2022,04:35 PM,210079,Anisha,2022-05-07T00:00:00Z,0079,25,15:12,2021-03-29T00:00:00Z,Unknown,FALSE,FALSE,FALSE,Fatal Crash,1,0,2,Unknown,NA,Infront of Hotel Meridian,Oberoi Gate,"Civil Lines, Delhi",29,77,A motorcyclist and a car met with a crash and the motorcyclist was taken to the hospital by a public person. The doctor declared him as brought dead.,3607,1,N/A,Unknown,3607007925,CIVILLINES,Civil Lines,Delhi,Delhi,North,Civil Lines,Civil Lines,28.674831,77.225523
20-07-2022,04:35 PM,210098,Anisha,2022-05-07T00:00:00Z,0098,25,22:00,2021-04-12T00:00:00Z,Unknown,TRUE,FALSE,FALSE,Fatal Crash,1,0,2,Unknown,NA,Bonta Park to Mori Gate,NA,NA,29,77,A motorcyclist was been hit by a cluster bus. The motorcyclist was been taken to the hospital by the police where the victim was being treated.,3608,2,N/A,Unknown,3608009825,CIVILLINES,Civil Lines,Delhi,Delhi,North,Civil Lines,Civil Lines,28.684975,77.216457
20-07-2022,04:35 PM,210244,Anisha,2022-05-07T00:00:00Z,0244,25,18:30,2021-06-24T00:00:00Z,Unknown,TRUE,FALSE,FALSE,Fatal Crash,1,0,2,Unknown,NA,Infront of Vidhan Sabha,Towards ISBT Road,NA,29,77,A motorcyclist got hit by an unknwon vehicle and the motorcyclist was been taken to the hospital by a public person.,3609,1,N/A,Unknown,3609024425,CIVILLINES,Civil Lines,Delhi,Delhi,North,Civil Lines,Civil Lines,28.686596,77.221783
20-07-2022,04:35 PM,210240,Anisha,2022-05-07T00:00:00Z,0240,25,16:20,2021-06-19T00:00:00Z,Others,FALSE,FALSE,FALSE,Fatal Crash,1,0,1,Unknown,NA,Near Tees Hazari Red Light,"Civil Lines, Delhi",NA,29,77,A pillion rider fell from the motorcycle and was taken to the hospital by the motorcycle rider. The victim was been treated at the hospital where the doctor declared as patient unfit for the statement.,3610,2,N/A,Not Applicable,3610024025,CIVILLINES,Civil Lines,Delhi,Delhi,North,Civil Lines,Civil Lines,28.666921,77.217928
20-07-2022,04:35 PM,210302,Anisha,2022-05-07T00:00:00Z,0302,25,14:27,2021-08-11T00:00:00Z,Single Vehicle Overturn,FALSE,FALSE,FALSE,Fatal Crash,1,0,1,Unknown,NA,Infront of LG House,"Civil Lines, Delhi",NA,29,77,An E-rickshaw driver got stuck and injured due to the overturn of the rickshaw. The victim was taken to the hospital and was given first aid.,3611,2,South-West,Not Applicable,3611030225,CIVILLINES,Civil Lines,Delhi,Delhi,North,Civil Lines,Civil Lines,28.672773,77.220921
20-07-2022,04:35 PM,210414,Anisha,2022-05-07T00:00:00Z,0414,25,23:20,2021-10-13T00:00:00Z,Hit Pedestrian,FALSE,FALSE,FALSE,Fatal Crash,1,0,1,Unknown,NA,Outer Ring Road,Near Gita Ghat Rain Basera,"Civil Lines, Delhi",29,77,A pedestrian was been hit by a truck driver and was taken to the hospital by a police car where the pedestrian was declared as brought dead.,3612,1,N/A,Unknown,3612041425,CIVILLINES,Civil Lines,Delhi,Delhi,North,Civil Lines,Civil Lines,28.680146,77.229531
20-07-2022,04:35 PM,210422,Anisha,2022-05-07T00:00:00Z,0422,25,00:22,2021-10-21T00:00:00Z,Hit Pedestrian,TRUE,FALSE,FALSE,Fatal Crash,1,0,2,Unknown,NA,"Outer Ring Road, Gurudwara",Towards Kashmiri Gate Road,NA,29,77,A disembarked vehicle occupant was been hit by tempo who was coming at a very high speed.,3613,2,North-East,Same Direction,3613042225,CIVILLINES,Civil Lines,Delhi,Delhi,North,Civil Lines,Civil Lines,28.69411,77.22765
20-07-2022,04:35 PM,210426,Anisha,2022-05-07T00:00:00Z,0426,25,17:45,2021-10-25T00:00:00Z,Hit Pedestrian,FALSE,FALSE,FALSE,Fatal Crash,1,0,1,Unknown,NA,Near Parshavnath Building,Chappin Phari Road,"Aruna nagar, Majnu Ka Tila",29,77,A pedestrian was been hit by a speeding car and crushed upon the pedestrian's head. The pedestrian died on the spot.,3614,1,N/A,Same Direction,3614042625,CIVILLINES,Civil Lines,Delhi,Delhi,North,Civil Lines,Civil Lines,28.513934,77.1173851358044
20-07-2022,04:35 PM,210428,Anisha,2022-05-07T00:00:00Z,0428,25,20:50,2021-10-27T00:00:00Z,Hit Pedestrian,TRUE,FALSE,FALSE,Fatal Crash,1,1,1,Unknown,NA,At round about to MCD Office Road,NA,NA,29,77,The pedestrians were been hit by an unknown vehicle and were been taken to the hospital where one of the pedestrian died during the treatment and the other was been treated.,3615,2,North-East,Unknown,3615042825,CIVILLINES,Civil Lines,Delhi,Delhi,North,Civil Lines,Civil Lines,28.6742716418463,77.2167905113744
20-07-2022,04:35 PM,210250,Anisha,2022-05-07T00:00:00Z,0250,25,00:00,2021-06-20T00:00:00Z,Hit Pedestrian,TRUE,FALSE,FALSE,Fatal Crash,1,0,1,Unknown,NA,Near MCD Office,Civil Lines,NA,29,77,A pedestrian was been hit by an unknown vehicle and was been taken to the hospital,3616,1,N/A,Unknown,3616025025,CIVILLINES,Civil Lines,Delhi,Delhi,North,Civil Lines,Civil Lines,28.673908,77.216154
20-07-2022,04:35 PM,210013,Anisha,2022-05-07T00:00:00Z,0013,26,05:15,2021-02-02T00:00:00Z,Single Vehicle Hit Fixed Object,FALSE,FALSE,FALSE,Fatal Crash,1,1,1,Unknown,NA,Janpath Road,Infront of Western Court,NA,29,77,"The motorcyclist was driving at a high speed and in wrong way and due to this the car which was coming in front of them it's headlight disbalanced the motorcyclist. Due to this, the motorcyclist and the pillion rider got hit on the divider and the police car took them to the hospital. The motorcyclist was declared as brought dead and the pillion rider was been treated.",3618,1,N/A,Same Direction,3618001326,CONNAUGHTPLACE,Connaught Place,Delhi,Delhi,New Delhi,Connaught Place,Connaught Place,28.62377,77.219108
20-07-2022,04:35 PM,210139,Anisha,2022-05-08T00:00:00Z,0139,26,08:30,2021-07-25T00:00:00Z,Backend Collision,FALSE,FALSE,FALSE,Fatal Crash,1,0,2,Unknown,NA,Janpath Road,Infront of Saravana Bhawan Restaurant,Cannaught Place,29,77,A cyclist was been hit by a car driver who was coming at a speed from behind. The victim was taken to the hospital by the same car and the doctor declared him as brought dead.,3619,1,North-East,Same Direction,3619013926,CONNAUGHTPLACE,Connaught Place,Delhi,Delhi,New Delhi,Connaught Place,Connaught Place,28.626962,77.21939
20-07-2022,04:35 PM,210170,Anisha,2022-05-08T00:00:00Z,0170,26,20:20,2021-07-04T00:00:00Z,Hit Pedestrian,TRUE,FALSE,FALSE,Fatal Crash,1,0,1,Unknown,NA,Outer Circle,Infront of Pankuiya Road,"Cannaught Place, New Delhi",29,77,A  pedestrian was been hit by an unknown vehicle and was taken to the hospital where the victim was declared dead by the doctor.,3620,1,South,Unknown,3620017026,CONNAUGHTPLACE,Connaught Place,Delhi,Delhi,New Delhi,Connaught Place,Connaught Place,28.629249,77.213436
20-07-2022,04:35 PM,210189,Anisha,2022-05-08T00:00:00Z,0189,26,06:00,2021-10-24T00:00:00Z,Hit Pedestrian,TRUE,FALSE,FALSE,Fatal Crash,1,0,2,Unknown,NA,"Middle Circle, Near K-Block",NA,NA,0,0,A car and an auto met with a crash due to which the auto overturned and hit a pedestrian. The pedestrian died on the spot and when taken to the hospital the doctor declared as brought dead.,3621,1,North,Unknown,3621018926,CONNAUGHTPLACE,Connaught Place,Delhi,Delhi,New Delhi,Connaught Place,Connaught Place,28.63494,77.21981
20-07-2022,04:35 PM,210022,Anisha,2022-05-08T00:00:00Z,0022,28,09:00,2021-01-14T00:00:00Z,Hit Pedestrian,FALSE,FALSE,FALSE,Fatal Crash,1,1,1,Unknown,NA,Dabri Dwarka Road,Near Traffic Signal,"Sitapuri, New Delhi",29,77,NA,3622,1,South,Opposite Direction,3622002228,DABRI,Dabri,Delhi,Delhi,Dwarka,Dwarka,Dabri,28.617591,77.077799
20-07-2022,04:35 PM,210234,Anisha,2022-05-08T00:00:00Z,0234,28,15:19,2021-04-19T00:00:00Z,Hit Pedestrian,TRUE,FALSE,FALSE,Fatal Crash,1,0,1,Unknown,NA,Near Dwarkapuri Bus Stop,"Dabri, Dwarka to Dabri Road",New Delhi,29,77,A pedestrian was been hit by an unknown vehile and was taken to the hospital where the victim ws declared during the treatment.,3623,4,South-East,Unknown,3623023428,DABRI,Dabri,Delhi,Delhi,Dwarka,Dwarka,Dabri,28.611263,77.084349
20-07-2022,04:35 PM,210399,Anisha,2022-05-08T00:00:00Z,0399,28,20:00,2021-06-13T00:00:00Z,Hit Pedestrian,TRUE,FALSE,FALSE,Fatal Crash,1,0,1,Unknown,NA,In front of Mandir,Shani Mandir Bazar Chowk,Mahavir Enclave,29,77,A pedestrian was hit by an car and the pedestrian was found dead in the next morning.,3624,3,West,Unknown,3624039928,DABRI,Dabri,Delhi,Delhi,Dwarka,Dwarka,Dabri,28.616559,77.090132
20-07-2022,04:35 PM,210547,Anisha,2022-05-09T00:00:00Z,0547,28,23:59,2021-07-08T00:00:00Z,Others,FALSE,FALSE,FALSE,Fatal Crash,1,0,1,Unknown,NA,Palam Dabri Road,NA,NA,29,77,"A motorcyclist and a pillion rider fell from the motorcycle on their own and the pillion rider got injured. On reaching to the hospital, the doctor declared the pillion rider as brought dead.",3625,1,N/A,Not Applicable,3625054728,DABRI,Dabri,Delhi,Delhi,Dwarka,Dwarka,Dabri,28.603781,77.082837
20-07-2022,04:35 PM,210752,Anisha,2022-05-09T00:00:00Z,0752,28,03:45,2021-09-10T00:00:00Z,Hit Pedestrian,TRUE,FALSE,FALSE,Fatal Crash,1,0,1,Unknown,NA,Sabji Mandir,Infront of Dabri Mod,NA,26,78,A pedestrian was hit by an unknown vehicle and admitted to the hospital where the doctor declared as patient unfit for the statement and was also having smell of alcohol.,3626,0,N/A,Unknown,3626075228,DABRI,Dabri,Delhi,Delhi,Dwarka,Dwarka,Dabri,28.612773,77.086751
20-07-2022,04:35 PM,210779,Anisha,2022-05-09T00:00:00Z,0779,28,18:00,2021-09-15T00:00:00Z,Hit Pedestrian,TRUE,FALSE,FALSE,Fatal Crash,1,0,1,Unknown,NA,Near Dada Dev Hospital,New Delhi,NA,29,77,A pedestrian was been hit by an unknown vehicle and was taken to the hospital where the doctor declared as patient unfit for the statement.,3627,1,South,Unknown,3627077928,DABRI,Dabri,Delhi,Delhi,Dwarka,Dwarka,Dabri,28.609443,77.082873
20-07-2022,04:35 PM,210865,Anisha,2022-05-09T00:00:00Z,0865,28,14:40,2021-10-10T00:00:00Z,Hit Pedestrian,TRUE,FALSE,FALSE,Fatal Crash,1,0,1,Unknown,NA,"Infront of Shop No.162, Banti Medicose",Gate No. 3,NA,29,77,A pedestrian was been hit by a truck driver who was coming at a very high speedand the pedestrian died on the spot.,3628,3,N/A,Opposite Direction,3628086528,DABRI,Dabri,Delhi,Delhi,Dwarka,Dwarka,Dabri,28.6054022290891,77.073209567993
20-07-2022,04:35 PM,210940,Anisha,2022-05-09T00:00:00Z,0940,28,03:00,2021-11-02T00:00:00Z,Unknown,TRUE,FALSE,FALSE,Fatal Crash,1,0,2,Unknown,NA,Nala Road Power House Red Light,NA,NA,29,77,A motorcyclist was been hit by an unknown vehicle and was found on the road by a public person.,3629,2,South,Unknown,3629094028,DABRI,Dabri,Delhi,Delhi,Dwarka,Dwarka,Dabri,28.7083911618914,77.1352033790489
20-07-2022,04:35 PM,211013,Anisha,2022-05-09T00:00:00Z,1013,28,06:00,2021-12-02T00:00:00Z,Others,FALSE,FALSE,FALSE,Fatal Crash,1,1,1,Unknown,NA,Towards Dabri Power House Road,New Delhi,NA,29,77,A motorcyclist and a pillion rider were self injured and were taken to the hospital by private ambulance where the pillion rider was declared as dead and the motoryclist was declared as patient unfit for the statement.,3630,1,South,Not Applicable,3630101328,DABRI,Dabri,Delhi,Delhi,Dwarka,Dwarka,Dabri,28.610724,77.084003
20-07-2022,04:35 PM,211083,Anisha,2022-05-09T00:00:00Z,1083,28,11:45,2021-12-18T00:00:00Z,Unknown,TRUE,FALSE,FALSE,Fatal Crash,1,0,1,Unknown,NA,40 Foota Road,Infront of PS Bindapur,NA,29,77,A scooty rider was been hit by an unknown vehice and when taken to the hospital the victim was declared as brought dead.,3631,2,South-West,Unknown,3631108328,DABRI,Dabri,Delhi,Delhi,Dwarka,Dwarka,Dabri,28.61146,77.076449
20-07-2022,04:35 PM,210115,Anisha,2022-05-09T00:00:00Z,0115,29,NA,2021-04-26T00:00:00Z,Hit Pedestrian,TRUE,FALSE,FALSE,Fatal Crash,1,0,1,Unknown,NA,Outer Ring Road,Near Rajghat Road,NA,29,77,A pedestrian was been hit by an unknown vehicle. The victim was taken to the hospital by the ambulance and was treated there.,3632,2,East,Unknown,3632011529,DARYAGANJ,Darya Ganj,Delhi,Delhi,Central,Kamla Market,Darya Ganj,28.639926,77.257256
20-07-2022,04:35 PM,210181,Anisha,2022-05-09T00:00:00Z,0181,29,15:30,2021-06-14T00:00:00Z,Unknown,TRUE,FALSE,FALSE,Fatal Crash,1,0,2,Unknown,NA,Outer Ring Road,Near DTC Rajghat,"Bus Depot, Near U-turn",29,77,A motorcyclist was been hit by an unknown vehicle. The victim was been taken to the hospital by auto. The doctor declared the victim as unfit to give statement.,3633,2,East,Unknown,3633018129,DARYAGANJ,Darya Ganj,Delhi,Delhi,Central,Kamla Market,Darya Ganj,28.6420985,77.252747
20-07-2022,04:35 PM,210231,Anisha,2022-05-09T00:00:00Z,0231,29,22:45,2021-07-06T00:00:00Z,Unknown,FALSE,FALSE,FALSE,Fatal Crash,1,0,2,Unknown,NA,Mahatma Gandhi Marg,After cut Rajghat To Kashmiri Gate,NA,29,77,Two scooty riders met with a crash and one of the scooty riderswas taken to the hospital by the PCR van. The victim was been treated and where doctor declared as patient unfit for the statement.,3634,2,North-East,Unknown,3634023129,DARYAGANJ,Darya Ganj,Delhi,Delhi,Central,Kamla Market,Darya Ganj,28.662854,77.237088
20-07-2022,04:35 PM,210337,Anisha,2022-05-09T00:00:00Z,0337,29,00:45,2021-08-27T00:00:00Z,Hit Pedestrian,TRUE,FALSE,FALSE,Fatal Crash,1,0,1,Unknown,NA,Mahatma Gandhi Road,Shanti Van Red Light,Darya Ganj,29,77,A pedestrian was been hit by a tempo driver while he was walking on the road. The victim was taken to the hospital by ambulance where he was deckared as brought dead.,3635,0,North-East,Unknown,3635033729,DARYAGANJ,Darya Ganj,Delhi,Delhi,Central,Kamla Market,Darya Ganj,28.65078,77.245069
20-07-2022,04:35 PM,210349,Anisha,2022-05-09T00:00:00Z,0349,29,16:38,2021-08-27T00:00:00Z,Hit Pedestrian,TRUE,FALSE,FALSE,Fatal Crash,1,0,1,Unknown,NA,Near Delhi Gate Red Light,NS Marg Towards Red Fort,NA,29,77,A pedestrian was been hit by an unknown vehicle. A public person took the victim to the hospital where the doctor declaredhim as brought dead.,3636,0,West,Unknown,3636034929,DARYAGANJ,Darya Ganj,Delhi,Delhi,Central,Kamla Market,Darya Ganj,NA,NA
20-07-2022,04:35 PM,210436,Anisha,2022-05-09T00:00:00Z,0436,29,19:03,2021-11-09T00:00:00Z,Hit Pedestrian,TRUE,FALSE,FALSE,Fatal Crash,1,0,1,Unknown,NA,Outer Ring Road,Near Rajghat Bus Depot,"U-turn, Daryaganj",29,77,A pedestrian was been hit by an unknown vehicle. The police van took the victim to the hospital where the doctor declared as dead.,3637,1,East,Unknown,3637043629,DARYAGANJ,Darya Ganj,Delhi,Delhi,Central,Kamla Market,Darya Ganj,28.639888,77.257518
20-07-2022,04:35 PM,210521,Anisha,2022-05-09T00:00:00Z,0521,29,00:20,2021-12-19T00:00:00Z,Unknown,FALSE,FALSE,FALSE,Fatal Crash,1,0,2,Unknown,NA,"Shanti Van Red Light, Daryaganj",NA,NA,29,77,A motorcyclist was been hit by a truck driver. The victim was taken to the hospital by the ambulance where the doctor declared as patient unfit for the statement.,3638,1,North-East,Unknown,3638052129,DARYAGANJ,Darya Ganj,Delhi,Delhi,Central,Kamla Market,Darya Ganj,28.65076,77.245086
20-07-2022,04:35 PM,210231,Anisha,2022-05-10T00:00:00Z,0231,30,13:30,2021-06-14T00:00:00Z,Others,FALSE,FALSE,FALSE,Fatal Crash,1,0,1,Unknown,NA,Wazirabad Road,Near Brijpuri T-point,NA,29,77,A motorcyclist got slipped on the road and got injured on his own. The victim was taken to the hospital by the ambulance where the doctor declared as patient not fit for the statement.,3639,3,N/A,Not Applicable,3639023130,DAYALPUR,Dayalpur,Delhi,Delhi,North East,Bhajanpura,Gokul Puri,28.70261,77.275932
20-07-2022,04:35 PM,210251,Anisha,2022-05-10T00:00:00Z,0251,30,10:15,2021-06-29T00:00:00Z,Unknown,TRUE,FALSE,FALSE,Fatal Crash,1,1,2,Unknown,NA,Main Wazirabad Road,Near U-turn,Infront of Royal Enfield Showroom,29,77,A TSR was been hit by an unknown vehicle. The auto driver and the passenger was taken to the hospital where the doctor declared the auto driver as brought dead and the passenger was been declared as unfit to give statement.,3640,3,N/A,Unknown,3640025130,DAYALPUR,Dayalpur,Delhi,Delhi,North East,Bhajanpura,Gokul Puri,28.703682,77.260608
20-07-2022,04:35 PM,210125,Anisha,2022-05-10T00:00:00Z,0125,30,16:30,2021-03-14T00:00:00Z,Hit Pedestrian,TRUE,FALSE,FALSE,Fatal Crash,1,0,1,Unknown,NA,"Brijpuri Puliya, Main Road",NA,NA,29,77,A pedestrian was been hit by an unknown vehicle. The victim was taken to the hospital by an unknown person where the doctor declared as patient unconscious.,3641,2,North-East,Unknown,3641012530,DAYALPUR,Dayalpur,Delhi,Delhi,North East,Bhajanpura,Gokul Puri,28.70779,77.276662
20-07-2022,04:35 PM,210144,Anisha,2022-05-10T00:00:00Z,0144,30,11:00,2021-04-02T00:00:00Z,Hit Pedestrian,TRUE,FALSE,FALSE,Fatal Crash,1,0,1,Unknown,NA,Karwal Nagar Road,Near Senior Secondary School,Dayalpur,29,77,A pedestrian was been hit by a black colour car. The victim was taken to the hospital by an unknown vehicle.,3642,3,North,Unknown,3642014430,DAYALPUR,Dayalpur,Delhi,Delhi,North East,Bhajanpura,Gokul Puri,28.71678,77.264655
20-07-2022,04:35 PM,210032,Anisha,2022-05-10T00:00:00Z,0032,31,12:15,2021-03-07T00:00:00Z,Unknown,TRUE,FALSE,FALSE,Fatal Crash,1,0,2,Unknown,NA,BRT Road,Near Union Bank Of India Complex,NA,29,77,A motorcyclist was been hit by an unknown vehicle. The victim was been taken to the hospital where the doctor declared as patient unfir for the statement.,3643,1,South,Unknown,3643003231,DEFENCECOLONY,Defence Colony,Delhi,Delhi,South,Hauz Khas,Defence Colony,28.572777,77.205574
20-07-2022,04:35 PM,210030,Anisha,2022-05-10T00:00:00Z,0030,31,17:30,2021-03-04T00:00:00Z,Backend Collision,TRUE,FALSE,FALSE,Fatal Crash,1,1,2,Unknown,NA,Near Delhi Jal Board Office,New Delhi,NA,29,77,A motorcyclist was been by water tanker from behind. The pillion rider took the rider to the rider to the hospital on auto where the doctor declared the motorcyclist as brought dead.,3644,1,South,Same Direction,3644003031,DEFENCECOLONY,Defence Colony,Delhi,Delhi,South,Hauz Khas,Defence Colony,28.556975,77.22947
20-07-2022,04:35 PM,210138,Anisha,2022-05-10T00:00:00Z,0138,31,11:42,2021-07-09T00:00:00Z,Unknown,TRUE,FALSE,FALSE,Fatal Crash,1,0,2,Unknown,NA,Infront of Delhi Jal Board,BRT Road,Near moolchand Flyover,29,77,A motorcyclist was been hit by an unknown vehicle. The motorcyclist was been taken to the hospital where the victim was declared as brought dead.,3645,0,NA,Unknown,3645013831,DEFENCECOLONY,Defence Colony,Delhi,Delhi,South,Hauz Khas,Defence Colony,28.555543,77.194395
20-07-2022,04:35 PM,210010,Anisha,2022-05-10T00:00:00Z,0010,32,03:30,2021-01-09T00:00:00Z,Backend Collision,TRUE,FALSE,FALSE,Fatal Crash,1,0,2,Unknown,NA,Rao Tula Ram Road,Before 30m Palam Flyover Vasant Vihar,NA,29,77,A truck got hit into another truck who parked his vehicle on the road without turning on his vehicle's blinkers. The first truck's driver was injured badly and was left unconscious. The ambulance took the victim to the hospital where he was declared dead by the doctor.,3646,3,East,Same Direction,3646001032,DELHICANNT,Delhi Cantt.,Delhi,Delhi,South west,Delhi Cantt.,Delhi Cantt.,28.573255,77.161145
20-07-2022,04:35 PM,210015,Anisha,2022-05-10T00:00:00Z,0015,32,14:00,2021-01-11T00:00:00Z,Right Angle Crash,TRUE,FALSE,FALSE,Fatal Crash,1,0,2,Unknown,NA,Near Electrical Pole No. BCBCT005,Near Station Road To Dhaula Kuan,NA,29,77,A motorcyclist got hit into a truck. The truck divider was driving in wrong side and got hit into the divider due to which the motorcyclist got hit into the truck. The motorcyclist was taken to the hospital by the police where the victim was declared as brought dead.,3647,2,North-West,Perpendicular Direction,3647001532,DELHICANNT,Delhi Cantt.,Delhi,Delhi,South west,Delhi Cantt.,Delhi Cantt.,28.595161,77.16276
20-07-2022,04:35 PM,210031,Anisha,2022-05-10T00:00:00Z,0031,32,18:45,2021-01-29T00:00:00Z,Sideswipe (Same Direction),TRUE,FALSE,FALSE,Fatal Crash,1,1,2,Unknown,NA,Near Pir Baba Majar,Prahalapur Village,Delhi Cantt,29,77,A truck driver was overtaking the motorcyclist due to which the motorcyclist and the pillion rider were hit. The pillion rider and rider were taken to the hospital where the doctor declared as brought dead to the pillion rider.,3648,2,East,Same Direction,3648003132,DELHICANNT,Delhi Cantt.,Delhi,Delhi,South west,Delhi Cantt.,Delhi Cantt.,28.578891,77.099198
20-07-2022,04:35 PM,210040,Anisha,2022-05-10T00:00:00Z,0040,32,08:30,2021-02-05T00:00:00Z,Hit Pedestrian,TRUE,FALSE,FALSE,Fatal Crash,1,0,1,Unknown,NA,Near RR Hospital Gate,"RTR  Marg, Delhi Cantt",NA,29,77,A pedestrian was hit by an unknown vehicle. The victim was found in the hospital where the doctor declared as patient unfit to give statement.,3649,3,North-West,Unknown,3649004032,DELHICANNT,Delhi Cantt.,Delhi,Delhi,South west,Delhi Cantt.,Delhi Cantt.,28.580726,77.159035
20-07-2022,04:35 PM,210053,Anisha,2022-05-10T00:00:00Z,0053,32,00:02,2021-02-24T00:00:00Z,Single Vehicle Hit Parked Vehicle,TRUE,FALSE,FALSE,Fatal Crash,1,0,2,Unknown,NA,Sanjay T-point,Dwarka Side Flyover Loop,NA,29,77,A truck was backing his vehicle at a very high speed and the car driver who was coming behind the truck put on his break but the truck driver hit the car. The car driver was taken to the hospital where the doctor declared as patient unfit to give the statement.,3650,2,East,Same Direction,3650005332,DELHICANNT,Delhi Cantt.,Delhi,Delhi,South west,Delhi Cantt.,Delhi Cantt.,28.591992,77.160226