Auto_Date,Auto_Time,Form_No,Entry_Personnel,Filled_Date,FIR_No,Police_Station,Time_Of_Crash,Date_Of_Crash,Collision_Type,Hit_and_Run,Special_Case,Case File Available,Crash_Severity,No_Of_ Fatalities,No_Of_ Injured,No_Of_Vehicles,Location,Road_Type,Road_1,Road_2,Road_3,GPS_Lat,GPS_Long,Note,Crash_ID,Distance_From_Landmark,Text97,Veh_Rel_Travel_Dir,Crash_ID_new,PS_Name,PS_Name_New,PS_State,PS_Dist,div_DCP,Sb_div_ACP,Circle_TI,Latitude,Longitude
20-07-2022,04:35 PM,210070,Anisha,2022-05-10T00:00:00Z,0070,32,06:50,2021-03-13T00:00:00Z,Hit Pedestrian,TRUE,FALSE,FALSE,Fatal Crash,1,0,1,Unknown,NA,Sanjay T-point,On Flyover Towards Dhaula Kuan,NA,29,77,A pedestrian was been hit by an unknown vehicle. The victim was found on the hospital where during the treatment the victim was declared as dead.,3651,5,South-East,Unknown,3651007032,DELHICANNT,Delhi Cantt.,Delhi,Delhi,South west,Delhi Cantt.,Delhi Cantt.,28.592289,77.160919
20-07-2022,04:35 PM,210084,Anisha,2022-05-10T00:00:00Z,0084,32,16:55,2021-03-29T00:00:00Z,Unknown,TRUE,FALSE,FALSE,Fatal Crash,1,1,2,Unknown,NA,Palam Flyover Loop,Towards IGI Airport,NA,29,77,A motorcyclist and a pillion rider were injured by an unknown vehicle and were taken to the hospital where the motorcyclist was declared as brought dead and the pillion rider was been treated.,3652,4,South-East,Unknown,3652008432,DELHICANNT,Delhi Cantt.,Delhi,Delhi,South west,Delhi Cantt.,Delhi Cantt.,28.560048,77.170547
20-07-2022,04:35 PM,210085,Anisha,2022-05-10T00:00:00Z,0085,32,21:10,2021-03-29T00:00:00Z,Unknown,TRUE,FALSE,FALSE,Fatal Crash,1,0,2,Unknown,NA,Metro Pillar No.20,Delhi Cantt to Palam Flyover,NA,29,77,A car was been hit by an unknown vehicle and was taken to the hospital by the ambulance where the victim was declared as brought dead.,3653,3,South,Unknown,3653008532,DELHICANNT,Delhi Cantt.,Delhi,Delhi,South west,Delhi Cantt.,Delhi Cantt.,28.559874,77.170612
20-07-2022,04:35 PM,210097,Anisha,2022-05-10T00:00:00Z,0097,32,05:30,2021-04-13T00:00:00Z,Hit Pedestrian,FALSE,FALSE,FALSE,Fatal Crash,1,1,1,Unknown,NA,Towards Dwarks and Palam Road,Prahaladpur Village Red Light,NA,29,77,A pedestrian was been hit by a motorcyclist. The pedestrian and the motorcyclist were taken to the hospital where the pedestrian was declared as brough dead and the rider was been treated.,3654,5,South,Unknown,3654009732,DELHICANNT,Delhi Cantt.,Delhi,Delhi,South west,Delhi Cantt.,Delhi Cantt.,28.587126,77.086324
20-07-2022,04:35 PM,210093,Anisha,2022-05-10T00:00:00Z,0093,32,08:30,2021-04-09T00:00:00Z,Others,FALSE,FALSE,FALSE,Fatal Crash,1,0,1,Unknown,NA,RTR Marg,Near Signal Enclave Gate,NA,29,77,A motorcyclist was self injured on the road and was dead on the spot.,3655,5,South-East,Not Applicable,3655009332,DELHICANNT,Delhi Cantt.,Delhi,Delhi,South west,Delhi Cantt.,Delhi Cantt.,28.574041,77.152471
20-07-2022,04:35 PM,210148,Anisha,2022-05-10T00:00:00Z,0148,32,21:15,2021-05-10T00:00:00Z,Others,FALSE,FALSE,FALSE,Fatal Crash,1,0,1,Unknown,NA,Cariappa Parade Ground,"Parade Road, Near Gate No. 3","Delhi Cantt, Delhi",29,77,A car was found self crashed on the road where the driver was already taken to the hospital and the doctor declared him as brought dead.,3656,4,South-East,Not Applicable,3656014832,DELHICANNT,Delhi Cantt.,Delhi,Delhi,South west,Delhi Cantt.,Delhi Cantt.,28.583987,77.136403
20-07-2022,04:35 PM,210175,Anisha,2021-05-10T00:00:00Z,0175,32,08:15,2021-05-24T00:00:00Z,Sideswipe (Same Direction),FALSE,FALSE,FALSE,Fatal Crash,1,0,2,Unknown,NA,Deep Strikers Recreation and Welfare Center,"Army Gate GEN E-D , Souza Road","Delhi Cantt, New Delhi",29,77,"A car was overtaking a motorcyclist from the left side and due to which the motorcyclist got hit into the car and was injured. When taken to the hospital, the doctor declared the motorcyclist as brought dead.",3657,3,South-East,Same Direction,3657017532,DELHICANNT,Delhi Cantt.,Delhi,Delhi,South west,Delhi Cantt.,Delhi Cantt.,28.58075,77.14362
20-07-2022,04:35 PM,210204,Anisha,2022-05-10T00:00:00Z,0204,32,23:00,2021-06-13T00:00:00Z,Others,FALSE,FALSE,FALSE,Fatal Crash,1,0,1,Unknown,NA,"Station Road, Towards Dhaula Kuan",Near Sabre Mess,NA,29,77,"A motorcyclist was injured as he fell from the scooty on his own. A private vehicle when took the victim to the hospital, the doctor declared him as brought dead.",3658,2,North-West,Not Applicable,3658020432,DELHICANNT,Delhi Cantt.,Delhi,Delhi,South west,Delhi Cantt.,Delhi Cantt.,28.578582,77.105561
20-07-2022,04:35 PM,210240,Anisha,2022-05-10T00:00:00Z,0240,32,12:00,2021-07-07T00:00:00Z,Hit Pedestrian,TRUE,FALSE,FALSE,Fatal Crash,1,0,1,Unknown,NA,"Daula Kuan, New Delhi",NA,NA,29,77,A pedestrian was been hit by an unknown vehicle and was been taken to the hospital where the patient was declared as unfit for the statement.,3659,5,East,Unknown,3659024032,DELHICANNT,Delhi Cantt.,Delhi,Delhi,South west,Delhi Cantt.,Delhi Cantt.,28.594074,77.165843
20-07-2022,04:35 PM,210244,Anisha,2022-05-10T00:00:00Z,0244,32,06:35,2021-07-18T00:00:00Z,Unknown,TRUE,FALSE,FALSE,Fatal Crash,1,0,2,Unknown,NA,Palam Road Dwarka,Near IOC Red Light,Opposite Sadar Bazar Metro Station,29,77,A motorcyclist was been hit by an unknown vehicle. The motorcyclist was taken to the hospital where the doctor declared the victim as brought dead.,3660,5,South-East,Unknown,3660024432,DELHICANNT,Delhi Cantt.,Delhi,Delhi,South west,Delhi Cantt.,Delhi Cantt.,28.612971,77.029634
20-07-2022,04:35 PM,210258,Anisha,2022-05-10T00:00:00Z,0258,32,20:56,2021-07-28T00:00:00Z,Unknown,FALSE,FALSE,FALSE,Fatal Crash,1,0,2,Unknown,NA,"NH 48, Vasant Vihar Mod",Near Jharera Gaon,"Delhi cantt, New Delhi",29,77,A motorcyclist was been hit by a car. The motorcyclist was been taken to the hospital by the ambulance and the victim was declared as dead during the treatment.,3661,6,South-East,Unknown,3661025832,DELHICANNT,Delhi Cantt.,Delhi,Delhi,South west,Delhi Cantt.,Delhi Cantt.,28.560024,77.170472
20-07-2022,04:35 PM,210274,Anisha,2022-05-10T00:00:00Z,0274,32,00:50,2021-08-17T00:00:00Z,Hit Pedestrian,FALSE,FALSE,FALSE,Fatal Crash,1,0,1,Unknown,NA,Near Sadar Bazar Metro Station,NA,NA,29,77,A pedestrian was been hit by a car driver. The victim was taken to the hospital where the doctor declared as patient unfit for the statement.,3662,0,N/A,Unknown,3662027432,DELHICANNT,Delhi Cantt.,Delhi,Delhi,South west,Delhi Cantt.,Delhi Cantt.,28.576799,77.1113
20-07-2022,04:35 PM,210288,Anisha,2022-05-10T00:00:00Z,0288,32,07:30,2021-09-04T00:00:00Z,Hit Pedestrian,TRUE,FALSE,FALSE,Fatal Crash,1,0,1,Unknown,NA,"NH-48 , Towards Dhaula Kuan",Opposite R&R Hospital,Near Arjun Vihar Bus Stop,29,77,A pedestrian was been hit by a car who was coming at a very hight speed.,3663,5,East,Unknown,3663028832,DELHICANNT,Delhi Cantt.,Delhi,Delhi,South west,Delhi Cantt.,Delhi Cantt.,28.584545,77.159573
20-07-2022,04:35 PM,210290,Anisha,2022-05-10T00:00:00Z,0290,32,15:15,2021-09-07T00:00:00Z,Hit Pedestrian,TRUE,FALSE,FALSE,Fatal Crash,1,0,2,Unknown,NA,"NH-48, Towards Dhaula Kuan",Near Metro Pillar No. 176,Jharera Village,29,77,A cyclist was been hit by an unknown vehicle. The cyclist was been taken to the hospital by an unknown person and the victim was declared dead after being treated.,3664,6,North-East,Unknown,3664029032,DELHICANNT,Delhi Cantt.,Delhi,Delhi,South west,Delhi Cantt.,Delhi Cantt.,28.5800261,77.1387919
20-07-2022,04:35 PM,210298,Anisha,2022-05-10T00:00:00Z,0298,32,00:05,2021-09-21T00:00:00Z,Others,FALSE,FALSE,FALSE,Fatal Crash,1,0,2,Unknown,NA,Mahipalpur to Dhaula Kuan,NA,NA,29,77,A tempo driver hitted the disembarked vehicle occupant. The driver was injured and was taken to the hospital by the ambulance where the driver was declared dead and the pillion rider was treated at the hospital.,3665,6,South-East,Unknown,3665029832,DELHICANNT,Delhi Cantt.,Delhi,Delhi,South west,Delhi Cantt.,Delhi Cantt.,28.570343,77.13365
20-07-2022,04:35 PM,210041,Anisha,2022-05-10T00:00:00Z,0041,32,23:35,2021-02-06T00:00:00Z,Unknown,TRUE,FALSE,FALSE,Fatal Crash,1,0,2,Unknown,NA,Terminal 1 Airport,"Dwarka Underpass, New Delhi",NA,29,77,A motorcyclist was been hit by an unknown vehicle. The victim was found to be in the  hospital where the doctor declared the victim as unfit for the statement.,3666,5,South-East,Unknown,3666004132,DELHICANNT,Delhi Cantt.,Delhi,Delhi,South west,Delhi Cantt.,Delhi Cantt.,28.546292,77.059333
20-07-2022,04:35 PM,210036,Anisha,2022-05-10T00:00:00Z,0036,32,20:20,2021-02-03T00:00:00Z,Right Angle Crash,FALSE,FALSE,FALSE,Fatal Crash,1,0,2,Unknown,NA,Dhaula Kuan to Narayan Way,"Ring Road, Near Metro Pillar No.80",NA,29,77,A motorcyclist was been hit by a truck when the truck's driver was taking a cut on a high speed on the road. The motorcyclist fell and was taken to the hospital where the doctor declared the victim as brought dead.,3667,3,South-East,Not Applicable,3667003632,DELHICANNT,Delhi Cantt.,Delhi,Delhi,South west,Delhi Cantt.,Delhi Cantt.,28.607996,77.140833
20-07-2022,04:35 PM,210338,Anisha,2021-05-11T00:00:00Z,0033,32,00:50,2021-11-09T00:00:00Z,Others,FALSE,FALSE,FALSE,Fatal Crash,1,1,2,Unknown,NA,"NH-8, Near Jhareda Village",New Delhi,NA,29,77,The disembarked vehicle occupants of a truck which was parked on the side of the road were been hit by a car which was coming at a very high speed. The victims were taken to the hospital where one of the victims was declared as brought dead and the other victim was declared as abrain on forehead.,3668,5,South-East,Same Direction,36680033832,DELHICANNT,Delhi Cantt.,Delhi,Delhi,South west,Delhi Cantt.,Delhi Cantt.,NA,NA
20-07-2022,04:35 PM,210345,Anisha,2022-05-11T00:00:00Z,0345,32,01:50,2021-11-21T00:00:00Z,Unknown,FALSE,FALSE,FALSE,Fatal Crash,1,0,2,Unknown,NA,"Sadar Bazar, Kirbi Place Road","Red Light, Near Police Station",Delhi Cantt,29,77,A motorcycl and a car met with a crash on the road. The victim was taken to the hospital where the doctor declared him as brought dead.,3669,1,East,Unknown,3669034532,DELHICANNT,Delhi Cantt.,Delhi,Delhi,South west,Delhi Cantt.,Delhi Cantt.,28.599413,77.124765
20-07-2022,04:35 PM,210351,Anisha,2022-05-11T00:00:00Z,0351,32,16:25,2021-11-23T00:00:00Z,Hit Pedestrian,TRUE,FALSE,FALSE,Fatal Crash,1,0,1,Unknown,NA,Mehram Nagar Red Light,Near Terminal-1 Bus Stand,NA,29,77,A pedestrian was been hit by an unknown vehicle. The victim was taken to the hospital where the doctor declared as patient unconscious.,3670,3,South-East,Unknown,3670035132,DELHICANNT,Delhi Cantt.,Delhi,Delhi,South west,Delhi Cantt.,Delhi Cantt.,28.56713,77.127797
20-07-2022,04:35 PM,210365,Anisha,2022-05-11T00:00:00Z,0365,32,02:15,2021-12-05T00:00:00Z,Hit Pedestrian,TRUE,FALSE,FALSE,Fatal Crash,1,0,1,Unknown,NA,"NH 48, Near Footover Bridge","Jharera Village, Towards Dhaula Kuan",NA,29,77,A pedestrian was been hit by an unknown vehicleand was found on he side of the road where his face was crushed. The victim was taken to the hospital where he was declared dead by the doctor.,3671,5,East,Unknown,3671036532,DELHICANNT,Delhi Cantt.,Delhi,Delhi,South west,Delhi Cantt.,Delhi Cantt.,28.57917,77.144756
20-07-2022,04:35 PM,210366,Anisha,2022-05-11T00:00:00Z,0366,32,23:50,2021-12-05T00:00:00Z,Hit Pedestrian,TRUE,FALSE,FALSE,Fatal Crash,1,0,1,Unknown,NA,"Sadar Bazar Road, Near IOC Red Light","Delhi Cantt, New Delhi",NA,29,77,A pedestrian was been hit by an unknown vehicle and was found unconscious on the road side. The victim was taken to the hospital where he was treated and diedduring the treatment.,3672,2,South,Unknown,3672036632,DELHICANNT,Delhi Cantt.,Delhi,Delhi,South west,Delhi Cantt.,Delhi Cantt.,28.57656,77.113108
20-07-2022,04:35 PM,210369,Anisha,2022-05-11T00:00:00Z,0369,32,12:15,2021-12-08T00:00:00Z,Sideswipe (Same Direction),FALSE,FALSE,FALSE,Fatal Crash,1,0,2,Unknown,NA,"NH 48, Towards Dhaula Kuan",Near Maharana Pratapgarh Gate,"Delhi Cantt, New Delhi",29,77,A car was been hit by an unknown vehicle from right side in which a driver and a pillion rider were sitting. The driver was taken to the hospital by a public person car where the doctor declared as brought dead.,3673,7,East,Same Direction,3673036932,DELHICANNT,Delhi Cantt.,Delhi,Delhi,South west,Delhi Cantt.,Delhi Cantt.,28.588198,77.15132
20-07-2022,04:35 PM,210371,Anisha,2022-05-11T00:00:00Z,0371,32,12:00,2021-12-11T00:00:00Z,Unknown,TRUE,FALSE,FALSE,Fatal Crash,1,0,1,Unknown,NA,"Ring Road, Near Under SP Flyover","Dhaula Kuan, Delhi Cantt",NA,29,77,A hand cart puller was been hit by an unknown vehicle. The victim was been taken to the hospital where the doctor declared as patient unfirfor the statement.,3674,6,South-East,Unknown,3674037132,DELHICANNT,Delhi Cantt.,Delhi,Delhi,South west,Delhi Cantt.,Delhi Cantt.,28.59437,77.166658
20-07-2022,04:35 PM,210373,Anisha,2022-05-11T00:00:00Z,0373,32,00:45,2021-12-14T00:00:00Z,Hit Pedestrian,TRUE,FALSE,FALSE,Fatal Crash,1,0,1,Unknown,NA,"SP Marg, Towards New Delhi",Near Taj Palace Hotel,New Delhi,29,29,A pedestrian who was walking on the footpath was been hit by a truck driver. The victim was been taken to the hospital by a PCR car where the doctor declared the victim as brought dead.,3675,9,North-East,Same Direction,3675037332,DELHICANNT,Delhi Cantt.,Delhi,Delhi,South west,Delhi Cantt.,Delhi Cantt.,28.595914,77.169209
20-07-2022,04:35 PM,210375,Anisha,2022-05-11T00:00:00Z,0375,32,10:15,2021-12-16T00:00:00Z,Unknown,FALSE,FALSE,FALSE,Fatal Crash,1,0,2,Unknown,NA,"Ring Road, Towards Moti Bag",Near Metro Line,NA,29,77,An oil tanker and a motorcycle were found on the spot in which the motorcycle's indicator glass were broken. The victim were found to be in the hospital where the pillion rider was declared as brought dead.,3676,6,South-East,Unknown,3676037532,DELHICANNT,Delhi Cantt.,Delhi,Delhi,South west,Delhi Cantt.,Delhi Cantt.,28.598598,77.163567
20-07-2022,04:35 PM,210063,Anisha,2022-05-11T00:00:00Z,0063,27,12:20,2021-03-08T00:00:00Z,Hit Pedestrian,TRUE,FALSE,FALSE,Fatal Crash,1,0,1,Unknown,NA,Om Bhatoora Shop,"Karol Bagh, Delhi",NA,29,77,A pedestrian was been hit by an unknown vehicle. The victim was taken to the hospital where  the doctor declared as patient unfit to give statement.,3677,0,West,Unknown,3677006327,DESHBANDHUGUPTARD,D.B.G. Road,Delhi,Delhi,Central,Patel Nagar,Pahar Ganj,28.64573,77.15111
20-07-2022,04:35 PM,210093,Anisha,2022-05-11T00:00:00Z,0093,27,01:25,2021-03-26T00:00:00Z,Unknown,TRUE,FALSE,FALSE,Fatal Crash,1,0,1,Unknown,NA,New Rohtak Road,Infront of DCM Gali,Near Jeevan Mala Hospital,29,77,"A motorcylcist was been hit by an unknown vehicle and the victim was when taken to the hospital, the doctor declared him as brought dead.",3678,1,North,Unknown,3678009327,DESHBANDHUGUPTARD,D.B.G. Road,Delhi,Delhi,Central,Patel Nagar,Pahar Ganj,28.65977,77.194278
20-07-2022,04:35 PM,210271,Anisha,2022-05-11T00:00:00Z,0271,27,NA,NA,NA,TRUE,FALSE,FALSE,Fatal Crash,1,0,1,Unknown,NA,NA,NA,NA,29,77,A pedestrian was been hit by an unknown vehicle. The victim was taken to the hospital where the victim died during the treatment.,3679,0,N/A,NA,3679027127,DESHBANDHUGUPTARD,D.B.G. Road,Delhi,Delhi,Central,Patel Nagar,Pahar Ganj,28.64886,77.19255
20-07-2022,04:35 PM,210379,Anisha,2022-05-11T00:00:00Z,0379,27,05:20,2021-09-22T00:00:00Z,Hit Pedestrian,TRUE,FALSE,FALSE,Fatal Crash,1,0,1,Unknown,NA,Changezi Prem Dhaba Red Light,New Rohtak Road,NA,29,77,A pedestrian was been hit by an unknown vehicle. The victim was taken to the hospital where he was treated.,3680,2,North,Unknown,3680037927,DESHBANDHUGUPTARD,D.B.G. Road,Delhi,Delhi,Central,Patel Nagar,Pahar Ganj,28.65617,77.19826
20-07-2022,04:35 PM,210179,Anisha,2022-05-11T00:00:00Z,0179,27,07:00,2021-05-29T00:00:00Z,Unknown,TRUE,FALSE,FALSE,Fatal Crash,1,0,2,Unknown,NA,Rani Jhansi Road,Near Pahadi Dheeraj Cut,Delhi,29,77,A motorcyclist was been hit by an unknown vehicle. The  victim was taken to the hospital where he was declared as brought dead.,3681,2,North,Unknown,3681017927,DESHBANDHUGUPTARD,D.B.G. Road,Delhi,Delhi,Central,Patel Nagar,Pahar Ganj,28.661155,77.204196
20-07-2022,04:35 PM,210482,Anisha,2022-05-11T00:00:00Z,0482,27,19:12,2021-11-18T00:00:00Z,Hit Pedestrian,TRUE,FALSE,FALSE,Fatal Crash,1,0,1,Unknown,NA,Chappar Wala Chowk,Opposite Hanuman Mandir,Divider DBG Road,29,77,A pedestrian was been hit by an unknown vehicle. The victim was taken to the hospital where she was declared brought dead by the doctor.,3682,8,East,Unknown,3682048227,DESHBANDHUGUPTARD,D.B.G. Road,Delhi,Delhi,Central,Patel Nagar,Pahar Ganj,28.653028,77.192343
20-07-2022,04:35 PM,210495,Anisha,2022-05-11T00:00:00Z,0495,27,NA,2021-11-27T00:00:00Z,Hit Pedestrian,TRUE,FALSE,FALSE,Fatal Crash,1,0,1,Unknown,NA,"Infront of Pitrasi Hotel, New Rohtak Road",NA,NA,0,0,A pedestrian was been hit by an unknown vehicle. The victim was taken to the hospital where he was declared brought dead by the doctor.,3683,1,North-West,Unknown,3683049527,DESHBANDHUGUPTARD,D.B.G. Road,Delhi,Delhi,Central,Patel Nagar,Pahar Ganj,28.659007,77.19149
20-07-2022,04:35 PM,210540,Anisha,2022-05-11T00:00:00Z,0540,27,NA,2020-12-17T00:00:00Z,Unknown,TRUE,FALSE,FALSE,Fatal Crash,1,0,2,Unknown,NA,NA,NA,NA,29,77,An auto-rickshaw was been hit by another auto-rickshaw. The victim of first auto-rickshaw was taken to the hospital where the doctor declared as brought dead.,3684,0,NA,Unknown,3684054027,DESHBANDHUGUPTARD,D.B.G. Road,Delhi,Delhi,Central,Patel Nagar,Pahar Ganj,NA,NA
20-07-2022,04:35 PM,210004,Anisha,2022-05-11T00:00:00Z,0004,161,01:00,2021-01-11T00:00:00Z,Single Vehicle Hit Fixed Object,FALSE,FALSE,FALSE,Fatal Crash,1,0,1,Unknown,NA,"Infront of TPT, HQ Mod","Ring Road, Near Durga Bai Metro Station","Moti Bagh, New Delhi",29,77,"A tempo got self hit on the pole. When taken to the hospital, the doctor declared the victim as brought dead.",3685,2,South-West,Same Direction,36850004161,DHAULAKUANSOUTHCAMPUS,South Campus,Delhi,Delhi,South west,Delhi Cantt.,Vasant Vihar,28.58998,77.166861
20-07-2022,04:35 PM,210018,Anisha,2022-05-11T00:00:00Z,0018,161,06:00,2021-02-15T00:00:00Z,Head on Collision,FALSE,FALSE,FALSE,Fatal Crash,1,0,2,Unknown,NA,"Ring Road, Near Moti Bag Flyover",Towards Dhaula Kuan,NA,29,77,A motorcyclist was been hit by a cluster bus. The motorcyclist was taken to the hospital by the ambulance where the victim was declared as brought dead.,3686,3,South-West,Same Direction,36860018161,DHAULAKUANSOUTHCAMPUS,South Campus,Delhi,Delhi,South west,Delhi Cantt.,Vasant Vihar,28.579279,77.175659
20-07-2022,04:35 PM,210091,Anisha,2022-05-11T00:00:00Z,0091,161,02:40,2021-08-03T00:00:00Z,Hit Pedestrian,FALSE,FALSE,FALSE,Fatal Crash,1,0,1,Unknown,NA,"Ring Road, Near Moti Bagh Flyover",Dhaula Kuan to AIIMS,NA,29,77,A pedestrian was been hit by a truck. The victim was been taken to the hospital where the doctor declared as patient unfit to give statement.,3687,2,North,NA,36870091161,DHAULAKUANSOUTHCAMPUS,South Campus,Delhi,Delhi,South west,Delhi Cantt.,Vasant Vihar,28.579712,77.17538
20-07-2022,04:35 PM,210110,Anisha,2022-05-11T00:00:00Z,0110,161,20:00,2021-09-12T00:00:00Z,Unknown,TRUE,FALSE,FALSE,Fatal Crash,1,0,1,Unknown,NA,"Near Gurudwara, Moti Bagh",Ring Road,NA,29,77,A motorcyclist was been hit by an unknown vehicle. The victim was taken to the hospital where the doctor declared as brought dead.,3688,2,North,Unknown,36880110161,DHAULAKUANSOUTHCAMPUS,South Campus,Delhi,Delhi,South west,Delhi Cantt.,Vasant Vihar,28.586066,77.171785
20-07-2022,04:35 PM,210121,Anisha,2022-05-11T00:00:00Z,0121,161,05:30,2021-10-02T00:00:00Z,Hit Pedestrian,TRUE,FALSE,FALSE,Fatal Crash,1,0,1,Unknown,NA,"Ring Road, Near Flyover",Moti Bagh,NA,29,77,A pedestrian was been hit by a truck. The victim was been taken to the hospital where the doctor declared as patient unfit for the statament.,3689,1,South-East,Unknown,36890121161,DHAULAKUANSOUTHCAMPUS,South Campus,Delhi,Delhi,South west,Delhi Cantt.,Vasant Vihar,28.580645,77.174945
20-07-2022,04:35 PM,210174,Anisha,2022-05-11T00:00:00Z,0174,161,13:00,2021-11-22T00:00:00Z,Hit Pedestrian,TRUE,FALSE,FALSE,Fatal Crash,1,0,1,Unknown,NA,"Ring Road, Moti Bagh Flyover",NA,NA,29,77,A pedestrian was been hit by an unknown vehicle. The victim was taken to the hospital where the doctor declared as patient unfit to give statement.,3690,2,North-West,Unknown,36900174161,DHAULAKUANSOUTHCAMPUS,South Campus,Delhi,Delhi,South west,Delhi Cantt.,Vasant Vihar,28.576283,77.1773
20-07-2022,04:35 PM,210130,Anisha,2022-05-11T00:00:00Z,0130,5,11:00,2021-03-10T00:00:00Z,Hit Pedestrian,FALSE,FALSE,FALSE,Fatal Crash,1,0,1,Unknown,NA,Opposite Gali No.33,"DDA Flats, Madangiri",NA,29,77,A pedestrian was been hit by a motorcyclist. The victim was taken to the hospital where he was declared as brought dead.,3691,2,N/A,Unknown,369101305,DRAMBEDKARNAGAR,Ambedkar Nagar,Delhi,Delhi,South,Hauz Khas,Chittaranjan Park,28.518549,77.225537
20-07-2022,04:35 PM,210159,Anisha,2022-05-11T00:00:00Z,0159,5,22:30,2021-03-26T00:00:00Z,Hit Pedestrian,TRUE,FALSE,FALSE,Fatal Crash,1,0,1,Unknown,NA,NA,NA,NA,0,0,A pesdestrian was been hit by an unknown vehicle. The victim was taken to the hospital the next day and was treated and died during the treatment.,3692,3,N/A,Unknown,369201595,DRAMBEDKARNAGAR,Ambedkar Nagar,Delhi,Delhi,South,Hauz Khas,Chittaranjan Park,28.527462,77.231891
20-07-2022,04:35 PM,210291,Anisha,2022-05-11T00:00:00Z,0291,5,20:30,2021-05-05T00:00:00Z,Multi Vehicle Crash,FALSE,FALSE,FALSE,Fatal Crash,1,0,1,Unknown,NA,Near Sector 4 Bus Stop,Pushp Vihar on BRT,NA,29,77,A motorcyclist got self injured by faliing off from the motorcycle due to cardiac arrest.,3693,1,N/A,Not Applicable,369302915,DRAMBEDKARNAGAR,Ambedkar Nagar,Delhi,Delhi,South,Hauz Khas,Chittaranjan Park,28.524332,77.227986
20-07-2022,04:35 PM,210364,Anisha,2022-05-11T00:00:00Z,0364,5,23:55,2021-05-26T00:00:00Z,Unknown,TRUE,FALSE,FALSE,Fatal Crash,1,0,2,Unknown,NA,Infront of Ambedkar Nagar Bus Stand,Towards Mehrauli MB Road,NA,29,77,A motorcyclist was been hit by an unknown vehicle. The victim was taken to the hospital where the doctor declared as brought dead.,3694,2,N/A,Unknown,369403645,DRAMBEDKARNAGAR,Ambedkar Nagar,Delhi,Delhi,South,Hauz Khas,Chittaranjan Park,28.51511,77.229122
20-07-2022,04:35 PM,210536,Anisha,2022-05-11T00:00:00Z,0536,5,14:15,2021-09-11T00:00:00Z,Hit Pedestrian,FALSE,FALSE,FALSE,Fatal Crash,1,0,1,Unknown,NA,"BRT Road, Madangir Gaon",Bus Stand,NA,0,0,A pedestrian was been hit by a truck and the victim was dead on the spot.,3695,2,N/A,Unknown,369505365,DRAMBEDKARNAGAR,Ambedkar Nagar,Delhi,Delhi,South,Hauz Khas,Chittaranjan Park,28.527875,77.248815
20-07-2022,04:35 PM,210029,Anisha,2022-05-11T00:00:00Z,0029,150,21:45,2021-01-24T00:00:00Z,Unknown,FALSE,FALSE,FALSE,Fatal Crash,1,0,2,Unknown,NA,Golf Link Road,Towards Goyla Dairy Light,NA,29,77,"A motorcyclist was been hit by a truck. When taken to the ehospital, the doctor declared him as brought dead.",3696,2,N/A,Unknown,36960029150,DWARKA,Sector 23 Dwarka,Delhi,Delhi,Dwarka,Dwarka,Dwarka,28.580213,77.020411
20-07-2022,04:35 PM,210095,Anisha,2022-05-11T00:00:00Z,0095,150,04:09,2021-03-22T00:00:00Z,Single Vehicle Hit Fixed Object,FALSE,FALSE,FALSE,Fatal Crash,1,0,1,Unknown,NA,Opposite Royal Green Apartment,"Sector-11, Dwarka",NA,29,77,A motorcyclist and a pillion rider were self injured by getting hit on the tree. The motorcyclist was declared as brought dead and the pillion rider was declared as unfit to give statement.,3697,3,N/A,Not Applicable,36970095150,DWARKA,Sector 23 Dwarka,Delhi,Delhi,Dwarka,Dwarka,Dwarka,28.584492,77.046845