Auto_Date,Auto_Time,Form_No,Entry_Personnel,Filled_Date,FIR_No,Police_Station,Time_Of_Crash,Date_Of_Crash,Collision_Type,Hit_and_Run,Special_Case,Case File Available,Crash_Severity,No_Of_ Fatalities,No_Of_ Injured,No_Of_Vehicles,Location,Road_Type,Road_1,Road_2,Road_3,GPS_Lat,GPS_Long,Note,Crash_ID,Distance_From_Landmark,Text97,Veh_Rel_Travel_Dir,Crash_ID_new,PS_Name,PS_Name_New,PS_State,PS_Dist,div_DCP,Sb_div_ACP,Circle_TI,Latitude,Longitude
20-07-2022,04:35 PM,210109,Anisha,2022-05-11T00:00:00Z,0109,150,16:01,2021-03-29T00:00:00Z,Multi Vehicle Crash,FALSE,TRUE,FALSE,Fatal Crash,1,4,3,NA,NA,Sector-19/11 Red Light Main Road,"Dwarka Sectro-19, Delhi",NA,29,77,"A motorcycle, and two cars were found on the spot in accidental condition. The cyclist and other victims were taken to the hospital where the cyclist was declared as brought dead.",3698,2,N/A,Unknown,36980109150,DWARKA,Sector 23 Dwarka,Delhi,Delhi,Dwarka,Dwarka,Dwarka,28.586369,77.049488
20-07-2022,04:35 PM,210329,Anisha,2022-05-12T00:00:00Z,0329,150,00:30,2021-08-08T00:00:00Z,Single Vehicle Overturn,FALSE,FALSE,FALSE,Fatal Crash,1,0,1,Unknown,NA,Golf Ring Road,Sector 24 Dwarka,Near Shamshan,29,77,A car got slipped and overturned. The public then turned the car over and found that the car's driver was stuck in the driver's seat.,3699,2,N/A,Not Applicable,36990329150,DWARKA,Sector 23 Dwarka,Delhi,Delhi,Dwarka,Dwarka,Dwarka,28.582694,77.038105
20-07-2022,04:35 PM,210367,Anisha,2022-05-12T00:00:00Z,0367,150,18:43,2021-08-25T00:00:00Z,Others,FALSE,FALSE,FALSE,Fatal Crash,1,0,1,NA,NA,"Royal Park Residency, Sector 22",Dwarka Service Lane,"Infront of Sector 21, Dwarks Metro",29,77,A motorcyclist was self injured. His scooty was found on the spot whereas the victim was already taken to the hospital where the doctor declared as patient unfir to give statement.,3700,2,East,Not Applicable,37000367150,DWARKA,Sector 23 Dwarka,Delhi,Delhi,Dwarka,Dwarka,Dwarka,28.554986,77.059332
20-07-2022,04:35 PM,210110,Anisha,2022-05-12T00:00:00Z,0110,150,21:52,2021-03-29T00:00:00Z,Unknown,TRUE,FALSE,FALSE,Fatal Crash,1,0,2,Unknown,NA,Dhool Siras Nale ke Uppar,Near Bajghera Pocket,Delhi,29,77,A motorcyclist was been hit by an unknown vehicle. The victim was then taken to the hospital where the doctor declared as brought dead.,3701,3,N/A,Unknown,37010110150,DWARKA,Sector 23 Dwarka,Delhi,Delhi,Dwarka,Dwarka,Dwarka,28.554272,77.050359
20-07-2022,04:35 PM,210477,Anisha,NA,0477,150,10:30,2021-11-29T00:00:00Z,Hit Pedestrian,FALSE,FALSE,FALSE,Fatal Crash,1,0,1,Unknown,NA,"H No. 122, Sector 19",Village Ambarahi,"Dwarka, Delhi",29,77,A pedestrian was been hit by a car driver who was backing his car and crushed the pedestrian. The victim was taken to the hospital with the same car where the victim died during the treatment.,3702,3,North,Opposite Direction,37020477150,DWARKA,Sector 23 Dwarka,Delhi,Delhi,Dwarka,Dwarka,Dwarka,28.577783,77.051101
20-07-2022,04:35 PM,210004,Anisha,2022-05-12T00:00:00Z,0004,33,NA,NA,Hit Pedestrian,TRUE,FALSE,FALSE,Fatal Crash,1,2,1,Unknown,NA,NA,NA,NA,29,29,The pedestrians were been hit by an unknown vehicle and were taken to the hospital where 2 pedestrians were at the same hospital whereas the other pedestrain was in another hospital. They were injured and unfit for statement.,3703,0,NA,Unknown,3703000433,DWARKANORTH,Dwarka North,Delhi,Delhi,Dwarka,Dwarka,Dwarka,28.601802,77.042324
20-07-2022,04:35 PM,210006,Anisha,2022-05-12T00:00:00Z,0006,33,23:00,2021-01-04T00:00:00Z,Single Vehicle Hit Fixed Object,FALSE,FALSE,FALSE,Fatal Crash,1,0,1,Unknown,NA,Opposite Gangotri Apartment,Main Gate Sector 12,Dwarka,29,77,A motorcyclist got hit onto the divider and was self injured. The victim was found in the hospital where the doctor declared as patient fit to give statement and then he died during the treatment.,3704,2,North-West,Not Applicable,3704000633,DWARKANORTH,Dwarka North,Delhi,Delhi,Dwarka,Dwarka,Dwarka,28.599717,77.043222
20-07-2022,04:35 PM,210026,Anisha,2022-05-12T00:00:00Z,0026,33,06:30,2021-01-14T00:00:00Z,Others,FALSE,FALSE,FALSE,Fatal Crash,1,0,1,Unknown,NA,"H. No.-50, Opposite Khasra No.13","Nishant Park, Old Palam Road","Kakrola, New Delhi",29,77,A motorcyclist got self injured and was taken to the hospital where the doctor declared the victim as brought dead.,3705,3,West,Unknown,3705002633,DWARKANORTH,Dwarka North,Delhi,Delhi,Dwarka,Dwarka,Dwarka,28.618369,77.027219
20-07-2022,04:35 PM,210073,Anisha,2022-05-12T00:00:00Z,0073,33,23:30,2021-02-07T00:00:00Z,Others,FALSE,FALSE,FALSE,Fatal Crash,1,0,1,Unknown,NA,"service Road, NSIT Road","Sector 3, Dwarka",New Delhi,29,77,A motorcyclist got self injured and was taken to the hospital where the doctor declared the victim as brought dead.,3706,4,North,Unknown,3706007333,DWARKANORTH,Dwarka North,Delhi,Delhi,Dwarka,Dwarka,Dwarka,28.608243,77.035111
20-07-2022,04:35 PM,210102,Anisha,2022-05-12T00:00:00Z,0102,33,23:30,2021-02-28T00:00:00Z,Hit Pedestrian,TRUE,FALSE,FALSE,Fatal Crash,1,2,2,Unknown,NA,Near Chaudhary Sweet Crossing,Old Palam Road,"Towards Najafgarh, Kakrola",29,77,The pedestrians and a disembarked vehicle occupant were been hit by a car. They were taken to the hospital where 2 were declared as unfit for the statement and the other person died.,3707,3,North-West,Same Direction,3707010233,DWARKANORTH,Dwarka North,Delhi,Delhi,Dwarka,Dwarka,Dwarka,28.615573,77.027204
20-07-2022,04:35 PM,210109,Anisha,2022-05-12T00:00:00Z,0109,33,21:00,2021-03-04T00:00:00Z,Unknown,TRUE,FALSE,FALSE,Fatal Crash,1,0,2,Unknown,NA,"Near Presidium School, Police Quarter","New Delhi, Sector 16, Dwarka",NA,29,77,A motorcyclist and a pillion rider were been hit by a car. They were taken to the hospital by a public person where the pillion rider and motorcyclist were declared as unfit for the statement.,3708,2,East,Unknown,3708010933,DWARKANORTH,Dwarka North,Delhi,Delhi,Dwarka,Dwarka,Dwarka,28.600843,77.020004
20-07-2022,04:35 PM,210120,Anisha,2022-05-12T00:00:00Z,0120,33,01:33,2021-03-09T00:00:00Z,Single Vehicle Hit Fixed Object,FALSE,FALSE,FALSE,Fatal Crash,1,1,1,Unknown,NA,"Sector 12-13, Red Light",Infront of Sanghmitra Appartment,NA,29,77,A motorcyclist and a pillion rider were self injured by getting hit on the divider. They were taken to the hospital where the doctor declared as victims unfit to give statement.,3709,2,West,Not Applicable,3709012033,DWARKANORTH,Dwarka North,Delhi,Delhi,Dwarka,Dwarka,Dwarka,28.593608,77.045669
20-07-2022,04:35 PM,210227,Anisha,2022-05-12T00:00:00Z,0227,33,21:10,2021-04-16T00:00:00Z,Unknown,TRUE,FALSE,FALSE,Fatal Crash,1,0,2,Unknown,NA,City Centre Mall,"Sector-12, Dwarka",NA,29,77,An E-rickshaw was been hit by a car. The E-rickshaw driver was been taken to the hospital where he was been treated.,3710,2,North-East,Unknown,3710022733,DWARKANORTH,Dwarka North,Delhi,Delhi,Dwarka,Dwarka,Dwarka,28.593474,77.043215
20-07-2022,04:35 PM,210597,Anisha,2022-05-12T00:00:00Z,0597,33,08:10,2021-08-06T00:00:00Z,Hit Pedestrian,FALSE,FALSE,FALSE,Fatal Crash,1,0,1,Unknown,NA,Sector - 13&18,Dwarka Red Light,NA,29,77,A pedestrian was been injured due to the tyre blast of the truck. The victim was declared as patient unfit for statement.,3711,2,North-East,Unknown,3711059733,DWARKANORTH,Dwarka North,Delhi,Delhi,Dwarka,Dwarka,Dwarka,28.597595,77.036944
20-07-2022,04:35 PM,210637,Anisha,2021-05-12T00:00:00Z,0637,33,20:30,2021-08-19T00:00:00Z,Hit Pedestrian,TRUE,FALSE,FALSE,Fatal Crash,1,0,1,Unknown,NA,Sector-3/13,MRV School,NA,29,77,A pedestrian was been hit by an unknown vehicle. The victim was been taken to the hospital where the doctor declared as patient unfit for statement.,3712,3,South,Unknown,3712063733,DWARKANORTH,Dwarka North,Delhi,Delhi,Dwarka,Dwarka,Dwarka,28.60751,77.05157
20-07-2022,04:35 PM,210776,Anisha,2022-05-12T00:00:00Z,0776,33,14:00,2021-10-25T00:00:00Z,Right Angle Crash,FALSE,FALSE,FALSE,Fatal Crash,1,0,2,Unknown,NA,"Aakash Hospital, Near Petrol Pump","Sector 3, Dwarka",NA,29,77,A motorcyclist and a pillion rider were been hit by a truck. The pillion rider came under the tyre of the truck due to which he died on the spot.,3713,3,North,Unknown,3713077633,DWARKANORTH,Dwarka North,Delhi,Delhi,Dwarka,Dwarka,Dwarka,28.60445,77.05449
20-07-2022,04:35 PM,210811,Anisha,2022-05-12T00:00:00Z,0811,33,21:45,2021-11-16T00:00:00Z,Sideswipe (Same Direction),TRUE,FALSE,FALSE,Fatal Crash,1,2,2,Unknown,NA,Kakarola Road Market,"Dwarka, Delhi",NA,29,77,A motorcyclist and the pillion riders were been hit by another motorcyclist from right side. The pillion rider was declared as brought dead and the other pillion rider and the motorcyclist were been injured.,3714,3,N/A,Same Direction,3714081133,DWARKANORTH,Dwarka North,Delhi,Delhi,Dwarka,Dwarka,Dwarka,28.606341,77.0227
20-07-2022,04:35 PM,210813,Anisha,2022-05-12T00:00:00Z,0813,33,22:20,2021-11-17T00:00:00Z,Right Angle Crash,FALSE,FALSE,FALSE,Fatal Crash,1,1,2,Unknown,NA,sarkari Dispensary Sector-14,"Dwarka, Near T-point",NA,29,77,A car was been hit by a motorcyclist. The car's driver and the motorcyclist were been taken to the hospital where the motorcyclist was treated and then he ran away from there. The car's driver was later checked because beds were not available in the hospital where doctor declared him as brought dead.,3715,2,North-West,Perpendicular Direction,3715081333,DWARKANORTH,Dwarka North,Delhi,Delhi,Dwarka,Dwarka,Dwarka,28.602911,77.023549
20-07-2022,04:35 PM,210834,Anisha,2022-05-12T00:00:00Z,0834,33,22:30,2021-11-29T00:00:00Z,Hit Pedestrian,FALSE,FALSE,FALSE,Fatal Crash,1,0,1,Unknown,NA,Patel Garden,Near Royal Garden Hall,"Kakrola , Delhi",29,77,A pedestrian was been hit by a motorcyclist. The motorcyclist and the pedestrian was been taken to the hospital by the public and the pedestrian was declared as brought dead.,3716,4,N/A,Unknown,3716083433,DWARKANORTH,Dwarka North,Delhi,Delhi,Dwarka,Dwarka,Dwarka,28.584353,77.031922
20-07-2022,04:35 PM,210835,Anisha,2022-05-12T00:00:00Z,0835,33,05:30,2021-12-01T00:00:00Z,Unknown,TRUE,FALSE,FALSE,Fatal Crash,1,1,2,Unknown,NA,Hum Sab Appartment,"Plot No.14, Sector 4",Dwarka,29,77,A motorcyclist and a pillion rider were been hit by an unknown vehicle. They were been taken to the hospital where the motorcyclist and the pillion rider were injured.,3717,4,N/A,Unknown,3717083533,DWARKANORTH,Dwarka North,Delhi,Delhi,Dwarka,Dwarka,Dwarka,28.605041,77.048049
20-07-2022,04:35 PM,210094,Anisha,2022-05-12T00:00:00Z,0094,34,23:30,2021-03-03T00:00:00Z,Unknown,FALSE,FALSE,FALSE,Fatal Crash,1,1,2,Unknown,NA,"Red Light, Chowk","Sector 6, 7 and 9, 10",NA,29,77,A car was been hit by another car. The victims were taken to the hospital where the passenger of one of the car was declared as brought dead.,3718,2,N/A,Unknown,3718009434,DWARKASOUTH,Dwarka South,Delhi,Delhi,Dwarka,Dwarka,Dwarka,28.59157,77.05773
20-07-2022,04:35 PM,210158,Anisha,2022-05-12T00:00:00Z,0158,34,18:40,2021-04-04T00:00:00Z,Hit Pedestrian,FALSE,FALSE,FALSE,Fatal Crash,1,0,1,Unknown,NA,"Mazjid, Sector -11",Dwarka,NA,29,77,A pedestrian was been hit by a car. The victim was taken to the hospital where the victim was declared as brought dead.,3719,2,N/A,Unknown,3719015834,DWARKASOUTH,Dwarka South,Delhi,Delhi,Dwarka,Dwarka,Dwarka,28.59188,77.04844
20-07-2022,04:35 PM,210246,Anisha,2022-05-12T00:00:00Z,0246,34,21:10,2021-06-05T00:00:00Z,Hit Pedestrian,FALSE,FALSE,FALSE,Fatal Crash,1,0,1,Unknown,NA,Near Raja Puri Red Light,"Madhu Vihar, Bus Stand",NA,29,77,A pedestrian was been hit by a truck. The victim was been taken to the hospital where he was treated.,3720,2,N/A,Unknown,3720024634,DWARKASOUTH,Dwarka South,Delhi,Delhi,Dwarka,Dwarka,Dwarka,28.59989,77.06115
20-07-2022,04:35 PM,210458,Anisha,2022-05-12T00:00:00Z,0458,34,17:45,2021-09-14T00:00:00Z,Hit Pedestrian,FALSE,FALSE,FALSE,Fatal Crash,1,0,1,Unknown,NA,"On Road, Infront of Shop No. 52","S.S Plaza, Sector 7",Chander Vihar,28,77,A pedestrian was been hit by a car. The victim was been taken to the hospital where he was declared as brought dead.,3721,1,N/A,Unknown,3721045834,DWARKASOUTH,Dwarka South,Delhi,Delhi,Dwarka,Dwarka,Dwarka,28.5851,77.071297
20-07-2022,04:35 PM,210483,Anisha,2022-05-12T00:00:00Z,0483,34,23:30,2021-09-25T00:00:00Z,Hit Pedestrian,TRUE,FALSE,FALSE,Fatal Crash,1,0,1,Unknown,NA,Near CNG Pump,"Sector-9, Dwarka",NA,29,77,A pedestrian was been hit by an unknown vehicle. The victim was been taken to the hospital where he was treated and during the treatment was declared as dead.,3722,1,N/A,Unknown,3722048334,DWARKASOUTH,Dwarka South,Delhi,Delhi,Dwarka,Dwarka,Dwarka,28.57323,77.0639
20-07-2022,04:35 PM,210118,Anisha,2022-05-12T00:00:00Z,0118,34,18:13,2021-03-13T00:00:00Z,Single Vehicle Hit Fixed Object,FALSE,FALSE,FALSE,Fatal Crash,1,2,1,Unknown,NA,Main Road,Near Power House to Sector-2,Dwarka Red Light,29,77,"A motorcyclist and the pillion riders were self injured and when taken to the hospital, the motorcyclist was declared brought dead by the doctor and the pillion riders were treated.",3723,2,N/A,Unknown,3723011834,DWARKASOUTH,Dwarka South,Delhi,Delhi,Dwarka,Dwarka,Dwarka,28.6026,77.070231
20-07-2022,04:35 PM,210308,Anisha,2022-05-12T00:00:00Z,0308,34,02:50,2021-06-27T00:00:00Z,Hit Pedestrian,TRUE,FALSE,FALSE,Fatal Crash,1,0,1,Unknown,NA,"Near CNG Pump, Sector-2",Madhu Vihar,Towards Dabri Road,29,77,A motorcyclist was been hit by an unknown vehicle and the victim was been taken to the hospital where the doctor declared as patient unfit to give statement.,3724,3,N/A,Unknown,3724030834,DWARKASOUTH,Dwarka South,Delhi,Delhi,Dwarka,Dwarka,Dwarka,28.599711,77.064978
20-07-2022,04:35 PM,210620,Anisha,2022-05-12T00:00:00Z,0620,34,17:15,2021-12-13T00:00:00Z,Hit Pedestrian,FALSE,FALSE,FALSE,Fatal Crash,1,0,1,Unknown,NA,"Sector-1, Red Light",NA,NA,29,77,A pedestrian was been hit by a cluster bus who drove his vehicle onto the pedestrian due to which the victim was dead on the spot.,3725,3,N/A,Unknown,3725062034,DWARKASOUTH,Dwarka South,Delhi,Delhi,Dwarka,Dwarka,Dwarka,28.594976,77.071257
20-07-2022,04:35 PM,210005,Anisha,2022-05-12T00:00:00Z,0005,35,11:35,2021-01-02T00:00:00Z,Hit Pedestrian,TRUE,FALSE,FALSE,Fatal Crash,1,0,1,Unknown,NA,Infront of Bazar Gali,"Nala Road, New Sadak","Vishwas Nagar, Delhi",29,77,A pedestriann was been hit by an unknown vehicle and the victim was been taken to the hospital where the doctor declared as patient unfit to give statement.,3726,2,N/A,Unknown,3726000535,FARSHBAZAR,Farsh Bazar,Delhi,Delhi,Shahdara,Shahdara,Shahdara,28.66737,77.29738
20-07-2022,04:35 PM,210049,Anisha,2022-05-13T00:00:00Z,0049,36,18:00,2021-01-25T00:00:00Z,Sideswipe (Same Direction),FALSE,FALSE,FALSE,Fatal Crash,1,1,2,Unknown,NA,Before Petrol Pump,Dera Mod Road,NA,28,77,A motorcyclist and a pillion rider was trying to overtake the truck when suddenly the truck driver hit the motorcyclist and he came under the truck's tyre due to which he died on the spot and the pillion rider was treated at the hospital.,3727,8,West,Same Direction,3727004936,FATEHPURBERI,Fatehpur Beri,Delhi,Delhi,South,Mehrauli,Mehrauli,28.449591,77.184346
20-07-2022,04:35 PM,210069,Anisha,2022-05-13T00:00:00Z,0069,36,12:30,2021-02-13T00:00:00Z,Unknown,FALSE,FALSE,FALSE,Fatal Crash,1,2,2,Unknown,NA,Mandi Road,Near Gadaipur Police Pocket,New Delhi,28,77,A motorcyclist and the pilion riders were been hit by an ambulance. They were taken to the hospital by the ambulance where they were treated.,3728,1,North,Unknown,3728006936,FATEHPURBERI,Fatehpur Beri,Delhi,Delhi,South,Mehrauli,Mehrauli,28.479765,77.159537
20-07-2022,04:35 PM,210088,Anisha,2022-05-13T00:00:00Z,0088,36,22:45,2021-02-28T00:00:00Z,Unknown,TRUE,FALSE,FALSE,Fatal Crash,1,0,2,Unknown,NA,"MG Road, Near Ghitorni",Metro Station,New Delhi,28,77,A cyclist was been hit by a car. The victim was been taken to the hospital where the doctor declared as patient unfit for statement.,3729,7,N/A,Unknown,3729008836,FATEHPURBERI,Fatehpur Beri,Delhi,Delhi,South,Mehrauli,Mehrauli,28.493726,77.149121
20-07-2022,04:35 PM,210113,Anisha,2022-05-13T00:00:00Z,0113,36,04:45,2022-03-21T00:00:00Z,Backend Collision,FALSE,FALSE,FALSE,Fatal Crash,1,0,2,Unknown,NA,"Sports Hub, Near Ghitorni Red Light","MG Road, New Delhi",NA,28,77,A tempo was been hit by a car who was drunk and was coming at a very high speed. The tempo's driver was taken to the hospital where the doctor declared him as to be brought dead.,3730,6,East,Same Direction,3730011336,FATEHPURBERI,Fatehpur Beri,Delhi,Delhi,South,Mehrauli,Mehrauli,28.492295,77.145821
20-07-2022,04:35 PM,210168,Anisha,2022-05-13T00:00:00Z,0168,36,12:36,2021-04-17T00:00:00Z,Single Vehicle Hit Fixed Object,FALSE,FALSE,FALSE,Fatal Crash,1,0,1,Unknown,NA,On Road Dera Village,New Delhi,NA,28,77,A motorcyclist was self injured by getting hit on the pole. The victim was been taken to the hospital where the doctor declared as patient brought dead.,3731,7,South,Not Applicable,3731016836,FATEHPURBERI,Fatehpur Beri,Delhi,Delhi,South,Mehrauli,Mehrauli,28.439759,77.17227
20-07-2022,04:35 PM,210323,Anisha,2022-05-13T00:00:00Z,0323,36,14:15,2021-07-13T00:00:00Z,Unknown,TRUE,FALSE,FALSE,Fatal Crash,1,0,2,Unknown,NA,SSN Marg,Infront of Shanti Farm House,"Fatehpur, New Delhi",28,77,A motorcyclist was been hit by an unknown vehicle. The victim was taken to the hospital where the doctor declared as brought dead.,3732,7,East,Unknown,3732032336,FATEHPURBERI,Fatehpur Beri,Delhi,Delhi,South,Mehrauli,Mehrauli,28.447548,77.182524
20-07-2022,04:35 PM,210360,Anisha,2022-05-13T00:00:00Z,0360,36,06:20,2021-08-06T00:00:00Z,Unknown,FALSE,FALSE,FALSE,Fatal Crash,1,0,2,Unknown,NA,Harswaroop Colony Bus Stand,"Fatehpur Beri, New Delhi",NA,28,77,A motorcyclist was been hit by a tempo. The motorcyclist was been taken to the hospital where the doctor declared as brought dead.,3733,6,South-West,Unknown,3733036036,FATEHPURBERI,Fatehpur Beri,Delhi,Delhi,South,Mehrauli,Mehrauli,28.454861,77.183656
20-07-2022,04:35 PM,210369,Anisha,2022-05-13T00:00:00Z,0369,36,21:43,2022-08-10T00:00:00Z,Unknown,TRUE,FALSE,FALSE,Fatal Crash,1,0,2,Unknown,NA,Near Shakuntla Farm,"MG Road, Delhi",NA,28,77,A motorcylist was been hit by an unknown vehicle. The victim was been taken to the hospital where the doctor declared as brought dead.,3734,6,East,Unknown,3734036936,FATEHPURBERI,Fatehpur Beri,Delhi,Delhi,South,Mehrauli,Mehrauli,28.49708,77.15657
20-07-2022,04:35 PM,210379,Anisha,2022-05-13T00:00:00Z,0379,36,23:40,2021-08-21T00:00:00Z,Unknown,TRUE,FALSE,FALSE,Fatal Crash,1,1,2,Unknown,NA,"Mandi Road, Jonapur",Near Gadaipur Police Post,New Delhi,28,77,A motorcyclist and a pillion rider were been hit by a truck. They were taken to the hospital where the doctor declared the motorcyclist as brought dead and the pillion rider was treated.,3735,1,North,Unknown,3735037936,FATEHPURBERI,Fatehpur Beri,Delhi,Delhi,South,Mehrauli,Mehrauli,28.496115,77.165563
20-07-2022,04:35 PM,210420,Anisha,2022-05-13T00:00:00Z,0420,36,23:00,2021-09-28T00:00:00Z,Hit Pedestrian,TRUE,FALSE,FALSE,Fatal Crash,1,0,1,Unknown,NA,Infront of MCD School,"MG Road, Ghitorni",New Delhi,28,77,A pedestrian was been hit by an unknown vehicle. The victim was taken to the hospital where the doctor declared as brought dead.,3736,7,East,Unknown,3736042036,FATEHPURBERI,Fatehpur Beri,Delhi,Delhi,South,Mehrauli,Mehrauli,28.49014,77.140146
20-07-2022,04:35 PM,210448,Anisha,2022-05-13T00:00:00Z,0448,36,01:45,2021-10-23T00:00:00Z,Unknown,FALSE,FALSE,FALSE,Fatal Crash,1,0,2,Unknown,NA,MG Road,Near Sultanpur Metro Station,New Delhi,28,77,A cyclist was been hit by a car. The victim was taken to the hospital where the doctor declared as patient unfit for the statement.,3737,5,North-East,Unknown,3737044836,FATEHPURBERI,Fatehpur Beri,Delhi,Delhi,South,Mehrauli,Mehrauli,28.49874,77.16003
20-07-2022,04:35 PM,210456,Anisha,2022-05-13T00:00:00Z,0456,36,23:20,2021-11-02T00:00:00Z,Hit Pedestrian,TRUE,FALSE,FALSE,Fatal Crash,1,0,1,Unknown,NA,Infront of Opulent,Belamount Hotel,Bandh Road,28,77,A pedestrian was been hit by an unknown vehicle. The victim was taken to the hospital where the doctor declared as brought dead.,3738,4,North-East,Unknown,3738045636,FATEHPURBERI,Fatehpur Beri,Delhi,Delhi,South,Mehrauli,Mehrauli,28.4710877361077,77.1870722052877
20-07-2022,04:35 PM,210501,Anisha,2022-05-13T00:00:00Z,0501,36,02:00,2022-11-29T00:00:00Z,Hit Pedestrian,TRUE,FALSE,FALSE,Fatal Crash,1,0,1,Unknown,NA,Near Chattarpur Petrol Pump,"MG Road, New Dehi",NA,29,77,A pedestrian was been hit by an unknown vehicle. The victim was taken to the hospital where the doctor declared as patient unfit for statement.,3739,6,North,Unknown,3739050136,FATEHPURBERI,Fatehpur Beri,Delhi,Delhi,South,Mehrauli,Mehrauli,28.503918,77.172026
20-07-2022,04:35 PM,210515,Anisha,2022-05-13T00:00:00Z,0515,36,14:54,2021-12-05T00:00:00Z,Unknown,TRUE,FALSE,FALSE,Fatal Crash,1,1,2,Unknown,NA,Infront of Petrol Pump,Fatehpur Beri Dera Mod,New Delhi,28,77,A motorcyclist and the pillion rider were been hit by a car and ran away from the spot. The victim was been taken to the hospital where the doctor decared as brought dead.,3740,7,East,Unknown,3740051536,FATEHPURBERI,Fatehpur Beri,Delhi,Delhi,South,Mehrauli,Mehrauli,28.454935,77.173839
20-07-2022,04:35 PM,210517,Anisha,2022-05-13T00:00:00Z,0517,36,14:15,2021-12-06T00:00:00Z,Unknown,FALSE,FALSE,FALSE,Fatal Crash,1,0,2,Unknown,NA,"U-turn, Near S.S.B. Gate",Metro Pillar No.166,NA,28,77,A motorcyclist was been hit by a car. The motorcyclist was been treated and was declared dead during the treatment.,3741,4,West,Unknown,3741051736,FATEHPURBERI,Fatehpur Beri,Delhi,Delhi,South,Mehrauli,Mehrauli,28.48788,77.135405
20-07-2022,04:35 PM,210538,Anisha,2022-05-13T00:00:00Z,0538,36,11:30,2021-12-23T00:00:00Z,Others,TRUE,FALSE,FALSE,Fatal Crash,1,0,1,NA,NA,"G-523, Garhwal Colony","Ph-6 Aya Nagar, Delhi",NA,29,77,"A pedestrian was been injured when the tractor's load goods fell onto him when the truck's driver was taking turn on high speed. When taken to the hospital, the victim was declared dead.",3742,4,North-West,Not Applicable,3742053836,FATEHPURBERI,Fatehpur Beri,Delhi,Delhi,South,Mehrauli,Mehrauli,28.523813,77.171681
20-07-2022,04:35 PM,210002,Anisha,2022-05-13T00:00:00Z,0002,40,05:20,2021-01-05T00:00:00Z,Multi Vehicle Crash,TRUE,FALSE,FALSE,Fatal Crash,1,1,2,Unknown,NA,Meerut Highway,Sabzi and Phool Mandi,NA,29,77,A motorcyclist and a hand cart puller were been hit by a car. They were taken to the hospital where they were treated.,3743,1,West,Not Applicable,3743000240,GAJIPUR,Ghazipur,Delhi,Delhi,East District,Preet Vihar,Madhu Vihar,28.63305,77.32361
20-07-2022,04:35 PM,210021,Anisha,2022-05-13T00:00:00Z,0021,40,23:00,2021-01-17T00:00:00Z,Head on Collision,TRUE,FALSE,FALSE,Fatal Crash,1,1,2,Unknown,NA,Near Shankhwar Hospital,"Nala Road, Harizan Basti","Old Kondli, Delhi",29,77,A motorcyclist and a pillion the rider were been hit by a car which was coming at a very high speed from front. They were taken to the hospital where the motorcyclist was been declared as brought dead and the pillion rider was been treated.,3744,2,South,Opposite Direction,3744002140,GAJIPUR,Ghazipur,Delhi,Delhi,East District,Preet Vihar,Madhu Vihar,28.61506,77.32359
20-07-2022,04:35 PM,210028,Anisha,2022-05-13T00:00:00Z,0028,40,06:29,2021-01-25T00:00:00Z,Unknown,TRUE,FALSE,FALSE,Fatal Crash,1,0,2,Unknown,NA,"Service Road, Paper Market",Adarsh bal Bharti Junior High School,Infront of Sangam Park Khoda,29,77,A motorcyclist was been hit by a dumper truck. The motorcyclist was dead on spot because the truck crushed his body and couldn't be identified.,3745,2,East,Unknown,3745002840,GAJIPUR,Ghazipur,Delhi,Delhi,East District,Preet Vihar,Madhu Vihar,28.62401,77.337