Auto_Date,Auto_Time,Form_No,Entry_Personnel,Filled_Date,FIR_No,Police_Station,Time_Of_Crash,Date_Of_Crash,Collision_Type,Hit_and_Run,Special_Case,Case File Available,Crash_Severity,No_Of_ Fatalities,No_Of_ Injured,No_Of_Vehicles,Location,Road_Type,Road_1,Road_2,Road_3,GPS_Lat,GPS_Long,Note,Crash_ID,Distance_From_Landmark,Text97,Veh_Rel_Travel_Dir,Crash_ID_new,PS_Name,PS_Name_New,PS_State,PS_Dist,div_DCP,Sb_div_ACP,Circle_TI,Latitude,Longitude
20-07-2022,04:35 PM,210498,Anisha,2022-05-20T00:00:00Z,0498,54,06:00,2021-06-29T00:00:00Z,Single Vehicle Overturn,FALSE,FALSE,FALSE,Fatal Crash,1,1,1,Unknown,NA,Karkari Mod Flyover,Towards Hasanpur Depo,NA,29,77,A van was self overturned on the spot. The victims were taken to the hospital where one of the victim died during the treatment and the other was declared as unfit for statement.,3836,2,North-East,Not Applicable,3836049854,JAGATPURI,Jagat puri,Delhi,Delhi,Shahdara,Gandhi Nagar,Vivek Vihar,28.6532012290026,77.2806096560697
20-07-2022,04:35 PM,210108,Anisha,2022-05-20T00:00:00Z,0108,55,NA,2021-02-12T00:00:00Z,Unknown,TRUE,FALSE,FALSE,Fatal Crash,1,0,2,Unknown,NA,Outer Ring Road,Mukandpur Chowk to Barari,"Near Footover Bridge, Jahangirpuri",29,77,A motorcyclist was been hit by an unknown vehicle. The victim was taken to the hospital where he was unfit for statement.,3837,1,East,Unknown,3837010855,JAHANGIRPURI,Jahangir Puri,Delhi,Delhi,North West,Shalimar Bagh,Jahangir Puri,28.735521,77.173068
20-07-2022,04:35 PM,210101,Anisha,2022-05-20T00:00:00Z,0101,52,00:00,2021-07-17T00:00:00Z,Unknown,FALSE,FALSE,FALSE,Fatal Crash,3,4,2,Unknown,NA,Rawta Dhaurala Road,Near R-Zone Property Office,Samaspur Khalsa Village,29,77,A car and a water tanker were found in an accidental condition. The victims were taken to the hospital where three victims were declared as brought dead.,3838,1,N/A,Unknown,3838010152,JAFFARPURKALAN,Jaffarpur Kalan,Delhi,Delhi,Dwarka,Najafgarh,Chhawla,28.595755,76.915559
20-07-2022,04:35 PM,210121,Anisha,2022-05-20T00:00:00Z,0121,55,NA,2021-02-17T00:00:00Z,Unknown,TRUE,FALSE,FALSE,Fatal Crash,1,0,2,Unknown,NA,Near Mukundpur Flyover,Towards ISBT,Outer Ring Road,29,77,A motorcyclist was been hit by an unknown vehicle. The victim was taken to the hospital where he was declared as brought dead.,3839,1,East,Unknown,3839012155,JAHANGIRPURI,Jahangir Puri,Delhi,Delhi,North West,Shalimar Bagh,Jahangir Puri,28.731309,77.186753
20-07-2022,04:35 PM,210158,Anisha,2022-05-20T00:00:00Z,0158,55,14:30,2021-03-02T00:00:00Z,Sideswipe (Same Direction),FALSE,FALSE,FALSE,Fatal Crash,1,0,2,Unknown,NA,Mukundpur Gol Chakkar,Outer Ring Road,Jahangir Puri,29,77,A motorcyclist was been hit by a car from a side. The victim was injured on his head and was taken to the hospital where the doctor refered him to higher centre.,3840,1,East,Opposite Direction,3840015855,JAHANGIRPURI,Jahangir Puri,Delhi,Delhi,North West,Shalimar Bagh,Jahangir Puri,28.732058,77.180823
20-07-2022,04:35 PM,210167,Anisha,2022-05-20T00:00:00Z,0167,55,NA,2021-03-06T00:00:00Z,Unknown,TRUE,FALSE,FALSE,Fatal Crash,1,0,2,Unknown,NA,Bhalswa Flyover,Towards Mukarba Chowk,"Outer Ring Road, Jahangir Puri",29,77,An auto rickshaw was been hit by an unknown vehicle. The victim was unconscious and was taken to the hospital where he was treated.,3841,1,North-West,Unknown,3841016755,JAHANGIRPURI,Jahangir Puri,Delhi,Delhi,North West,Shalimar Bagh,Jahangir Puri,28.736647,77.159303
20-07-2022,04:35 PM,210193,Anisha,2022-05-20T00:00:00Z,0193,55,NA,2021-03-14T00:00:00Z,Hit Pedestrian,TRUE,FALSE,FALSE,Fatal Crash,1,0,1,Unknown,NA,Outer Ring Road,Footover Bridge,Behind BJRM Hospital,29,77,"A pedestrian was been hit by an unknown vehicle. The victim was taken to the hospital where the victim didn't responded to any external shock, and was declared as dead.",3842,0,NA,Unknown,3842019355,JAHANGIRPURI,Jahangir Puri,Delhi,Delhi,North West,Shalimar Bagh,Jahangir Puri,28.735114,77.174243
20-07-2022,04:35 PM,210198,Anisha,2022-05-20T00:00:00Z,0198,55,02:05,2021-03-16T00:00:00Z,Backend Collision,TRUE,FALSE,FALSE,Fatal Crash,1,0,2,Unknown,NA,Near Bhalswa Flyover,Outer Ring Road,"Towards ISBT, Jahangir Puri",29,77,A motrcyclist was been hit by a truck from behind. The victim and the motorcycle was dragged to extent distance. The victim was taken to the hospital where he was declared as brought dead.,3843,2,N/A,Same Direction,3843019855,JAHANGIRPURI,Jahangir Puri,Delhi,Delhi,North West,Shalimar Bagh,Jahangir Puri,28.736647,77.159303
20-07-2022,04:35 PM,210222,Anisha,2022-05-20T00:00:00Z,0222,55,18:43,2021-03-26T00:00:00Z,Unknown,TRUE,FALSE,FALSE,Fatal Crash,1,0,2,Unknown,NA,Mukund Flyover,Way to Burari,Delhi,29,77,A motorcyclist was been hit by tempo. The victim was already admitted to the hospital where he died during the treatment.,3844,2,East,Unknown,3844022255,JAHANGIRPURI,Jahangir Puri,Delhi,Delhi,North West,Shalimar Bagh,Jahangir Puri,28.733461,77.179212
20-07-2022,04:35 PM,210226,Anisha,2022-05-20T00:00:00Z,0226,55,14:00,2021-03-29T00:00:00Z,Sideswipe (Same Direction),FALSE,FALSE,FALSE,Fatal Crash,1,0,2,Unknown,NA,Bhalswa Flyover,Outer Ring Road,"Jahangir Puri, Delhi",29,77,A car was been hit by another car from left side. The car got overturned and due to this a pedestrian also got injured.,3845,1,North,Same Direction,3845022655,JAHANGIRPURI,Jahangir Puri,Delhi,Delhi,North West,Shalimar Bagh,Jahangir Puri,28.72785,77.14283
20-07-2022,04:35 PM,210358,Anisha,2022-05-20T00:00:00Z,0358,55,00:00,2021-05-02T00:00:00Z,Hit Pedestrian,TRUE,FALSE,FALSE,Fatal Crash,1,0,1,Unknown,NA,Infront of EE Bus Stand,Towards Mukund Pur Flyover,"Outer Ring Road, Jahangir Puri",29,77,A pedestrian was been hit by an unknown vehicle. The victim was taken to the hospital where he was declared as brought dead.,3846,2,North-East,Unknown,3846035855,JAHANGIRPURI,Jahangir Puri,Delhi,Delhi,North West,Shalimar Bagh,Jahangir Puri,28.734351,77.176779
20-07-2022,04:35 PM,210366,Anisha,2022-05-20T00:00:00Z,0366,55,22:14,2021-05-02T00:00:00Z,Hit Pedestrian,TRUE,FALSE,FALSE,Fatal Crash,1,0,1,Unknown,NA,Outer Ring Road,Before Bhalswa Flyover,Towards Mukraba Chowk,29,77,A pedestrian was been hit by an unknown vehicle. The victim was already taken to the hospital where he was declared as brought dead.,3847,1,North,Unknown,3847036655,JAHANGIRPURI,Jahangir Puri,Delhi,Delhi,North West,Shalimar Bagh,Jahangir Puri,28.736442,77.170616
20-07-2022,04:35 PM,210540,Anisha,2022-05-20T00:00:00Z,0540,55,04:45,2021-06-03T00:00:00Z,Unknown,TRUE,FALSE,FALSE,Fatal Crash,1,2,2,Unknown,NA,Outer Ring Road,Bhalswa Flyover To Mukraba Chowk,Near Foot Over Bridge,29,77,An auto rickshaw was been hit by an unknown vehicle. The auto driver was dead on the spot and the other two victims were injured and were taken to the hospital.,3848,2,West,Unknown,3848054055,JAHANGIRPURI,Jahangir Puri,Delhi,Delhi,North West,Shalimar Bagh,Jahangir Puri,28.735521,77.173068
20-07-2022,04:35 PM,210590,Anisha,2022-05-20T00:00:00Z,0590,55,04:30,2021-06-17T00:00:00Z,Unknown,TRUE,FALSE,FALSE,Fatal Crash,1,0,2,Unknown,NA,"Prepaid Booth, Mukraba Chowk",Outer Ring Road,From Rohini towards ISBT,29,77,A TSR was been hit by an unknown vehicle. The victim was taken to the hospital where the victim was treated.,3849,2,West,Unknown,3849059055,JAHANGIRPURI,Jahangir Puri,Delhi,Delhi,North West,Shalimar Bagh,Jahangir Puri,28.735126,77.156129
20-07-2022,04:35 PM,210598,Anisha,2022-05-20T00:00:00Z,0598,55,00:00,2021-06-20T00:00:00Z,Hit Pedestrian,TRUE,FALSE,FALSE,Fatal Crash,1,0,1,Unknown,NA,Near Bhalswa Flyover,Outer Ring Road,"Jahangir Puri, Delhi",29,77,A pedestrian was been hit by an unknown vehicle. The victim was taken to the hospital by a police vehicle where he was treated.,3850,1,South-West,Unknown,3850059855,JAHANGIRPURI,Jahangir Puri,Delhi,Delhi,North West,Shalimar Bagh,Jahangir Puri,28.722225,77.140837
20-07-2022,04:35 PM,210605,Anisha,2022-05-20T00:00:00Z,0605,55,12:00,2021-06-21T00:00:00Z,Hit Pedestrian,FALSE,FALSE,FALSE,Fatal Crash,1,0,1,Unknown,NA,ISBT to Towards Mukraba Chowk,On Mukund Flyover Chowk,NA,29,77,A disembarked vehicle occupant was been hit by an auto. The victim was taken to the hospital where he died during the treatment.,3851,1,West,Same Direction,3851060555,JAHANGIRPURI,Jahangir Puri,Delhi,Delhi,North West,Shalimar Bagh,Jahangir Puri,28.721383,77.105602
20-07-2022,04:35 PM,210750,Anisha,2022-05-20T00:00:00Z,0750,55,10:30,2021-08-11T00:00:00Z,Unknown,FALSE,FALSE,FALSE,Fatal Crash,1,0,2,Unknown,NA,Bhalswa Chowk Flyover,Jhangir Puri,NA,29,77,A truck and a tempo were found in an accidental state. The victim was taken to the hospital where he was declared as brought dead.,3852,1,West,Unknown,3852075055,JAHANGIRPURI,Jahangir Puri,Delhi,Delhi,North West,Shalimar Bagh,Jahangir Puri,28.730876,77.141737
20-07-2022,04:35 PM,210806,Anisha,2022-05-20T00:00:00Z,0806,55,08:36,2021-09-08T00:00:00Z,Unknown,FALSE,FALSE,FALSE,Fatal Crash,1,0,2,Unknown,NA,Outer Ring Road Burari,Towards Near Sai Kabristan,Jahangir Puri,29,77,"A car was been hit by another car. The car's driver was injured and was leaning out of the window. The victim was taken to the hospital where after checking the victim, the doctor declared him as brought dead.",3853,2,East,Unknown,3853080655,JAHANGIRPURI,Jahangir Puri,Delhi,Delhi,North West,Shalimar Bagh,Jahangir Puri,28.736804,77.169678
20-07-2022,04:35 PM,210328,Anisha,2022-05-20T00:00:00Z,0328,55,13:35,2021-04-17T00:00:00Z,Hit Pedestrian,TRUE,FALSE,FALSE,Fatal Crash,1,0,1,Unknown,NA,"B-C Block Road, Near Juice Corner",NA,NA,29,77,A pedestrian was been hit by an unknown vehicle. The victim was taken to the hospital where he died during the treatment.,3854,2,South,Unknown,3854032855,JAHANGIRPURI,Jahangir Puri,Delhi,Delhi,North West,Shalimar Bagh,Jahangir Puri,28.729883,77.170878
20-07-2022,04:35 PM,210480,Anisha,2022-05-20T00:00:00Z,0480,55,NA,2021-05-20T00:00:00Z,Unknown,FALSE,FALSE,FALSE,Fatal Crash,1,4,2,Unknown,NA,"MCD Flats, Main Gate No.4","Jahangir Puri, Delhi",NA,229,77,Two motorcyclist were found in an accidental condition. The victims were taken to the hospital where they were treated.,3855,1,East,Unknown,3855048055,JAHANGIRPURI,Jahangir Puri,Delhi,Delhi,North West,Shalimar Bagh,Jahangir Puri,28.727964,77.178944
20-07-2022,04:35 PM,210759,Anisha,2022-05-23T00:00:00Z,0759,55,15:00,2021-08-13T00:00:00Z,Hit Pedestrian,FALSE,FALSE,FALSE,Fatal Crash,1,0,1,Unknown,NA,Near C-Block Market,CD Park Road,"Jahangir Puri, Delhi",29,77,A pedestrian was been hit by a car which was coming at a very high speed. The victim was taken to the hospital where he was declared dead.,3856,1,South,Same Direction,3856075955,JAHANGIRPURI,Jahangir Puri,Delhi,Delhi,North West,Shalimar Bagh,Jahangir Puri,28.729654,77.173095
20-07-2022,04:35 PM,210782,Anisha,2022-05-23T00:00:00Z,0782,55,00:00,2021-08-15T00:00:00Z,Single Vehicle Overturn,FALSE,FALSE,FALSE,Fatal Crash,1,0,1,Unknown,NA,Nirankari Underpass Way,Nirankari to Jhangir Puri,Delhi,29,77,An Electric Rickshaw Driver was injured dur to overturn of his E-rickshaw. The victim was taken to the hospital where he died during the treatment.,3857,1,East,Not Applicable,3857078255,JAHANGIRPURI,Jahangir Puri,Delhi,Delhi,North West,Shalimar Bagh,Jahangir Puri,28.731337,77.182051
20-07-2022,04:35 PM,210796,Anisha,2022-05-23T00:00:00Z,0796,55,20:00,2021-09-04T00:00:00Z,Hit Pedestrian,TRUE,FALSE,FALSE,Fatal Crash,1,0,1,Unknown,NA,Shah Alam Bagh,Near Moolchand Colony Park,"Jahangir Puri, Delhi",29,77,A pedestrian was been hit by an unknown vehicle. The victim was taken to the hospital where the doctor declared her as brought dead.,3858,2,West,Unknown,3858079655,JAHANGIRPURI,Jahangir Puri,Delhi,Delhi,North West,Shalimar Bagh,Jahangir Puri,28.718935,77.170057
20-07-2022,04:35 PM,210825,Anisha,2022-05-23T00:00:00Z,0825,55,00:00,2021-09-19T00:00:00Z,Others,FALSE,FALSE,FALSE,Fatal Crash,1,0,1,Unknown,NA,Near Main Gate,ITI Main Road,"Jahangir Puri, Delhi",29,77,A motorcylist was self injured and was taken to the hospital where he was treated.,3859,1,South-West,Not Applicable,3859082555,JAHANGIRPURI,Jahangir Puri,Delhi,Delhi,North West,Shalimar Bagh,Jahangir Puri,28.729026,77.166252
20-07-2022,04:35 PM,210859,Anisha,2022-05-23T00:00:00Z,0859,55,12:00,2021-10-04T00:00:00Z,Hit Pedestrian,FALSE,FALSE,FALSE,Fatal Crash,1,0,1,Unknown,NA,Outer Ring Road,Samudayik Bhawan,NA,29,77,A pedestrian was been hit by an unknown vehicle. The victim was taken to the hospital where he was declared as brought dead.,3860,1,North,Unknown,3860085955,JAHANGIRPURI,Jahangir Puri,Delhi,Delhi,North West,Shalimar Bagh,Jahangir Puri,28.734821,77.174967
20-07-2022,04:35 PM,210866,Anisha,2022-05-23T00:00:00Z,0866,55,00:00,2021-10-08T00:00:00Z,Unknown,TRUE,FALSE,FALSE,Fatal Crash,1,0,1,Unknown,NA,Outer Ring Road,Near Bhalswa Flyover,Towards ISBT Jhangir Puri,29,77,A motorcyclist was been hit by an unknown vehicle. The victim was been taken to the hospital where he died during the treatment.,3861,2,South-East,Unknown,3861086655,JAHANGIRPURI,Jahangir Puri,Delhi,Delhi,North West,Shalimar Bagh,Jahangir Puri,28.7091535266361,77.1357663959346
20-07-2022,04:35 PM,210879,Anisha,2022-05-23T00:00:00Z,0893,55,22:10,2021-10-13T00:00:00Z,Backend Collision,FALSE,FALSE,FALSE,Fatal Crash,1,0,2,Unknown,NA,Outer Ring Road,"EE Block, Red Light","Jhangir puri, Delhi",29,77,A motorcyclist was been hit by a truck from behind. The victim's shirt got tangled into the tyre of the truck and got dragged on the road along with the truck. The victim was taken to the hospital where he was declared as brought dead.,3862,1,North-East,Same Direction,3862089355,JAHANGIRPURI,Jahangir Puri,Delhi,Delhi,North West,Shalimar Bagh,Jahangir Puri,28.73493,77.17823
20-07-2022,04:35 PM,210893,Anisha,2022-05-23T00:00:00Z,0893,55,01:00,2021-10-23T00:00:00Z,Single Vehicle Hit Fixed Object,FALSE,FALSE,FALSE,Fatal Crash,1,0,1,Unknown,NA,Najad Mukundpur Flyover,Towards Mukraba Chowk,"Outer Ring Road, Jahangir puri",29,77,A tempo got hit on the median as the tempo's driver was driving at a very high speed. The vehicle's passenger was injured and was taken to the hospital where he was declared as brought dead.,3863,2,North-East,Not Applicable,3863089355,JAHANGIRPURI,Jahangir Puri,Delhi,Delhi,North West,Shalimar Bagh,Jahangir Puri,28.73493,77.17823
20-07-2022,04:35 PM,210895,Anisha,2022-05-23T00:00:00Z,0895,55,17:00,2021-10-26T00:00:00Z,Backend Collision,FALSE,FALSE,FALSE,Fatal Crash,1,0,2,Unknown,NA,Before Mukundpur Chowk,Under Metro Line,Jahangir puri,29,77,An E-rickshaw was been hit by a tempo from behind. The passenger of the E-rickshaw fell on the road and her head came under the tyre of the tempo. The victim was taken to the hspital where he was declared as brought dead.,3864,1,North,Same Direction,3864089555,JAHANGIRPURI,Jahangir Puri,Delhi,Delhi,North West,Shalimar Bagh,Jahangir Puri,28.7312637116374,77.1859460776948
20-07-2022,04:35 PM,210074,Anisha,2022-05-23T00:00:00Z,0074,56,19:00,2021-02-19T00:00:00Z,Hit Pedestrian,TRUE,FALSE,FALSE,Fatal Crash,1,0,1,Unknown,NA,Midhapur Chowk to Durga Builder,"Jaitpur, Delhi",NA,28,77,A pedestrian was been hit by an unknown vehicle. The victim was taken to the hospital where he was declared as brought dead.,3865,1,East,Unknown,3865007456,JAITPUR,Jait pur,Delhi,Delhi,South East,Sarita Vihar,Badarpur,28.487828,77.316806
20-07-2022,04:35 PM,210329,Anisha,2022-05-23T00:00:00Z,0329,56,16:30,2021-06-28T00:00:00Z,Sideswipe (Same Direction),FALSE,FALSE,FALSE,Fatal Crash,1,0,2,Unknown,NA,Opposite Chat Ghat,NTPC Nala Road,Jaitpur,29,77,A motorcyclist was been hit by a truck from side. The victim got banged on the side wall and fell on the road. He was taken to the hospital where he was declared as brought dead.,3866,2,North-East,Same Direction,3866032956,JAITPUR,Jait pur,Delhi,Delhi,South East,Sarita Vihar,Badarpur,28.505877,77.31484
20-07-2022,04:35 PM,210489,Anisha,2022-05-23T00:00:00Z,0489,56,19:44,2021-10-24T00:00:00Z,Unknown,FALSE,FALSE,FALSE,Fatal Crash,1,0,2,Unknown,NA,Kalindi Kunj Road,Near Lohiya Pul,NA,29,77,A scooty was been hit by a car. The motorcylcist was been taken to the hospital where he was treated,3867,2,North-West,Unknown,3867048956,JAITPUR,Jait pur,Delhi,Delhi,South East,Sarita Vihar,Badarpur,28.54884,77.3043349284601
20-07-2022,04:35 PM,210528,Anisha,2022-05-23T00:00:00Z,0528,56,20:45,2021-11-20T00:00:00Z,Hit Pedestrian,TRUE,FALSE,FALSE,Fatal Crash,1,0,1,Unknown,NA,Meethapur Chowk,"Jaitpur, New Delhi",NA,29,77,A pedestrian was been hit by an unknownn vehicle. The victim was taken to the hospital where he was declared as brought dead.,3868,2,North,Unknown,3868052856,JAITPUR,Jait pur,Delhi,Delhi,South East,Sarita Vihar,Badarpur,28.508962,77.340354
20-07-2022,04:35 PM,210290,Anisha,2022-05-23T00:00:00Z,0290,57,NA,NA,Hit Pedestrian,TRUE,FALSE,FALSE,Fatal Crash,1,0,1,Unknown,NA,Shop No.3911,Gali Jagat Wali,"Jama Masjid, Delhi",29,77,A pedestrian was been hit by a car. The victim was taken to the hospital where he was unfit for statement as said by the doctor.,3869,1,South-East,Unknown,3869029057,JAMAMASJID,Jama Masjid,Delhi,Delhi,Central,Kamla Market,Darya Ganj,28.649863,77.23283
20-07-2022,04:35 PM,210026,Anisha,2022-05-23T00:00:00Z,0026,59,07:34,2021-01-20T00:00:00Z,Unknown,FALSE,FALSE,FALSE,Fatal Crash,1,0,2,Unknown,NA,Dabri Mod Gol Chakkar,"U-turn, Opposite SDMC Gate","Janak puri, Delhi",29,77,A motorcyclist was been hit by a cluster bus. The motorcyclist was taken to the hospital where the doctor declared as patient unfit for statement.,3870,1,N/A,Unknown,3870002659,JANAKPURI,Janak Puri,Delhi,Delhi,West,Rajouri Garden,Rajouri Garden,28.613463,77.08726
20-07-2022,04:35 PM,210037,Anisha,2022-05-23T00:00:00Z,0037,59,09:00,2021-02-04T00:00:00Z,Hit Pedestrian,TRUE,FALSE,FALSE,Fatal Crash,1,0,1,Unknown,NA,Main Pankha Road,C-2 Red Light,Jankpuri,29,77,A pedestrian was been hit by a RTV bus. The victim was taken to the hospital where the doctor declared as patient unfit for statement.,3871,2,N/A,Unknown,3871003759,JANAKPURI,Janak Puri,Delhi,Delhi,West,Rajouri Garden,Rajouri Garden,28.614285,77.087033
20-07-2022,04:35 PM,210112,Anisha,2022-05-23T00:00:00Z,0112,59,21:30,2021-03-28T00:00:00Z,Backend Collision,FALSE,FALSE,FALSE,Fatal Crash,1,0,2,Unknown,NA,Infront of Easy Day Departmental Store,"B3/178, Jankpuri",NA,29,77,A car was been hit by a motorcyclist from behind. The motorcyclist was taken to the hospital where the doctor declared as patient unfit for statement.,3872,3,N/A,Same Direction,3872011259,JANAKPURI,Janak Puri,Delhi,Delhi,West,Rajouri Garden,Rajouri Garden,28.620166,77.07567
20-07-2022,04:35 PM,210128,Anisha,2022-05-23T00:00:00Z,0128,59,23:45,2021-03-14T00:00:00Z,Hit Pedestrian,TRUE,FALSE,FALSE,Fatal Crash,1,0,1,Unknown,NA,At Jankpuri Red Light,NA,NA,29,77,A pedestrian was been hit by an unknown vehicle. The victim was taken to the hospital where she was unfit to give statement as said by the doctor.,3873,1,N/A,Unknown,3873012859,JANAKPURI,Janak Puri,Delhi,Delhi,West,Rajouri Garden,Rajouri Garden,28.617915,77.077213
20-07-2022,04:35 PM,210338,Anisha,2022-05-23T00:00:00Z,0338,59,00:00,2021-07-08T00:00:00Z,Hit Pedestrian,TRUE,FALSE,FALSE,Fatal Crash,1,0,1,Unknown,NA,"Pankha Road, Near Dabri Flyover","Janak Puri, New Delhi",NA,29,77,A pedestrian was been hit by an unknown vehicle. The victim was taken to the hospital where she was unfit to give statement as said by the doctor.,3874,1,N/A,Unknown,3874033859,JANAKPURI,Janak Puri,Delhi,Delhi,West,Rajouri Garden,Rajouri Garden,28.613215,77.087497
20-07-2022,04:35 PM,210440,Anisha,2022-05-23T00:00:00Z,0440,59,15:20,2021-09-02T00:00:00Z,Unknown,TRUE,FALSE,FALSE,Fatal Crash,1,0,2,Unknown,NA,Dabri Flyover,Towards Uttam Nagar Main Road,NA,29,77,A motorcyclist was been hit by an unknown vehicle. The victim was taken to the hospital where he was declared as brought dead.,3875,3,N/A,Unknown,3875044059,JANAKPURI,Janak Puri,Delhi,Delhi,West,Rajouri Garden,Rajouri Garden,28.613723,77.086253
20-07-2022,04:35 PM,210450,Anisha,2022-05-24T00:00:00Z,0450,59,23:00,2021-09-11T00:00:00Z,Unknown,TRUE,FALSE,FALSE,Fatal Crash,1,1,2,Unknown,NA,In front at A-2/287,Main Pankha Road,Janak puri,29,77,A motorcyclist and a pillion rider were been hit by an unknown vehicle. The victims were taken to the hospital where the motorcyclist was declared as brought dead and the pillion rider was treated.,3876,3,N/A,Unknown,3876045059,JANAKPURI,Janak Puri,Delhi,Delhi,West,Rajouri Garden,Rajouri Garden,28.619059,77.075257
20-07-2022,04:35 PM,210535,Anisha,2022-05-24T00:00:00Z,0535,59,00:00,2021-11-01T00:00:00Z,Unknown,TRUE,FALSE,FALSE,Fatal Crash,1,0,2,Unknown,NA,"C-1, Red Light, Pankha Road",Towards Uttam Nagar to Sagar pur,"Janakpuri, Delhi",29,77,A motorcyclist was been hit by a van. The motorcyclist was been taken to the hospital where he was unfit for statement as said by the doctor.,3877,2,N/A,Unknown,3877053559,JANAKPURI,Janak Puri,Delhi,Delhi,West,Rajouri Garden,Rajouri Garden,28.6138489502569,77.0864754537344
20-07-2022,04:35 PM,210536,Anisha,2022-05-24T00:00:00Z,0536,59,18:20,2021-11-03T00:00:00Z,Hit Pedestrian,TRUE,FALSE,FALSE,Fatal Crash,1,0,1,Unknown,NA,"C-3 Block, Park Near BSES Office","Janakpuri, Delhi",NA,29,77,A pedestrian was been hit by a Fortuner car. The victim was taken to the hospital where he was declared as brought dead.,3878,3,N/A,Unknown,3878053659,JANAKPURI,Janak Puri,Delhi,Delhi,West,Rajouri Garden,Rajouri Garden,28.615511,77.09322
20-07-2022,04:35 PM,210584,Anisha,2022-05-24T00:00:00Z,0584,59,04:20,2021-12-03T00:00:00Z,Single Vehicle Hit Fixed Object,FALSE,FALSE,FALSE,Fatal Crash,1,2,1,Unknown,NA,Near Delhi Jal Board Office,Dada Satnam Mamtani Marg,"Janakpuri, Delhi",29,77,A car was been hit by the divider. The victims were taken to the hospital where they were unfit for statement.,3879,2,N/A,Unknown,3879058459,JANAKPURI,Janak Puri,Delhi,Delhi,West,Rajouri Garden,Rajouri Garden,28.622479,77.087809
20-07-2022,04:35 PM,210123,Anisha,2022-05-24T00:00:00Z,0123,61,21:00,2021-03-27T00:00:00Z,Hit Pedestrian,TRUE,FALSE,FALSE,Fatal Crash,1,1,1,Unknown,NA,Nand Nagri Flyover,Bhajanpura Towards Gagan Cinema,Main Wazirabad Road,29,77,The pedestrians were been hit bya motorcyclist. The pedestrians were talen to the hospital where one of the pedestrain died and the other was treated.,3880,1,North-East,Not Applicable,3880012361,JYOTINAGAR,Jyoti Nagar,Delhi,Delhi,North East,Bhajanpura,Gokul Puri,28.69437,77.308601
20-07-2022,04:35 PM,210257,Anisha,2022-05-24T00:00:00Z,0257,61,17:40,2021-06-05T00:00:00Z,Hit Pedestrian,TRUE,FALSE,FALSE,Fatal Crash,1,0,1,Unknown,NA,Infront of TATA Motors,Main Wazirabad Road,"Meet Nagar, Delhi",29,77,A pedestrian was been hit by an unknown vehicle. The victim was been taken to the hospital where the doctor declared her as brought dead.,3881,1,North-East,Unknown,3881025761,JYOTINAGAR,Jyoti Nagar,Delhi,Delhi,North East,Bhajanpura,Gokul Puri,28.700791,77.294077
20-07-2022,04:35 PM,210287,Anisha,2022-05-24T00:00:00Z,0287,61,14:45,2021-06-25T00:00:00Z,Hit Pedestrian,FALSE,FALSE,FALSE,Fatal Crash,1,0,1,Unknown,NA,HP Petrol Pump,Near Ambedkar College,NA,29,77,A pedestrian was been hit by a tanker. The tanker right tyre crushed the victim's head and chest. The victim was taken to the hospital where he was declared as brought dead.,3882,1,North-East,Not Applicable,3882028761,JYOTINAGAR,Jyoti Nagar,Delhi,Delhi,North East,Bhajanpura,Gokul Puri,28.701431,77.286241
20-07-2022,04:35 PM,210398,Anisha,2022-05-24T00:00:00Z,0398,61,21:40,2021-08-04T00:00:00Z,Unknown,FALSE,FALSE,FALSE,Fatal Crash,1,1,1,Unknown,NA,Delhi Jal Board Road,Infront of EDMC School,NA,29,77,A motorcyclist and a pillion rider were self fall and got injured. The victims were taken to the hospital where the mtorcyclist was declared as brought dead and the pillion rider was unfit for statement.,3883,0,East,Unknown,3883039861,JYOTINAGAR,Jyoti Nagar,Delhi,Delhi,North East,Bhajanpura,Gokul Puri,28.690033,77.291859