Auto_Date,Auto_Time,Form_No,Entry_Personnel,Filled_Date,FIR_No,Police_Station,Time_Of_Crash,Date_Of_Crash,Collision_Type,Hit_and_Run,Special_Case,Case File Available,Crash_Severity,No_Of_ Fatalities,No_Of_ Injured,No_Of_Vehicles,Location,Road_Type,Road_1,Road_2,Road_3,GPS_Lat,GPS_Long,Note,Crash_ID,Distance_From_Landmark,Text97,Veh_Rel_Travel_Dir,Crash_ID_new,PS_Name,PS_Name_New,PS_State,PS_Dist,div_DCP,Sb_div_ACP,Circle_TI,Latitude,Longitude
20-07-2022,04:35 PM,210607,Anisha,2022-05-24T00:00:00Z,0607,61,11:30,2021-10-14T00:00:00Z,Unknown,TRUE,FALSE,FALSE,Fatal Crash,1,1,2,Unknown,NA,Durga Puri Chowk,Towards Red Light Shahdara,NA,29,77,A motorcyclist was been hit by a car and the same car hitted a pedestrian and the car at last got hit on the divider. The pedestrian and the motorcyclist were taken to the hospital where,3884,1,North-East,Unknown,3884060761,JYOTINAGAR,Jyoti Nagar,Delhi,Delhi,North East,Bhajanpura,Gokul Puri,28.689401,77.291914
20-07-2022,04:35 PM,210037,Anisha,2022-05-24T00:00:00Z,0037,62,01:00,2021-01-31T00:00:00Z,Unknown,FALSE,FALSE,FALSE,Fatal Crash,1,1,2,Unknown,NA,K N Katju Marg,Near Neelkanth Apartment,"Sector-13, Rohini, Delhi",29,77,Two cars were found in an accidental condition on the road. The victims were taken to the hospital where one of the vehicle's driver died and the other was treated,3885,1,East,Unknown,3885003762,KNKATJUMARG,K.N. Katju Marg,Delhi,Delhi,Rohini,Rohini,Prashant Vihar,28.719462,77.136793
20-07-2022,04:35 PM,210142,Anisha,2022-05-24T00:00:00Z,0142,62,02:00,2021-04-06T00:00:00Z,Unknown,TRUE,FALSE,FALSE,Fatal Crash,1,0,1,Unknown,NA,"Main KNK Marg, Near Divider",Infront of ESI Hospital,"Sector 15, Rohini",29,77,A motorcyclist and a pillion rider were been hit by an unknown vehicle. The victim was taken to the hospital where the motorcyclist died during the treatment and the pillion rider was injured.,3886,1,North,Unknown,3886014262,KNKATJUMARG,K.N. Katju Marg,Delhi,Delhi,Rohini,Rohini,Prashant Vihar,28.72557,77.127885
20-07-2022,04:35 PM,210222,Anisha,2022-05-24T00:00:00Z,0222,62,19:30,2021-05-13T00:00:00Z,Hit Pedestrian,TRUE,FALSE,FALSE,Fatal Crash,1,0,1,Unknown,NA,"On Road, Near A-3/125","Sector 16, Rohini, Delhi",NA,29,77,A pedestrian was been hit by an unknown vehicle. The victim was taken to the hospital where he was treated.,3887,1,North,Unknown,3887022262,KNKATJUMARG,K.N. Katju Marg,Delhi,Delhi,Rohini,Rohini,Prashant Vihar,28.718742,77.122234
20-07-2022,04:35 PM,210260,Anisha,2022-05-24T00:00:00Z,0260,62,23:51,2021-06-17T00:00:00Z,Unknown,TRUE,FALSE,FALSE,Fatal Crash,1,0,1,Unknown,NA,KNK Marg,Near Outer Ring Road,NA,29,77,A cyclist was been hit by an unknown vehicle. The victim was taken to the hospital where he was treated.,3888,2,East,Unknown,3888026062,KNKATJUMARG,K.N. Katju Marg,Delhi,Delhi,Rohini,Rohini,Prashant Vihar,28.718885,77.139422
20-07-2022,04:35 PM,210414,Anisha,2022-05-24T00:00:00Z,0414,62,01:10,2021-09-25T00:00:00Z,Backend Collision,TRUE,FALSE,FALSE,Fatal Crash,1,0,2,Unknown,NA,"On Road, KNK Marg",Near ESI Hospital,NA,29,77,A motorcyclist was been hit by an unknown vehicle. The motorcyclist was taken to the hospital where he was treated,3889,1,North-East,Same Direction,3889041462,KNKATJUMARG,K.N. Katju Marg,Delhi,Delhi,Rohini,Rohini,Prashant Vihar,28.711955,77.119904
20-07-2022,04:35 PM,210536,Anisha,2022-05-24T00:00:00Z,0536,62,11:00,2021-12-01T00:00:00Z,Others,TRUE,FALSE,FALSE,Fatal Crash,1,0,1,Unknown,NA,Near Harsh Apartment,"Sector-15, Rohini",Delhi,29,77,A motrcyclist was injured by self fell from the vehicle. The victim was taken to the hospital by his father where he was treated.,3890,0,NA,Not Applicable,3890053662,KNKATJUMARG,K.N. Katju Marg,Delhi,Delhi,Rohini,Rohini,Prashant Vihar,28.730497,77.132836
20-07-2022,04:35 PM,210105,Anisha,2022-05-24T00:00:00Z,0105,63,05:03,2021-02-28T00:00:00Z,Unknown,TRUE,FALSE,FALSE,Fatal Crash,1,0,2,Unknown,NA,Yamuna Pusta Road,Near Makki Masjid,Madanpur Khadar Extension,29,77,A cyclist was been hit by an unknown vehicle. The victim was been taken to the hospital where he was treated.,3891,1,N/A,Unknown,3891010563,KALINDIKUNJ,Kalindi Kunj,Delhi,Delhi,South East,Sarita Vihar,Sarita Vihar,28.528885,77.324088
20-07-2022,04:35 PM,210122,Anisha,2022-05-24T00:00:00Z,0122,63,09:00,2021-03-14T00:00:00Z,Hit Pedestrian,TRUE,FALSE,FALSE,Fatal Crash,1,0,1,Unknown,NA,"B-1/1, Main Kalindi Kunj Road","Near Lal Hospital, Khadda Colony",Jaitpur Part-2,29,77,A pedestrian was been hit by an auto. The victim was taken to the hospital where he was unfit for statement as said by the doctor.,3892,3,N/A,Unknown,3892012263,KALINDIKUNJ,Kalindi Kunj,Delhi,Delhi,South East,Sarita Vihar,Sarita Vihar,28.539332,77.312894
20-07-2022,04:35 PM,210123,Anisha,2022-05-24T00:00:00Z,0123,63,17:00,2021-03-14T00:00:00Z,Head on Collision,TRUE,FALSE,FALSE,Fatal Crash,1,0,2,Unknown,NA,Agra Canal Road,"Madanpur, Khaddar",New Delhi,29,77,A motorcyclist and a pillion rider were been hit by a three wheeler from front side. The motorcyclist was taken to the hospital where he was unfit for statement as said by the doctor.,3893,2,N/A,Opposite Direction,3893012363,KALINDIKUNJ,Kalindi Kunj,Delhi,Delhi,South East,Sarita Vihar,Sarita Vihar,28.521471,77.30891
20-07-2022,04:35 PM,210131,Anisha,2022-05-24T00:00:00Z,0131,63,09:45,2021-03-19T00:00:00Z,Hit Pedestrian,FALSE,FALSE,FALSE,Fatal Crash,1,1,1,Unknown,NA,"Umar Masjid, Near Kabadi",Khadda Colony,NA,29,77,The pedestrians were been hit by a car from behind. The victims were taken to the hospital where one of the pedestrian died during the treatment and the other was treated.,3894,2,N/A,Same Direction,3894013163,KALINDIKUNJ,Kalindi Kunj,Delhi,Delhi,South East,Sarita Vihar,Sarita Vihar,28.513463,77.334494
20-07-2022,04:35 PM,210195,Anisha,2022-05-24T00:00:00Z,0195,63,08:35,2021-04-14T00:00:00Z,Unknown,TRUE,FALSE,FALSE,Fatal Crash,1,0,2,Unknown,NA,"JJ Colony, Madanpur Khadar","Kalindi Kunj Main Road, New Delhi",NA,29,77,A motorcyclist was been hit by an unknown vehicle. The victim was taken to the hospital where he was declared as brought dead.,3895,3,West,Unknown,3895019563,KALINDIKUNJ,Kalindi Kunj,Delhi,Delhi,South East,Sarita Vihar,Sarita Vihar,28.530734,77.304568
20-07-2022,04:35 PM,210206,Anisha,2022-05-24T00:00:00Z,0206,63,13:30,2021-04-16T00:00:00Z,Right Angle Crash,TRUE,FALSE,FALSE,Fatal Crash,1,0,2,Unknown,NA,800 Metres before from Khadar Puliya,Towards Lohia Pul,NA,29,77,"An auto rickshaw driver and the passengers were been hit by a Pickup Bolero car. The driver of the car tried to overtake the auto when the hook of the back of the car got stuck into the auto and it went with the car and at a point, the auto got overturned. The auto driver was taken to the hospital where the doctor declared as brought dead.",3896,2,N/A,Same Direction,3896020663,KALINDIKUNJ,Kalindi Kunj,Delhi,Delhi,South East,Sarita Vihar,Sarita Vihar,28.507681,77.312894
20-07-2022,04:35 PM,210426,Anisha,2022-05-24T00:00:00Z,0426,63,NA,NA,Hit Pedestrian,TRUE,FALSE,FALSE,Fatal Crash,1,0,1,Unknown,NA,"Metro Pump, Near EROS Hotel",NA,NA,29,77,A pedestrian was been hit by an unknown vehicle. The victim died in the spot.,3897,0,NA,Unknown,3897042663,KALINDIKUNJ,Kalindi Kunj,Delhi,Delhi,South East,Sarita Vihar,Sarita Vihar,28.530875,77.322724
20-07-2022,04:35 PM,210515,Anisha,2022-05-24T00:00:00Z,0515,63,07:03,2021-11-04T00:00:00Z,Unknown,FALSE,FALSE,FALSE,Fatal Crash,1,0,2,Unknown,NA,Kalindi Kunj Flyover,Near Toll Tax,NA,29,77,A cyclist was been hit by a tempo. The victim was taken to the hospital where he was declared as brought dead.,3898,2,North-East,Unknown,3898051563,KALINDIKUNJ,Kalindi Kunj,Delhi,Delhi,South East,Sarita Vihar,Sarita Vihar,28.543908,77.311722
20-07-2022,04:35 PM,210565,Anisha,2022-05-24T00:00:00Z,0565,64,22:22,2021-08-12T00:00:00Z,Hit Pedestrian,FALSE,FALSE,FALSE,Fatal Crash,1,1,1,Unknown,NA,Lala Lajpat Rai Marg,Petrol Pump Near Eros Hotel,"Nehru Place, New Delhi",29,77,A pedestrian was been hit by a motorcyclist where both the victims were taken to the hospital where the motorcyclist was declared as brought dead and the pedestrian was treated.,3899,2,East,Not Applicable,3899056564,KALKAJI,Kalkaji,Delhi,Delhi,South East,Kalkaji,Kalkaji,28.549431,77.24866
20-07-2022,04:35 PM,210624,Anisha,2022-05-24T00:00:00Z,0624,64,23:00,2021-08-19T00:00:00Z,Unknown,TRUE,FALSE,FALSE,Fatal Crash,1,0,2,Unknown,NA,Near Kalkaji Flyover,Towards Bhairon Mandir,Outside Gate of Hansraj Sethi Park,29,77,A motorcyclist was been hit by an unknown vehicle. The victim was taken to the hospital where he was declared as brought dead.,3900,1,East,Unknown,3900062464,KALKAJI,Kalkaji,Delhi,Delhi,South East,Kalkaji,Kalkaji,28.548783,77.259297
20-07-2022,04:35 PM,210735,Anisha,2022-05-25T00:00:00Z,0735,64,01:45,2021-10-25T00:00:00Z,Sideswipe (Same Direction),FALSE,FALSE,FALSE,Fatal Crash,1,2,2,Unknown,NA,Outer Ring Road,From Nehru Place towards Kalkaji Temple,Opposite Indian Oil Petrol Pump,29,77,An auto was been hit by a speeding car which was coming from behind. The auto driver died on the spot and the passengers of auto rickshaw were injured.,3901,1,North,Same Direction,3901073564,KALKAJI,Kalkaji,Delhi,Delhi,South East,Kalkaji,Kalkaji,28.5478042099694,77.2551725942553
20-07-2022,04:35 PM,2100031,Anisha,2022-05-25T00:00:00Z,0031,64,07:30,2021-01-20T00:00:00Z,Backend Collision,TRUE,FALSE,FALSE,Fatal Crash,1,1,2,Unknown,NA,NSIC Bus Stand,Outer Ring Road,"Near Modi Mill, Kalkaji",29,77,A car was been hit by a truck from behind. The victim and the passenger of the car got injured and were taken to the hospital where they were declared as unfit for statement.,3902,2,West,Same Direction,3902003164,KALKAJI,Kalkaji,Delhi,Delhi,South East,Kalkaji,Kalkaji,28.554124,77.265356
20-07-2022,04:35 PM,210105,Anisha,2022-05-25T00:00:00Z,0105,65,NA,2021-03-25T00:00:00Z,Others,FALSE,FALSE,FALSE,Fatal Crash,1,0,1,Unknown,NA,On Service Road NH-24,On the Lane From Sarai Kale Khan Towards Gazipur,NA,29,77,The motorcyclist was self injured and was found on the road in an unconscious state. The victim was taken to the hospital where he was declared as brought dead.,3903,2,East,Not Applicable,3903010565,KALYANPURI,Kalyan Puri,Delhi,Delhi,East District,Kalyan Puri,Kalyan Puri,28.58701,77.25916
20-07-2022,04:35 PM,210164,Anisha,2022-05-25T00:00:00Z,0164,65,07:15,2021-04-24T00:00:00Z,Unknown,FALSE,FALSE,FALSE,Fatal Crash,1,2,2,Unknown,NA,"Main Road, Trilokpuri",Near Chand Cinema Block-1,"Trilokpuri, Delhi",29,77,An auto rickshaw was been hit by a DTC busand the vehicles were found in an accidental conditions. The driver and the passengers of the rickshaw were taken to the hospital where the auto rickshaw driver died during the treatment and the passengers were treated.,3904,1,North,Unknown,3904016465,KALYANPURI,Kalyan Puri,Delhi,Delhi,East District,Kalyan Puri,Kalyan Puri,28.61277,77.31145
20-07-2022,04:35 PM,210172,Anisha,2022-05-25T00:00:00Z,0172,65,03:45,2021-04-28T00:00:00Z,Hit Pedestrian,FALSE,FALSE,FALSE,Fatal Crash,1,2,1,Unknown,NA,NH-24 Under Pass,"Near Gurudwara, East Vinod Nagar",NA,29,77,The pedestrians were been hit by an unknown vehicle. The victims were taken to the hospital where one of the pedestrian was declared as brought dead and the other were treated.,3905,1,N/A,Unknown,3905017265,KALYANPURI,Kalyan Puri,Delhi,Delhi,East District,Kalyan Puri,Kalyan Puri,28.62424,77.30928
20-07-2022,04:35 PM,210206,Anisha,2022-05-25T00:00:00Z,0206,65,NA,2021-05-13T00:00:00Z,Others,FALSE,FALSE,FALSE,Fatal Crash,1,0,1,Unknown,NA,Khichripur Main Road,"Om Sai Furniture, Delhi",NA,29,77,A motorcyclist was self injured and was taken to the hospital where he was declared as patient unfit for statement as said by the doctor.,3906,2,East,Not Applicable,3906020665,KALYANPURI,Kalyan Puri,Delhi,Delhi,East District,Kalyan Puri,Kalyan Puri,28.61936,77.31504
20-07-2022,04:35 PM,2110274,Anisha,2022-05-25T00:00:00Z,0274,65,NA,2021-06-15T00:00:00Z,Hit Pedestrian,TRUE,FALSE,FALSE,Fatal Crash,1,1,1,Unknown,NA,"Block -2, Trilokpuri",Delhi,NA,29,77,The pedestrias were been hit by an unknown vehicle. The victims were taken to the hospital where they were unfit for give statement.,3907,1,East,Unknown,3907027465,KALYANPURI,Kalyan Puri,Delhi,Delhi,East District,Kalyan Puri,Kalyan Puri,28.596,77.29541
20-07-2022,04:35 PM,210321,Anisha,2022-05-25T00:00:00Z,0321,65,21:50,2021-07-08T00:00:00Z,Backend Collision,TRUE,FALSE,FALSE,Fatal Crash,1,0,2,Unknown,NA,"NH-24, Gazipur Flyover",Near Metro Line,NA,29,77,A motorcyclist was been hit by a heavy vehicle from behind. The victim was taken to the hospital where he was declared as brought dead.,3908,2,N/A,Same Direction,3908032165,KALYANPURI,Kalyan Puri,Delhi,Delhi,East District,Kalyan Puri,Kalyan Puri,28.62775,77.3181
20-07-2022,04:35 PM,210348,Anisha,2022-05-25T00:00:00Z,0348,65,NA,2021-07-18T00:00:00Z,Single Vehicle Hit Fixed Object,FALSE,FALSE,FALSE,Fatal Crash,1,1,1,Unknown,NA,"On NH-9, On the Lane from Gaziabad",Towards Delhi,NA,29,77,"A car got hit onto the divider and the driver and the passenger of the car got injured. On reaching the hospital, the passenger was declared as brought dead and the vehicle's driver was treated.",3909,2,N/A,Not Applicable,3909034865,KALYANPURI,Kalyan Puri,Delhi,Delhi,East District,Kalyan Puri,Kalyan Puri,28.61935,77.31964
20-07-2022,04:35 PM,210005,Anisha,2022-05-25T00:00:00Z,0005,66,NA,2021-01-06T00:00:00Z,Hit Pedestrian,TRUE,FALSE,FALSE,Fatal Crash,1,0,1,Unknown,NA,"Bhavbhuti Marg, Near Parking","Kamla Market, New Delhi",NA,29,77,A pedestrian was been hit by an unknown vehicle. The victim was taken to the hospital where the victim was declared as brought dead.,3910,0,N/A,Unknown,3910000566,KAMLAMARKET,Kamla Market,Delhi,Delhi,Central,Kamla Market,Kamla Market,28.64137,77.22354
20-07-2022,04:35 PM,210152,Anisha,2022-05-25T00:00:00Z,0152,66,22:00,2021-06-17T00:00:00Z,Hit Pedestrian,TRUE,FALSE,FALSE,Fatal Crash,1,0,1,Unknown,NA,Near Zakir Hussain College,JLN Marg,New Delhi,29,77,A pedestrian was been hit by an unknown vehicle. The victim was taken to the hospital where he died during the treatment.,3911,1,East,Not Applicable,3911015266,KAMLAMARKET,Kamla Market,Delhi,Delhi,Central,Kamla Market,Kamla Market,28.64018,77.231048
20-07-2022,04:35 PM,210341,Anisha,2022-05-25T00:00:00Z,0341,66,20:30,2021-07-19T00:00:00Z,Hit Pedestrian,TRUE,FALSE,FALSE,Fatal Crash,1,0,1,Unknown,NA,Near Minto Road,"Bus Stop, Delhi",NA,29,77,"A pedestrian was been hit by an unknown vehicle. The victim was not taken to the hospital on the day of incident and was given first aid by his family member. Later on, when the victim's health got severe, the ambulance took him to the hospital where he was declared as brought dead.",3912,1,N/A,Unknown,3912034166,KAMLAMARKET,Kamla Market,Delhi,Delhi,Central,Kamla Market,Kamla Market,28.639501,77.223427
20-07-2022,04:35 PM,210468,Anisha,2022-05-25T00:00:00Z,0468,66,23:20,2021-12-29T00:00:00Z,Hit Pedestrian,TRUE,FALSE,FALSE,Fatal Crash,1,0,1,Unknown,NA,Hamdard Chowk,Near Kuda Khatta,NA,29,77,A pedestrian was been hit by an unknown vehicle. The victim was taken to the hospital where he was decalred as brought dead.,3913,1,N/A,Unknown,3913046866,KAMLAMARKET,Kamla Market,Delhi,Delhi,Central,Kamla Market,Kamla Market,28.643569,77.22796
20-07-2022,04:35 PM,210025,Anisha,2022-05-25T00:00:00Z,0025,67,19:30,2021-01-16T00:00:00Z,Others,FALSE,FALSE,FALSE,Fatal Crash,1,0,1,Unknown,NA,Bawana to Kanjhawala Road,Near Chandpur Mod,Village Kanjhawala,29,77,A motorcyclist got hit to a cow due to which he was injured and was taken to the hospital where he was declared as brought dead.,3914,4,North,Not Applicable,3914002567,KANJHAWALA,Kanjhawala,Delhi,Delhi,Rohini,Begum Pur,Begum Pur,28.737736,77.007365
20-07-2022,04:35 PM,210044,Anisha,2022-05-25T00:00:00Z,0044,67,20:00,2021-01-26T00:00:00Z,Unknown,FALSE,FALSE,FALSE,Fatal Crash,1,2,2,Unknown,NA,Village Punjab Khod to Jhimarpur Village,Delhi,NA,29,77,Two motorcycles were found in an accidental condition. The victims were taken to the hospital where one of the motorcyclist was declared as brought dead and the other were they were unfit for statement.,3915,6,North-West,Unknown,3915004467,KANJHAWALA,Kanjhawala,Delhi,Delhi,Rohini,Begum Pur,Begum Pur,28.77187,76.972375
20-07-2022,04:35 PM,210088,Anisha,2022-05-25T00:00:00Z,0088,67,14:50,2021-02-20T00:00:00Z,Unknown,FALSE,FALSE,FALSE,Fatal Crash,1,0,2,Unknown,NA,Kanjhawala to Ghevera Road,Near Dispensary,NA,29,77,A motorcyclist was been hit by a tempo. The victim was injured and was been taken to the hospital where he was declared as brought dead.,3916,3,South,Unknown,3916008867,KANJHAWALA,Kanjhawala,Delhi,Delhi,Rohini,Begum Pur,Begum Pur,28.716456,77.003662
20-07-2022,04:35 PM,210213,Anisha,2022-05-25T00:00:00Z,0213,67,08:00,2021-04-18T00:00:00Z,Hit Pedestrian,TRUE,FALSE,FALSE,Fatal Crash,1,0,1,Unknown,NA,Karala-Rani Kheda Road,Near Shamshan Ghat,NA,29,77,A pedestrian was been hit by an unknown vehicle. The victim was taken to the hospital where he died during the treatment.,3917,6,South-East,Unknown,3917021367,KANJHAWALA,Kanjhawala,Delhi,Delhi,Rohini,Begum Pur,Begum Pur,28.697002,77.027599
20-07-2022,04:35 PM,210265,Anisha,2022-05-25T00:00:00Z,0265,67,20:30,2021-05-05T00:00:00Z,Hit Pedestrian,TRUE,FALSE,FALSE,Fatal Crash,1,0,1,Unknown,NA,Kanjhala-Kewra Road,Nera Lavi Public School,NA,29,78,A pedestrian was been hit by an unknown vehicle. The victim was taken to the hospital where he was declared as brought dead.,3918,4,South,Unknown,3918026567,KANJHAWALA,Kanjhawala,Delhi,Delhi,Rohini,Begum Pur,Begum Pur,28.693991,76.994876
20-07-2022,04:35 PM,210374,Anisha,2022-05-25T00:00:00Z,0374,67,22:00,2021-06-24T00:00:00Z,Hit Pedestrian,TRUE,FALSE,FALSE,Fatal Crash,1,0,1,Unknown,NA,Karal Kanjhawala Road,Infront of Sandeep Hardware Shop,Near Karala Chowk,29,77,A pedestrian was been hit by an unknown vehicle. The victim's head was crushed and was dead on the spot.,3919,5,North-East,Unknown,3919037467,KANJHAWALA,Kanjhawala,Delhi,Delhi,Rohini,Begum Pur,Begum Pur,28.729808,77.042668
20-07-2022,04:35 PM,210378,Anisha,2022-05-25T00:00:00Z,0378,67,21:00,2021-06-26T00:00:00Z,Backend Collision,TRUE,FALSE,FALSE,Fatal Crash,1,1,2,Unknown,NA,On Rani Khera to Mundka Underpass  Main Road,About 100 metre towards Mundka Underpass side,NA,29,77,A motorcyclist and the pillion rider were been hit by an unknown vehicle from behind. The victims were been taken to the hospital where the motorcyclist was declared as brought dead.,3920,9,South-East,Unknown,3920037867,KANJHAWALA,Kanjhawala,Delhi,Delhi,Rohini,Begum Pur,Begum Pur,28.694228,77.027863
20-07-2022,04:35 PM,210459,Anisha,2022-05-25T00:00:00Z,0459,67,16:45,2021-07-24T00:00:00Z,Unknown,FALSE,FALSE,FALSE,Fatal Crash,1,0,2,Unknown,NA,Infront of Main Bus Stand,"Rani Khera, Karala Road",Village Madanpur,29,77,A cyclist was been hit by a dumper. The cyclist was been taken to the hospital where he was declared as brought dead.,3921,8,East,Unknown,3921045967,KANJHAWALA,Kanjhawala,Delhi,Delhi,Rohini,Begum Pur,Begum Pur,28.707872,77.001254
20-07-2022,04:35 PM,210530,Anisha,2022-05-25T00:00:00Z,0530,67,22:00,2021-08-08T00:00:00Z,Others,FALSE,FALSE,FALSE,Fatal Crash,1,0,1,Unknown,NA,DTC Bus Stand,JJ Colony,Sawda,29,77,"A bus passenger fell and got injured when the bus driver suddenly moved his vehicle ahead. The passenger fell and got injured and was not taken to the hospital on the day of incident. After 1 day, the victim's condition got critical and was taken to the hospital where he died during the treatment.",3922,5,South-West,Not Applicable,3922053067,KANJHAWALA,Kanjhawala,Delhi,Delhi,Rohini,Begum Pur,Begum Pur,28.703522,76.980252
20-07-2022,04:35 PM,210606,Anisha,2022-05-25T00:00:00Z,0606,67,21:00,2021-09-10T00:00:00Z,Hit Pedestrian,TRUE,FALSE,FALSE,Fatal Crash,1,0,1,Unknown,NA,Karala-Rani Khera Road,Near Pole No.HT-513-9-11A,"Karala, Delhi",29,77,A pedestrian was been hit by an unknown vehicle. The victim was taken to the hospital where he was declared as brought dead.,3923,3,North-East,Unknown,3923060667,KANJHAWALA,Kanjhawala,Delhi,Delhi,Rohini,Begum Pur,Begum Pur,28.731538,77.032712
20-07-2022,04:35 PM,210647,Anisha,2022-05-25T00:00:00Z,0647,67,21:00,2021-10-12T00:00:00Z,Backend Collision,TRUE,FALSE,FALSE,Fatal Crash,1,0,1,Unknown,NA,In front of Tamanna Garden Banquet,Kanjhawala-Bawana Road,NA,29,77,A motorcyclist and a pillion rider were been hit by a car from behind. The pillion rider was injured and taken to the hospital where he was declared as brought dead.,3924,3,N/A,Same Direction,3924064767,KANJHAWALA,Kanjhawala,Delhi,Delhi,Rohini,Begum Pur,Begum Pur,28.740827,77.009747
20-07-2022,04:35 PM,210652,Anisha,2022-05-25T00:00:00Z,0652,67,19:20,2021-10-14T00:00:00Z,Unknown,TRUE,FALSE,FALSE,Fatal Crash,1,0,2,Unknown,NA,Kanjhawala-Kevara Road,Infront of Haryana Shakti School,NA,29,77,A motorcyclist was been hit by an unknown vehicle. The victim was taken to the hospital where he was declared brought dead.,3925,2,N/A,Unknown,3925065267,KANJHAWALA,Kanjhawala,Delhi,Delhi,Rohini,Begum Pur,Begum Pur,28.713898,77.003307
20-07-2022,04:35 PM,210759,Anisha,2022-05-26T00:00:00Z,0759,67,01:00,2021-12-09T00:00:00Z,Others,FALSE,FALSE,FALSE,Fatal Crash,1,0,1,Unknown,NA,Baldev Vihar to Dada Mandu,NA,NA,29,77,A motorcyclist got slipped on the road and was injured and taken to the hospital where he died during the treatment.,3926,5,N/A,Unknown,3926075967,KANJHAWALA,Kanjhawala,Delhi,Delhi,Rohini,Begum Pur,Begum Pur,28.738435,77.040735
20-07-2022,04:35 PM,210002,Anisha,2022-05-26T00:00:00Z,0002,68,00:03,2021-01-01T00:00:00Z,Unknown,TRUE,FALSE,FALSE,Fatal Crash,1,0,2,Unknown,NA,"Farm No.22, Near Chath T-Point",Bijwasan to Dundhera Road,NA,29,77,A motorcyclist was been hit by an unknown vehicle. The victim was been taken to the hospital where he was declared as brought dead.,3927,5,West,Unknown,3927000268,KAPASHERA,Kapashera,Delhi,Delhi,South west,Vasant Kunj,Vasant Kunj,28.519013,77.071242
20-07-2022,04:35 PM,210061,Anisha,2022-05-26T00:00:00Z,0061,68,23:00,2021-02-07T00:00:00Z,NA,FALSE,FALSE,FALSE,Fatal Crash,1,0,1,Unknown,NA,Road No.54,Near Nasir Farm House,Bijwasan,29,77,NA,3928,6,West,NA,3928006168,KAPASHERA,Kapashera,Delhi,Delhi,South west,Vasant Kunj,Vasant Kunj,28.541063,77.078373
20-07-2022,04:35 PM,210061,Anisha,2022-05-26T00:00:00Z,0061,68,23:00,2021-02-07T00:00:00Z,Single Vehicle Hit Fixed Object,FALSE,FALSE,FALSE,Fatal Crash,1,0,1,Unknown,NA,"Road No.54, Near Nasir Farm House",Bijwasan,NA,29,77,A car's driver got hit on the wall of his farm house. The victim was stuck on the driver's seat and was taken to the hospital where the doctor declared him as brought dead.,3929,6,West,Not Applicable,3929006168,KAPASHERA,Kapashera,Delhi,Delhi,South west,Vasant Kunj,Vasant Kunj,28.541063,77.078373
20-07-2022,04:35 PM,210087,Anisha,2022-05-26T00:00:00Z,0087,68,12:50,2021-03-06T00:00:00Z,Backend Collision,FALSE,FALSE,FALSE,Fatal Crash,1,0,2,Unknown,NA,"J Kumar, Infra Projects",Bijwasan,NA,29,77,A cyclist was been hit by a truck. The victim was taken to the hospital where he was declared as brought dead.,3930,3,West,Same Direction,3930008768,KAPASHERA,Kapashera,Delhi,Delhi,South west,Vasant Kunj,Vasant Kunj,28.52736,77.039061
20-07-2022,04:35 PM,210093,Anisha,2022-05-26T00:00:00Z,0093,68,22:57,2021-03-11T00:00:00Z,Unknown,TRUE,FALSE,FALSE,Fatal Crash,1,0,2,Unknown,NA,In front of Blue Dart,Kapashera,New Delhi,29,77,A motorcyclist was hit by an unknown vehicle. The victim was taken to the hospital where he was declared brought dead.,3931,1,North-East,Unknown,3931009368,KAPASHERA,Kapashera,Delhi,Delhi,South west,Vasant Kunj,Vasant Kunj,28.522103,77.075245