Auto_Date,Auto_Time,Form_No,Entry_Personnel,Filled_Date,FIR_No,Police_Station,Time_Of_Crash,Date_Of_Crash,Collision_Type,Hit_and_Run,Special_Case,Case File Available,Crash_Severity,No_Of_ Fatalities,No_Of_ Injured,No_Of_Vehicles,Location,Road_Type,Road_1,Road_2,Road_3,GPS_Lat,GPS_Long,Note,Crash_ID,Distance_From_Landmark,Text97,Veh_Rel_Travel_Dir,Crash_ID_new,PS_Name,PS_Name_New,PS_State,PS_Dist,div_DCP,Sb_div_ACP,Circle_TI,Latitude,Longitude
20-07-2022,04:35 PM,210112,Anisha,2022-05-26T00:00:00Z,0112,68,16:00,2021-03-24T00:00:00Z,Hit Pedestrian,FALSE,FALSE,FALSE,Fatal Crash,1,0,1,Unknown,NA,Shiv Mandir Road,Near Transfarmer,Bijwasan,29,77,A pedestrian was been hit by a car. The victim was taken to the hospital where he was treated.,3932,3,West,Same Direction,3932011268,KAPASHERA,Kapashera,Delhi,Delhi,South west,Vasant Kunj,Vasant Kunj,28.537041,77.061336
20-07-2022,04:35 PM,210117,Anisha,2022-05-26T00:00:00Z,0117,68,13:15,2021-03-28T00:00:00Z,Backend Collision,FALSE,FALSE,FALSE,Fatal Crash,1,0,2,Unknown,NA,Najafgarh Kapsehha Road,Near Bamdoli Cut,New Delhi,29,77,A motorcyclist was been hit by a car. The victim was taken to the hospital where he was treated,3933,4,East,Same Direction,3933011768,KAPASHERA,Kapashera,Delhi,Delhi,South west,Vasant Kunj,Vasant Kunj,28.540077,77.026529
20-07-2022,04:35 PM,210134,Anisha,2022-05-26T00:00:00Z,0134,68,19:30,2021-04-09T00:00:00Z,Hit Pedestrian,TRUE,FALSE,FALSE,Fatal Crash,1,0,1,Unknown,NA,Dwarka Line Road,Dwarka to Samalkha Road,NA,29,77,A pedestrian was been hit by a car. The victim was been taken to the hospital where he was unfit to give statement.,3934,2,North-East,Unknown,3934013468,KAPASHERA,Kapashera,Delhi,Delhi,South west,Vasant Kunj,Vasant Kunj,28.537642,77.068912
20-07-2022,04:35 PM,210229,Anisha,2022-05-26T00:00:00Z,0229,68,18:40,2021-05-28T00:00:00Z,Unknown,TRUE,FALSE,FALSE,Fatal Crash,1,0,2,Unknown,NA,Towards Najafgarg Road,NA,NA,29,77,A motorcyclist was been hit by an unknown vehicle. The victim was been  taken to the hospital where he was unfit to give statement.,3935,5,West,Unknown,3935022968,KAPASHERA,Kapashera,Delhi,Delhi,South west,Vasant Kunj,Vasant Kunj,28.528846,77.069568
20-07-2022,04:35 PM,210267,Anisha,2022-05-26T00:00:00Z,0267,68,10:25,2021-06-15T00:00:00Z,Right Angle Crash,FALSE,FALSE,FALSE,Fatal Crash,1,1,2,Unknown,NA,Najafgarh to Bijwasan Road,Opposite Firdoos Farmhouse,NA,29,77,A motorcyclist was been hit by a car and the motorcyclist and the car's driver both got injured. The victims were taken to the hospital where the motorcyclist was declared as brought dead and the car's driver,3936,3,West,Not Applicable,3936026768,KAPASHERA,Kapashera,Delhi,Delhi,South west,Vasant Kunj,Vasant Kunj,28.529019,77.07786
20-07-2022,04:35 PM,210281,Anisha,2022-05-26T00:00:00Z,0281,68,23:00,2021-06-25T00:00:00Z,Unknown,FALSE,FALSE,FALSE,Fatal Crash,1,0,2,Unknown,NA,Dwarka Ring Road,Pushpanjali,NA,29,77,A motorcyclist was been hit by a truck. The motorcyclist was been taken to the hospital where he was declared as brought dead.,3937,3,North-West,Unknown,3937028168,KAPASHERA,Kapashera,Delhi,Delhi,South west,Vasant Kunj,Vasant Kunj,28.541929,77.071726
20-07-2022,04:35 PM,210337,Anisha,2022-05-26T00:00:00Z,0337,68,04:49,2021-08-26T00:00:00Z,Hit Pedestrian,FALSE,FALSE,FALSE,Fatal Crash,1,0,1,Unknown,NA,in front of V2 Mall,Old Delhi Gurugram Road,NA,29,77,A pedestrian was been hit by a tempo and the victim was death on the spot.,3938,1,West,Unknown,3938033768,KAPASHERA,Kapashera,Delhi,Delhi,South west,Vasant Kunj,Vasant Kunj,28.52298,77.082729
20-07-2022,04:35 PM,210370,Anisha,2022-05-26T00:00:00Z,0370,68,01:15,2021-10-04T00:00:00Z,Hit Pedestrian,TRUE,FALSE,FALSE,Fatal Crash,1,0,2,Unknown,NA,kapeshara To Bijwasan Road,"Near Pole No.065, BSES",NA,29,77,A cyclist was been hit by an unknown vehicle. The victim was been taken to the hospital where he was treated.,3939,3,West,Unknown,3939037068,KAPASHERA,Kapashera,Delhi,Delhi,South west,Vasant Kunj,Vasant Kunj,28.528561,77.070509
20-07-2022,04:35 PM,210375,Anisha,2022-05-26T00:00:00Z,0375,68,19:30,2021-10-08T00:00:00Z,Hit Pedestrian,FALSE,FALSE,FALSE,Fatal Crash,1,1,1,Unknown,NA,Near Surbi Vatika,From Bijwasan to Kapeshera Road,"Near Main Gate, Pushpanjali",29,77,A pedestrian was been hit by a motorcyclist and both were injured. The victims were taken to the hospital where the pedestrian was unfit for statement.,3940,2,West,Unknown,3940037568,KAPASHERA,Kapashera,Delhi,Delhi,South west,Vasant Kunj,Vasant Kunj,28.5276834700674,77.074368199058
20-07-2022,04:35 PM,210395,Anisha,2022-05-26T00:00:00Z,0395,68,23:00,2021-10-22T00:00:00Z,Unknown,TRUE,FALSE,FALSE,Fatal Crash,1,0,2,Unknown,NA,Kapseda Red Light to Rajhori Flyover,Near Ashok Country Resort,NA,29,77,A motorcyclist was been hit by an unknown vehicle and was dead on the spot.,3941,5,East,Unknown,3941039568,KAPASHERA,Kapashera,Delhi,Delhi,South west,Vasant Kunj,Vasant Kunj,28.5245,77.0942550934974
20-07-2022,04:35 PM,210410,Anisha,2022-05-26T00:00:00Z,0410,68,00:36,2021-11-03T00:00:00Z,Unknown,TRUE,FALSE,FALSE,Fatal Crash,1,0,2,Unknown,NA,Kapeshra Police Station Red Light,In front of Panchranga Achar,NA,28,77,A motorcyclist was been hit by an unknown vehicle. The victim was taken to the hospital where he was declared as brought dead.,3942,1,West,Unknown,3942041068,KAPASHERA,Kapashera,Delhi,Delhi,South west,Vasant Kunj,Vasant Kunj,28.529847,77.087264
20-07-2022,04:35 PM,210148,Anisha,2022-05-26T00:00:00Z,0148,69,06:15,2021-04-09T00:00:00Z,Hit Pedestrian,TRUE,FALSE,FALSE,Fatal Crash,1,0,1,Unknown,NA,Pusta Road Karwal Nagar,Delhi to Loni Jane Road,NA,29,77,A pedestrian was been hit by an unknown vehicle. The victim was taken to the hospital where he was declared as brought dead.,3943,2,North-East,Unknown,3943014869,KARAWALNAGAR,Karawal Nagar,Delhi,Delhi,North East,KhajuriKhas,KhajuriKhas,28.733349,77.260155
20-07-2022,04:35 PM,210727,Anisha,2022-05-26T00:00:00Z,0727,69,05:00,2021-12-26T00:00:00Z,Hit Pedestrian,TRUE,FALSE,FALSE,Fatal Crash,1,0,1,Unknown,NA,T point Ch Amar Singh,Pardhan Marg,Near MCD School,29,77,A pedestrian was been hit by a car. The victim was been taken to the hospital where he was declared as brought dead.,3944,2,North-East,Unknown,3944072769,KARAWALNAGAR,Karawal Nagar,Delhi,Delhi,North East,KhajuriKhas,KhajuriKhas,28.716859,77.263716
20-07-2022,04:35 PM,210064,Anisha,2022-05-26T00:00:00Z,0064,70,18:00,2021-02-23T00:00:00Z,Backend Collision,FALSE,FALSE,FALSE,Fatal Crash,1,0,2,Unknown,NA,Infront of Jivtesh Hotel,SK Das Road,NA,29,77,A car's driver got disbalanced on the cut of the road and he hitted the parked vehicle whose driver was there in the car. The parked vehicle's driver was taken out and was injured. The victim was taken to the hospital where he was declared as brought dead.,3945,1,South,Same Direction,3945006470,KAROLBAGH,Karol Bagh,Delhi,Delhi,Central,Patel Nagar,Karol Bagh,28.644474,77.19227
20-07-2022,04:35 PM,210516,Anisha,2022-05-26T00:00:00Z,0516,70,23:20,2021-08-26T00:00:00Z,Unknown,FALSE,FALSE,FALSE,Fatal Crash,1,0,2,Unknown,NA,Below Karol Bagh Metro Station,"Pusa Road, Delhi",NA,29,77,A car and a motorcycle were found in an accidental condition. The motorcyclist was taken to the hospital where he was declared as brought dead.,3946,1,South-East,Unknown,3946051670,KAROLBAGH,Karol Bagh,Delhi,Delhi,Central,Patel Nagar,Karol Bagh,28.64363,77.18856
20-07-2022,04:35 PM,210556,Anisha,2022-05-26T00:00:00Z,0556,70,NA,2021-09-09T00:00:00Z,Hit Pedestrian,TRUE,FALSE,FALSE,Fatal Crash,1,0,1,Unknown,NA,In front of Pahuja Motor,Arya Samaj Road,"Karol Bag, Delhi",28,77,A pedestrian was been hit by a motorcyclist. The victim was injured and taken to the hospital where he was declared as unfit to give statement.,3947,0,NA,Unknown,3947055670,KAROLBAGH,Karol Bagh,Delhi,Delhi,Central,Patel Nagar,Karol Bagh,28.647203,77.194466
20-07-2022,04:35 PM,210137,Anisha,2022-05-26T00:00:00Z,0137,71,06:20,2021-03-31T00:00:00Z,Unknown,FALSE,FALSE,FALSE,Fatal Crash,2,1,2,Unknown,NA,"Loop Nigam, Bodh Ghat",NA,NA,29,77,A motorcyclist and two pillion riders were been hit by a truck. The victims were taken to the hospital where the motorcyclist and a pillion rider were declared dead and another pillion rider was treated.,3948,0,NA,Unknown,3948013771,KASHMIRIGATE,Kashmere Gate,Delhi,Delhi,North,Kotwali,Kotwali,28.665147,77.23535
20-07-2022,04:35 PM,210184,Anisha,2022-05-26T00:00:00Z,0184,71,22:00,2021-04-23T00:00:00Z,Right Angle Crash,FALSE,FALSE,FALSE,Fatal Crash,1,0,2,Unknown,NA,Nityanand Marg,Khoya Mandi Cut,"Mori Gate, Delhi",29,77,A motorcyclist was been hit by a bus when the bus driver was taking cut on the road. The victim was brutally injured and died on the spot.,3949,1,North-West,Not Applicable,3949018471,KASHMIRIGATE,Kashmere Gate,Delhi,Delhi,North,Kotwali,Kotwali,28.667355,77.224518
20-07-2022,04:35 PM,210302,Anisha,2022-05-26T00:00:00Z,0302,71,20:45,2021-05-31T00:00:00Z,Hit Pedestrian,FALSE,FALSE,FALSE,Fatal Crash,1,0,1,Unknown,NA,"Ring Road, Near Metro Station",Gate No.3,NA,29,77,A pedestrian was been hit by a blue bus. The victim went unconscious and was taken to the hospital he was treated.,3950,1,North,Same Direction,3950030271,KASHMIRIGATE,Kashmere Gate,Delhi,Delhi,North,Kotwali,Kotwali,28.666961,77.229542
20-07-2022,04:35 PM,210486,Anisha,2022-05-27T00:00:00Z,0486,71,20:00,2021-08-04T00:00:00Z,Hit Pedestrian,TRUE,FALSE,FALSE,Fatal Crash,1,0,1,Unknown,NA,Infront of Nigambodh Ghat,"Ring Road, Delhi",NA,29,77,A pedestrian was been hit by an unknown vehicle. The victim was taken to the hospital where he was treated.,3951,0,North-East,Unknown,3951048671,KASHMIRIGATE,Kashmere Gate,Delhi,Delhi,North,Kotwali,Kotwali,28.663937,77.235747
20-07-2022,04:35 PM,210499,Anisha,2022-05-27T00:00:00Z,0499,71,22:55,2021-08-07T00:00:00Z,Others,TRUE,FALSE,FALSE,Fatal Crash,1,0,1,Unknown,NA,Yamuna Flyover Near Metro Station,Gate No. 5 ISBT,"Kashmiri Gate, Delhi",29,77,A hand cart puller was been hit by an unknown vehicle. The victim was taken to the hospital where he was declared as brought dead.,3952,1,North,Unknown,3952049971,KASHMIRIGATE,Kashmere Gate,Delhi,Delhi,North,Kotwali,Kotwali,28.669224,77.227813
20-07-2022,04:35 PM,210089,Anisha,2022-05-27T00:00:00Z,0089,71,18:10,2021-02-20T00:00:00Z,Hit Pedestrian,TRUE,FALSE,FALSE,Fatal Crash,1,0,1,Unknown,NA,Near Hanuman Mandir,"Under Flyover, Ring Road",Yamuna Bazar,29,77,A pedestrian was been hit by an unknown vehicle. The victim was taken to the hospital where he was treated.,3953,1,North-East,Unknown,3953008971,KASHMIRIGATE,Kashmere Gate,Delhi,Delhi,North,Kotwali,Kotwali,28.662349,77.237917
20-07-2022,04:35 PM,210353,Anisha,2022-05-27T00:00:00Z,0353,71,02:17,2021-06-25T00:00:00Z,Hit Pedestrian,TRUE,FALSE,FALSE,Fatal Crash,1,0,1,Unknown,NA,Ring Road Hanuman Mandir,Kashmiri Gate,NA,29,77,A pedestrian was been hit by a truck. The victim was injured and died on the spot.,3954,1,N/A,Unknown,3954035371,KASHMIRIGATE,Kashmere Gate,Delhi,Delhi,North,Kotwali,Kotwali,28.66225,77.238072
20-07-2022,04:35 PM,210534,Anisha,2022-05-27T00:00:00Z,0534,71,09:30,2021-09-03T00:00:00Z,Hit Pedestrian,TRUE,FALSE,FALSE,Fatal Crash,1,0,1,Unknown,NA,Near Lohe ka Pul,Kashmiri Gate,Delhi,29,77,A pedestrian was been hit by a mini bus. The victim was taken to the hospital where he died during the treatment.,3955,2,North-East,Unknown,3955053471,KASHMIRIGATE,Kashmere Gate,Delhi,Delhi,North,Kotwali,Kotwali,28.662089,77.244881
20-07-2022,04:35 PM,210406,Anisha,2022-05-27T00:00:00Z,0406,71,04:50,2021-07-09T00:00:00Z,Hit Pedestrian,TRUE,FALSE,FALSE,Fatal Crash,1,0,1,Unknown,NA,In front of Madrasi Colony,Near about Mori Gate,Kashmiri Gate,29,77,A pedestrian was been hit by an unknown vehicle. The victim was taken to the hospital where he was declared as brought dead.,3956,1,North-West,Unknown,3956040671,KASHMIRIGATE,Kashmere Gate,Delhi,Delhi,North,Kotwali,Kotwali,28.663823,77.221476
20-07-2022,04:35 PM,210570,Anisha,2022-05-27T00:00:00Z,0570,71,02:00,2021-10-06T00:00:00Z,Hit Pedestrian,TRUE,FALSE,FALSE,Fatal Crash,1,0,1,Unknown,NA,Near Mori Gate Gol Chakkar,Opposite Madarasi Colony,NA,29,77,A pedestrian was been hit by an unknown vehicle. The victim was been crushed by the unknown vehicle and was dead on the spot.,3957,1,East,Unknown,3957057071,KASHMIRIGATE,Kashmere Gate,Delhi,Delhi,North,Kotwali,Kotwali,28.665899,77.222089
20-07-2022,04:35 PM,210646,Anisha,2022-05-27T00:00:00Z,0646,71,08:00,2021-12-04T00:00:00Z,Hit Pedestrian,TRUE,FALSE,FALSE,Fatal Crash,1,0,1,Unknown,NA,On Road Side,Near Basera No.247,Nigan Bodh Ghaat,29,77,A pedestrian was been hit by an unknown vehicle. The victim was taken to the hospital where he died during the treatment.,3958,2,N/A,Unknown,3958064671,KASHMIRIGATE,Kashmere Gate,Delhi,Delhi,North,Kotwali,Kotwali,28.663082,77.236656
20-07-2022,04:35 PM,210074,Anisha,2022-05-27T00:00:00Z,0074,72,19:00,2021-03-05T00:00:00Z,Hit Pedestrian,FALSE,FALSE,FALSE,Fatal Crash,1,0,1,Unknown,NA,Road Near Fire Station,Towards Britania Chowk,NA,29,77,A pedestrian was been hit by a truck. The trcuk's tyre rolled over the pedestrian's leg and she got injured. The victim was taken to the hospital where she was declared brought dead.,3959,2,West,Unknown,3959007472,KESHAVPURAM,Keshav Puram,Delhi,Delhi,North West,Ashok Vihar,Ashok Vihar,28.681864,77.147796
20-07-2022,04:35 PM,210468,Anisha,2022-05-27T00:00:00Z,0468,72,21:00,2021-07-31T00:00:00Z,Unknown,FALSE,FALSE,FALSE,Fatal Crash,1,1,2,Unknown,NA,Kanhaiya Metro Station Red Light,NA,NA,29,77,A motorcyclist and a pillion rider were been hit by a car. The victims were taken to the hospital where both were declared as brought dead.,3960,1,East,Unknown,3960046872,KESHAVPURAM,Keshav Puram,Delhi,Delhi,North West,Ashok Vihar,Ashok Vihar,28.68185,77.162274
20-07-2022,04:35 PM,210540,Anisha,2022-05-27T00:00:00Z,0540,72,16:00,2021-08-13T00:00:00Z,Single Vehicle Overturn,FALSE,FALSE,FALSE,Fatal Crash,1,0,1,Unknown,NA,Prembhari Flyover,NA,NA,29,77,An E-rickshaw driver got self injured as it's vehicle got overturn. The victim was taken to the hospital where he was declared as brought dead.,3961,2,North-East,Not Applicable,3961054072,KESHAVPURAM,Keshav Puram,Delhi,Delhi,North West,Ashok Vihar,Ashok Vihar,28.699989,77.158291
20-07-2022,04:35 PM,210588,Anisha,2022-05-27T00:00:00Z,0588,72,14:30,2021-10-03T00:00:00Z,Hit Pedestrian,TRUE,FALSE,FALSE,Fatal Crash,1,0,1,Unknown,NA,Infront of C-2 Block Gate No.3,NA,NA,29,77,A pedestrian was been hit by an unknown vehicle. The victim was taken to the hospital and was been treated.,3962,2,North-East,Unknown,3962058872,KESHAVPURAM,Keshav Puram,Delhi,Delhi,North West,Ashok Vihar,Ashok Vihar,28.689363,77.157076
20-07-2022,04:35 PM,210723,Anisha,2022-05-27T00:00:00Z,0723,72,22:38,2021-11-18T00:00:00Z,Unknown,TRUE,FALSE,FALSE,Fatal Crash,1,0,2,Unknown,NA,Keshav Puran Near Gurudware,Near C-7,NA,29,77,A motorcyclist was been hit by an unknown vehhicle. The victim was taken to the hospital where he was unconscious.,3963,1,North,Unknown,3963072372,KESHAVPURAM,Keshav Puram,Delhi,Delhi,North West,Ashok Vihar,Ashok Vihar,28.689364,77.157178
20-07-2022,04:35 PM,210788,Anisha,2022-05-27T00:00:00Z,0788,72,06:12,2021-12-13T00:00:00Z,Unknown,FALSE,FALSE,FALSE,Fatal Crash,1,0,2,Unknown,NA,Kanhaiya Metro Station Red Light,NA,NA,29,77,A TSR and a motorcycle were found in an accidental condition. The motorcyclist was injured and was taken to the hospital where he was treated.,3964,1,North,Unknown,3964078872,KESHAVPURAM,Keshav Puram,Delhi,Delhi,North West,Ashok Vihar,Ashok Vihar,28.682377,77.164541
20-07-2022,04:35 PM,210602,Anisha,2022-05-27T00:00:00Z,0602,74,05:25,2021-07-11T00:00:00Z,Unknown,TRUE,FALSE,FALSE,Fatal Crash,1,0,2,Unknown,NA,Baba Ramdev Road,Near Ghode Wala mandir,NA,29,77,A motorcyclist was been hit by ann unknown vehicle. The victim was been taken to the hospital where he was declared as brought dead.,3965,3,N/A,Unknown,3965060274,KHAYALA,Khyala,Delhi,Delhi,West,Rajouri Garden,Tilak Nagar,28.652564,77.108996
20-07-2022,04:35 PM,210083,Anisha,2022-05-27T00:00:00Z,0083,73,08:20,2021-02-16T00:00:00Z,Hit Pedestrian,FALSE,FALSE,FALSE,Fatal Crash,1,2,2,Unknown,NA,Khajuri Chowk and Khajuri Red Light,NA,NA,29,77,"An auto driver who was driving in the wrong side and another auto driver met with a crash. The second auto driver's passenger, driver and passenger of auto rickshaw got injured and was taken to the hospital where the passenger died during the treatment.",3966,2,N/A,Opposite Direction,3966008373,KHAZOORI,Khajoori Khas,Delhi,Delhi,North East,KhajuriKhas,KhajuriKhas,28.706008,77.256317
20-07-2022,04:35 PM,210174,Anisha,2022-05-27T00:00:00Z,0174,73,05:45,2021-04-27T00:00:00Z,Unknown,FALSE,FALSE,FALSE,Fatal Crash,1,0,1,Unknown,NA,"Main Pusta Road, Khajuri Khas",Near CRPF Camp,Karwal Nagar to Khajuri Lane,29,77,A motorcyclist was self injured and was taken to the hospital where he was declared as brought dead.,3967,1,North,Unknown,3967017473,KHAZOORI,Khajoori Khas,Delhi,Delhi,North East,KhajuriKhas,KhajuriKhas,28.715855,77.257467
20-07-2022,04:35 PM,210193,Anisha,2022-05-27T00:00:00Z,0193,73,23:30,2021-04-30T00:00:00Z,Unknown,TRUE,FALSE,FALSE,Fatal Crash,1,0,2,Unknown,NA,Khajuri Flyover,NA,NA,29,77,A motorcyclist was been hit by an another vehicle. The victim was taken to the hospital where he was declared as brought dead.,3968,1,North-West,Unknown,3968019373,KHAZOORI,Khajoori Khas,Delhi,Delhi,North East,KhajuriKhas,KhajuriKhas,28.704661,77.255544
20-07-2022,04:35 PM,210314,Anisha,2022-05-27T00:00:00Z,0314,73,10:30,2021-06-16T00:00:00Z,Unknown,FALSE,FALSE,FALSE,Fatal Crash,1,0,1,Unknown,NA,In front of Water Plant,Main Wazirabad Road,NA,29,77,A motorcyclist was delf injured and was taken to the hospital where he was declared as brought dead.,3969,1,North-East,Unknown,3969031473,KHAZOORI,Khajoori Khas,Delhi,Delhi,North East,KhajuriKhas,KhajuriKhas,28.702605,77.272272
20-07-2022,04:35 PM,210572,Anisha,2022-05-27T00:00:00Z,0572,73,23:30,2021-08-31T00:00:00Z,Hit Pedestrian,TRUE,FALSE,FALSE,Fatal Crash,1,0,1,Unknown,NA,Waziraabad Road,Near Canterberry School,NA,29,77,A pedestrian was been hit by an unknown vehicle. The victim was taken to the hospital where he was declared as brought dead.,3970,2,N/A,Unknown,3970057273,KHAZOORI,Khajoori Khas,Delhi,Delhi,North East,KhajuriKhas,KhajuriKhas,28.702763,77.270821
20-07-2022,04:35 PM,210671,Anisha,2022-05-27T00:00:00Z,0671,73,21:30,2021-10-01T00:00:00Z,Hit Pedestrian,TRUE,FALSE,FALSE,Fatal Crash,1,0,1,Unknown,NA,"Wazirabad Road, Near Bus Stand",Towards Gokulpuri Road,NA,29,77,A pedestrian was been hit by an unknown vehicle and was dead on the spot.,3971,2,N/A,Unknown,3971067173,KHAZOORI,Khajoori Khas,Delhi,Delhi,North East,KhajuriKhas,KhajuriKhas,28.703373,77.26393
20-07-2022,04:35 PM,210047,Anisha,2022-05-27T00:00:00Z,0047,75,23:30,2021-02-05T00:00:00Z,Backend Collision,TRUE,FALSE,FALSE,Fatal Crash,1,0,2,Unknown,NA,Mayapuri Flyover Ring Road,NA,NA,29,77,A motorcyclist and a pillion rider were been hit by a truck. The victims were taken to the hospital where the pillion rider was declared as brought dead and the motorcyclist was treated.,3972,1,N/A,Same Direction,3972004775,KIRTINAGAR,Kirti Nagar,Delhi,Delhi,West,Punjabi Bagh,Punjabi Bagh,28.6394,77.129266
20-07-2022,04:35 PM,210404,Anisha,2022-05-27T00:00:00Z,0404,75,22:25,2021-08-22T00:00:00Z,Hit Pedestrian,TRUE,FALSE,FALSE,Fatal Crash,1,1,2,Unknown,NA,"Ring Road, In front of Fly Kite Shop","Kirti Nagar, Delhi",NA,29,77,A motorcyclist and a pillion rider were been hit by an E-rickshaw who was coming in the wrong direction. The victims were taken to the hospital where the pillion rider was declared as brought dead and the motorcyclist was treated and then gave his statement.,3973,2,N/A,Opposite Direction,3973040475,KIRTINAGAR,Kirti Nagar,Delhi,Delhi,West,Punjabi Bagh,Punjabi Bagh,28.639527,77.129425
20-07-2022,04:35 PM,210427,Anisha,2022-05-27T00:00:00Z,0427,75,07:00,2021-09-18T00:00:00Z,Backend Collision,FALSE,FALSE,FALSE,Fatal Crash,1,0,2,Unknown,NA,Above Mayapuri Flyover,Near Mayapuri Metro Station,NA,29,77,A motorcyclist got hit on the truck. The vehicles were in an accidental condition. The victim were taken to the hospital where he was treated.,3974,1,South-East,Same Direction,3974042775,KIRTINAGAR,Kirti Nagar,Delhi,Delhi,West,Punjabi Bagh,Punjabi Bagh,28.637816,77.129827
20-07-2022,04:35 PM,210128,Anisha,2022-05-27T00:00:00Z,0128,75,22:24,2021-04-08T00:00:00Z,Sideswipe (Same Direction),TRUE,FALSE,FALSE,Fatal Crash,1,0,2,Unknown,NA,Near Hindustan Veg Pocket,NA,NA,29,77,A motorcyclist was been hit by a canter whose driver turned his vehicle on his left side where them motorcyclist was without giving any indicator. The motorcylist head was crushed under the canter's tyre and was taken to the hospital where he was declared as brought dead.,3975,1,N/A,Same Direction,3975012875,KIRTINAGAR,Kirti Nagar,Delhi,Delhi,West,Punjabi Bagh,Punjabi Bagh,28.658911,77.145498
20-07-2022,04:35 PM,210432,Anisha,2022-05-27T00:00:00Z,0432,75,04:00,2021-09-24T00:00:00Z,Hit Pedestrian,TRUE,FALSE,FALSE,Fatal Crash,1,0,1,Unknown,NA,In front of 5/34 Industrial Area,"Kirti Nagar, Delhi",NA,29,77,A pedestrain was been hit by a truck and the victim was taken to the hospital where he died after some time.,3976,NA,North,Unknown,3976043275,KIRTINAGAR,Kirti Nagar,Delhi,Delhi,West,Punjabi Bagh,Punjabi Bagh,28.652632,77.142444
20-07-2022,04:35 PM,210256,Anisha,2022-05-30T00:00:00Z,0256,75,01:30,2021-06-21T00:00:00Z,Hit Pedestrian,TRUE,FALSE,FALSE,Fatal Crash,1,0,1,Unknown,NA,Service Road Marble Market,Mansoravar Garden,"Near Footover Bridge, Rajouri Garden",29,77,A pedestrian was been hit by a tempo. The victim was injured and was taken to the hospital where he was declared as brought dead.,3977,2,N/A,Unknown,3977025675,KIRTINAGAR,Kirti Nagar,Delhi,Delhi,West,Punjabi Bagh,Punjabi Bagh,28.646608,77.126648
20-07-2022,04:35 PM,210001,Anisha,2022-05-30T00:00:00Z,0001,76,01:20,2021-01-01T00:00:00Z,Unknown,TRUE,FALSE,FALSE,Fatal Crash,1,0,2,Unknown,NA,On Outer Ring Road,Opposite Capital Court,Near,29,77,A motorcyclist was been hit by an unknown vehicle. The victim was taken to the hospital by PCR car where he was declared as brought dead.,3978,3,North-West,Unknown,3978000176,KISHANGARH,KishanGarh,Delhi,Delhi,South west,Vasant Kunj,Safdarjung Enclave,28.555729,77.175977
20-07-2022,04:35 PM,210114,Anisha,2022-05-30T00:00:00Z,0114,76,21:00,2021-03-29T00:00:00Z,Unknown,TRUE,FALSE,FALSE,Fatal Crash,1,0,2,Unknown,NA,In front of H No C-6/2,SDA Ring Road,NA,29,77,A motorcyclist was been hit by an unknown vehicle. The victim was taken to the hospital where he died during the treatment.,3979,3,East,Unknown,3979011476,KISHANGARH,KishanGarh,Delhi,Delhi,South west,Vasant Kunj,Safdarjung Enclave,28.545683,77.197924
20-07-2022,04:35 PM,210045,Anisha,2022-05-30T00:00:00Z,0045,76,03:35,2021-01-22T00:00:00Z,Hit Pedestrian,TRUE,FALSE,FALSE,Fatal Crash,1,0,1,Unknown,NA,In front of IIT Metro Station,"outer Ring Road, Delhi",NA,29,77,A pedestrian was been hit by an unknown vehicle. The victim was taken to the hospital where he died during the treatment.,3980,3,North,Unknown,3980004576,KISHANGARH,KishanGarh,Delhi,Delhi,South west,Vasant Kunj,Safdarjung Enclave,28.546854,77.193623
20-07-2022,04:35 PM,210231,Anisha,2022-05-30T00:00:00Z,0231,76,22:30,2021-07-03T00:00:00Z,Hit Pedestrian,FALSE,FALSE,FALSE,Fatal Crash,1,0,1,Unknown,NA,"Fashion Education Training, Gali No.2",Near Gautam Nursery,Katwarai Sarai,29,77,A pedestrian was been hit by an unknown vehicle. The victim was taken to the hospital where he was unfit to give statement.,3981,3,East,Unknown,3981023176,KISHANGARH,KishanGarh,Delhi,Delhi,South west,Vasant Kunj,Safdarjung Enclave,28.516998,77.165276