Auto_Date,Auto_Time,Form_No,Entry_Personnel,Filled_Date,FIR_No,Police_Station,Time_Of_Crash,Date_Of_Crash,Collision_Type,Hit_and_Run,Special_Case,Case File Available,Crash_Severity,No_Of_ Fatalities,No_Of_ Injured,No_Of_Vehicles,Location,Road_Type,Road_1,Road_2,Road_3,GPS_Lat,GPS_Long,Note,Crash_ID,Distance_From_Landmark,Text97,Veh_Rel_Travel_Dir,Crash_ID_new,PS_Name,PS_Name_New,PS_State,PS_Dist,div_DCP,Sb_div_ACP,Circle_TI,Latitude,Longitude
20-07-2022,04:35 PM,210252,Anisha,2022-05-30T00:00:00Z,0252,76,22:30,2021-07-03T00:00:00Z,Unknown,FALSE,FALSE,FALSE,Fatal Crash,1,0,2,Unknown,NA,Aruna Asaf Ali Road,Near Gate No.1,"Sanjay Van, Kishangarh",29,77,A Honda Civic car and a White taxi car were found in an accidental condition on the road. One of the car's driver were injured and was taken to the hospital where he was declared as brought dead.,3982,3,South-West,Unknown,3982025276,KISHANGARH,KishanGarh,Delhi,Delhi,South west,Vasant Kunj,Safdarjung Enclave,28.519857,77.16237
20-07-2022,04:35 PM,210335,Anisha,2022-05-30T00:00:00Z,0335,76,01:00,2021-09-25T00:00:00Z,Hit Pedestrian,TRUE,FALSE,FALSE,Fatal Crash,1,0,1,Unknown,NA,"Ring Road, Jia Sarai","Petrol Pump, Delhi",NA,29,77,A pedestrian was been hit by an unknown vehicle. The victim was taken to the hospital where he was unfit for statement.,3983,3,North,Unknown,3983033576,KISHANGARH,KishanGarh,Delhi,Delhi,South west,Vasant Kunj,Safdarjung Enclave,28.548768,77.188439
20-07-2022,04:35 PM,210546,Anisha,2022-05-30T00:00:00Z,0546,76,10:52,2021-12-17T00:00:00Z,Single Vehicle Hit Fixed Object,FALSE,FALSE,FALSE,Fatal Crash,1,0,1,Unknown,NA,Munirka Flyover Ring Road,"Outer Munirka, New Delhi",NA,29,77,An auto rickshaw driver got hit into the stationary object. The victim was take to the hospital where he was declared as brought dead.,3984,3,North-West,Unknown,3984054676,KISHANGARH,KishanGarh,Delhi,Delhi,South west,Vasant Kunj,Safdarjung Enclave,28.551547,77.182401
20-07-2022,04:35 PM,210561,Anisha,2022-05-30T00:00:00Z,0561,76,00:00,2021-12-29T00:00:00Z,Multi Vehicle Crash,FALSE,FALSE,FALSE,Fatal Crash,1,1,3,Unknown,NA,Outer Ring Road,Towards Hauz Khas,Near Footover Bridge,29,77,A taxi car was found on the divider and the tempo and a car were found in an accidental condition on the road. The victims were taken to the hospital where one of the victim was declared as brought dead.,3985,5,North,Unknown,3985056176,KISHANGARH,KishanGarh,Delhi,Delhi,South west,Vasant Kunj,Safdarjung Enclave,28.546751,77.193506
20-07-2022,04:35 PM,210119,Anisha,2022-05-30T00:00:00Z,0119,77,23:30,2021-03-10T00:00:00Z,Hit Pedestrian,TRUE,FALSE,FALSE,Fatal Crash,1,0,1,Unknown,NA,AIIMS Hospital,Infront of Gate No.2,NA,29,77,A disembarked vehicle occupant parked his vehicle and was heading towards the public washroom when a speeding BMW car hitted him and ran away from the site. The victim was taken to the hospital where he was declared as brought dead.,3986,1,N/A,Unknown,3986011977,KOTLAMUBARAKPUR,Kotla Mubarakpur,Delhi,Delhi,South,Hauz Khas,Defence Colony,28.569123,77.212333
20-07-2022,04:35 PM,210419,Anisha,2022-05-30T00:00:00Z,0419,77,17:30,2021-10-12T00:00:00Z,Hit Pedestrian,FALSE,FALSE,FALSE,Fatal Crash,1,0,1,Unknown,NA,In fornt of H No.L-215,"Sewa Nagar, Kotla Mubarakpur",NA,29,77,A pedestrian was been hit by a tempo. The victim was taken to the hospital where he was declared as brought dead.,3987,1,North,Unknown,3987041977,KOTLAMUBARAKPUR,Kotla Mubarakpur,Delhi,Delhi,South,Hauz Khas,Defence Colony,28.579812,77.223934
20-07-2022,04:35 PM,210444,Anisha,2022-05-30T00:00:00Z,0444,77,20:00,2021-11-05T00:00:00Z,Hit Pedestrian,FALSE,FALSE,FALSE,Fatal Crash,1,1,1,Unknown,NA,"Ring Road, Near Andrews Ganj Flyover","Near South Extension, Part 1",NA,29,77,A pedestrian was been hit by a motorcyclist. The victim was taken to the hospital where he was unfit to give statement.,3988,2,South-East,Unknown,3988044477,KOTLAMUBARAKPUR,Kotla Mubarakpur,Delhi,Delhi,South,Hauz Khas,Defence Colony,28.567749,77.225562
20-07-2022,04:35 PM,210412,Anisha,2022-05-30T00:00:00Z,0412,78,01:27,2021-05-17T00:00:00Z,Sideswipe (Same Direction),TRUE,FALSE,FALSE,Fatal Crash,1,1,2,Unknown,NA,Near Geeta Colony Flyover,Outer Ring Road,NA,29,77,A motorcyclist and a pillion rider were been hit by a truck. The victims were taken to the hospital where the pillion rider was declared as brought dead.,3989,1,East,Same Direction,3989041278,KOTWALI,Kotwali,Delhi,Delhi,North,Kotwali,Kotwali,28.651374,77.254446
20-07-2022,04:35 PM,210455,Anisha,2022-05-30T00:00:00Z,0455,78,14:05,2021-05-23T00:00:00Z,Sideswipe (Same Direction),TRUE,FALSE,FALSE,Fatal Crash,1,2,2,Unknown,NA,By pass Ring Road,"Behind Red Fort, Delhi",NA,29,77,A motorcyclist and the pillion riders were been hit by a truck from side. The victims were taken to the hospital where the pillion riders were decalared as brought dead and the motorcyclist was treated.,3990,2,East,Same Direction,3990045578,KOTWALI,Kotwali,Delhi,Delhi,North,Kotwali,Kotwali,28.655811,77.24485
20-07-2022,04:35 PM,210465,Anisha,2022-05-30T00:00:00Z,0465,78,08:43,2021-05-26T00:00:00Z,Unknown,FALSE,FALSE,FALSE,Fatal Crash,2,2,2,Unknown,NA,Near Child Crimination Ring,NA,NA,29,77,A DTC Bus and a TSR were found in an accidental condition. The victims were taken to the hospital where the auto rickshaw passengers were declared as brought dead.,3991,1,East,Unknown,3991046578,KOTWALI,Kotwali,Delhi,Delhi,North,Kotwali,Kotwali,28.65826,77.248185
20-07-2022,04:35 PM,210533,Anisha,2022-05-30T00:00:00Z,0533,78,22:18,2021-06-10T00:00:00Z,Hit Pedestrian,TRUE,FALSE,FALSE,Fatal Crash,1,0,1,Unknown,NA,Subahsh Marg Angoori Bagh,Cut near Old Lajpat Rai Market,NA,29,77,A pedestrian was been hit by a mini bus. The victim was taken to the hospital where he was unfit to give statement.,3992,1,North,Unknown,3992053378,KOTWALI,Kotwali,Delhi,Delhi,North,Kotwali,Kotwali,28.657881,77.237083
20-07-2022,04:35 PM,210541,Anisha,2022-05-30T00:00:00Z,0541,78,21:05,2021-06-12T00:00:00Z,Unknown,FALSE,FALSE,FALSE,Fatal Crash,1,0,1,Unknown,NA,Ring Road Towards ISBT,Behind Red Fort,Near Vijay Ghat Bus Depot,29,77,A motorcyclist was self injured and was taken to the hospital where he was treated.,3993,2,East,Unknown,3993054178,KOTWALI,Kotwali,Delhi,Delhi,North,Kotwali,Kotwali,28.657958,77.244717
20-07-2022,04:35 PM,210555,Anisha,2022-05-30T00:00:00Z,0555,78,04:23,2021-06-19T00:00:00Z,Hit Pedestrian,TRUE,FALSE,FALSE,Fatal Crash,1,0,1,Unknown,NA,Infront of Red Fort,Near Kabootar Market,NA,0,0,A pedestrian was beenh hit by an unknown vehicle and was declared as brought dead.,3994,1,East,Unknown,3994055578,KOTWALI,Kotwali,Delhi,Delhi,North,Kotwali,Kotwali,28.651698,77.237676
20-07-2022,04:35 PM,210586,Anisha,2022-05-30T00:00:00Z,0586,78,04:10,2021-06-28T00:00:00Z,Hit Pedestrian,TRUE,FALSE,FALSE,Fatal Crash,1,0,1,Unknown,NA,"Subhash Marg, Infront of Jama Masjid",NA,NA,29,77,A pedestrian was beenh hit by an unknown vehicle and was declared as brought dead.,3995,1,East,Unknown,3995058678,KOTWALI,Kotwali,Delhi,Delhi,North,Kotwali,Kotwali,28.653313,77.236453
20-07-2022,04:35 PM,210632,Anisha,2022-05-30T00:00:00Z,0632,78,12:08,2021-07-07T00:00:00Z,Hit Pedestrian,TRUE,FALSE,FALSE,Fatal Crash,1,0,1,Unknown,NA,Geeta Colony Flyover,Towards Shanti Van Chowk,NA,29,77,A pedestrian was beenh hit by an unknown vehicle and was declared as brought dead.,3996,2,East,Unknown,3996063278,KOTWALI,Kotwali,Delhi,Delhi,North,Kotwali,Kotwali,28.651249,77.25452
20-07-2022,04:35 PM,210853,Anisha,2022-05-30T00:00:00Z,0853,78,22:05,2021-09-14T00:00:00Z,Backend Collision,TRUE,FALSE,FALSE,Fatal Crash,1,0,2,Unknown,NA,"Lower Subhash Marg, Near Subway","Red Fort, Delhi",NA,29,77,An Electric Rickshaw driver was been hit by a bus from behind. The victim was taken to the hospital where he was declared as brought dead.,3997,1,South-East,Same Direction,3997085378,KOTWALI,Kotwali,Delhi,Delhi,North,Kotwali,Kotwali,28.656679,77.236827
20-07-2022,04:35 PM,210982,Anisha,2022-05-30T00:00:00Z,0982,78,10:30,2021-10-20T00:00:00Z,Unknown,TRUE,FALSE,FALSE,Fatal Crash,1,0,2,Unknown,NA,Geeta Colony Flyover,Towards Shanti Van Red Light,NA,29,77,A motorcyclist was been hit by an unknown vehicle. The victim was taken to the hospital where he was declared brought dead.,3998,2,East,Unknown,3998098278,KOTWALI,Kotwali,Delhi,Delhi,North,Kotwali,Kotwali,28.65149,77.25888
20-07-2022,04:35 PM,210147,Anisha,2022-05-30T00:00:00Z,0147,79,09:00,2021-04-13T00:00:00Z,Hit Pedestrian,FALSE,FALSE,FALSE,Fatal Crash,1,0,1,Unknown,NA,Near B-108,Infront of Shakti Mandir,Kanti Nagar,29,77,A pedestrian was been hit by a motorcyclist. The pedestria was injured and was taken to the hospital where she was dead on the spot.,3999,1,East,Unknown,3999014779,KRISHNANAGAR,Krishna Nagar,Delhi,Delhi,Shahdara,Gandhi Nagar,Gandhi Nagar,28.66742,77.27758
20-07-2022,04:35 PM,210455,Anisha,2022-05-30T00:00:00Z,0455,79,19:05,2021-08-10T00:00:00Z,Unknown,FALSE,FALSE,FALSE,Fatal Crash,1,0,1,Unknown,NA,Near Nala Kanti Nagar,NA,NA,29,77,A motorcyclist was self injured and was taken to the hospital where he was treated and died during the treatment,4000,1,N/A,Unknown,4000045579,KRISHNANAGAR,Krishna Nagar,Delhi,Delhi,Shahdara,Gandhi Nagar,Gandhi Nagar,28.66921,77.27863
20-07-2022,04:35 PM,210724,Anisha,2022-05-30T00:00:00Z,0724,79,14:45,2021-11-07T00:00:00Z,Hit Pedestrian,TRUE,FALSE,FALSE,Fatal Crash,1,0,1,Unknown,NA,Road Towards Jagatpuri Road No.57,200 metre far from Kanti Nagar,NA,29,77,A pedestrian was been hit by a motorcycle. The victim was taken to the hospital where she was treated,4001,1,East,Unknown,4001072479,KRISHNANAGAR,Krishna Nagar,Delhi,Delhi,Shahdara,Gandhi Nagar,Gandhi Nagar,28.667531,77.277164
20-07-2022,04:35 PM,210752,Anisha,2022-05-31T00:00:00Z,0752,79,22:30,2021-11-20T00:00:00Z,Hit Pedestrian,TRUE,FALSE,FALSE,Fatal Crash,1,0,1,Unknown,NA,Near Bihari Colony Bus Stand,"Krishna Nagar, Delhi",NA,29,77,A pedestrian was been hit by an unknown vehicle. The victim was taken to the hospital where he was unfit to give statament.,4002,1,East,Unknown,4002075279,KRISHNANAGAR,Krishna Nagar,Delhi,Delhi,Shahdara,Gandhi Nagar,Gandhi Nagar,28.67085,77.280766
20-07-2022,04:35 PM,210058,Anisha,2022-05-31T00:00:00Z,0058,80,21:00,2021-02-07T00:00:00Z,Hit Pedestrian,FALSE,FALSE,FALSE,Fatal Crash,1,0,1,Unknown,NA,Infront of G block,SN Market,NA,31,74,A pedestrian was been hit by a motorcyclist. The victim was taken to the hospital where he was declared as brought dead.,4003,1,North-West,Unknown,4003005880,LAHORIGATE,Lahori Gate,Delhi,Delhi,North,Kotwali,Kotwali,28.6464,77.223552
20-07-2022,04:35 PM,210111,Anisha,2022-05-31T00:00:00Z,0111,80,NA,2021-03-13T00:00:00Z,Hit Pedestrian,TRUE,FALSE,FALSE,Fatal Crash,1,0,1,Unknown,NA,"Main Road, Pull Mithai",Near Awanti Bai Chowk,"Lahori Gate, Delhi",29,77,A pedestrian was bene hit by an unknown vehicle. The victim's body was crushed and he was dead omn the spot.,4004,1,North,Unknown,4004011180,LAHORIGATE,Lahori Gate,Delhi,Delhi,North,Kotwali,Kotwali,28.663233,77.215607
20-07-2022,04:35 PM,210323,Anisha,2022-05-31T00:00:00Z,0323,80,20:30,2021-06-10T00:00:00Z,Hit Pedestrian,TRUE,FALSE,FALSE,Fatal Crash,1,0,1,Unknown,NA,"SPM Marg, Fatehpur, Delhi",NA,NA,29,77,A pedestrian was been hit by an unknown vehicle. The victim was taken to the hospital where he was declared as brought dead.,4005,1,East,Unknown,4005032380,LAHORIGATE,Lahori Gate,Delhi,Delhi,North,Kotwali,Kotwali,28.656027,77.222835
20-07-2022,04:35 PM,210396,Anisha,2022-05-31T00:00:00Z,0396,80,18:00,2021-07-15T00:00:00Z,Hit Pedestrian,TRUE,FALSE,FALSE,Fatal Crash,1,0,1,Unknown,NA,Footpath Main Road,"Chandini Chowk, Near Punjab National Bank",NA,29,77,A pedestrian was been hit by an unknown vehicle. The victim was taken to the hospital where he was declared as brought dead.,4006,1,East,Unknown,4006039680,LAHORIGATE,Lahori Gate,Delhi,Delhi,North,Kotwali,Kotwali,28.656485,77.228432
20-07-2022,04:35 PM,210484,Anisha,2022-05-31T00:00:00Z,0484,80,00:30,2021-08-30T00:00:00Z,Hit Pedestrian,TRUE,FALSE,FALSE,Fatal Crash,1,0,1,Unknown,NA,Main Road Lahori Gate Chowk,PS- Lahori Gate,NA,29,77,A pedestrian was been hit by an unknown vehicle. The victim was taken to the hospital where he died during the treatment.,4007,0,North-East,Unknown,4007048480,LAHORIGATE,Lahori Gate,Delhi,Delhi,North,Kotwali,Kotwali,28.65425,77.218975
20-07-2022,04:35 PM,210572,Anisha,2022-05-31T00:00:00Z,0572,80,03:16,2021-10-14T00:00:00Z,Hit Pedestrian,FALSE,FALSE,FALSE,Fatal Crash,1,0,1,Unknown,NA,Main Lahori Gate Chowk,"PS- Lahori Gate, Delhi",NA,29,77,A  pedestrian was crossing the road and was been hit by a truck and was dead on the spot.,4008,0,North,Unknown,4008057280,LAHORIGATE,Lahori Gate,Delhi,Delhi,North,Kotwali,Kotwali,28.65704,77.218678
20-07-2022,04:35 PM,210324,Anisha,2022-05-31T00:00:00Z,0324,81,11:30,2021-08-20T00:00:00Z,Single Vehicle Hit Parked Vehicle,FALSE,FALSE,FALSE,Fatal Crash,1,0,2,Unknown,NA,Under Moolchand Flyover,Lajpat Nagar,NA,29,77,A disembarked vehicle occupant was been hit by a temp who was coming at a very high speed. The victim fell and was lying on the road. He was taken to the hopsital where he was declared as brought dead.,4009,1,West,Not Applicable,4009032481,LAJPATNAGAR,Lajpat Nagar,Delhi,Delhi,South East,Kalkaji,Lajpat Nagar,28.565458,77.234508
20-07-2022,04:35 PM,210478,Anisha,2021-05-31T00:00:00Z,0478,81,13:35,2021-12-03T00:00:00Z,Hit Pedestrian,FALSE,FALSE,FALSE,Fatal Crash,1,0,2,Unknown,NA,"Near Mother Diary, Jal Vihar","Central Market, Lajpat Nagar",NA,29,77,A motorcyclist was been hit by a taxi driver from front. The victim was injured and was taken to the hospital where he was declared as brought dead.,4010,2,North-East,Opposite Direction,4010047881,LAJPATNAGAR,Lajpat Nagar,Delhi,Delhi,South East,Kalkaji,Lajpat Nagar,28.575971,77.250538
20-07-2022,04:35 PM,210131,Anisha,2022-05-31T00:00:00Z,0131,83,14:40,2021-06-01T00:00:00Z,Backend Collision,FALSE,FALSE,FALSE,Fatal Crash,1,0,2,Unknown,NA,New Khanna Market Chowk,NA,NA,29,77,A motorcyclist was been hit by a car. The victim was injured and was taken to the hospital where he was declared as brought dead.,4011,2,North-West,Same Direction,4011013183,LODHICOLONY,Lodhi Colony,Delhi,Delhi,South,Hauz Khas,Defence Colony,28.58265,77.220065
20-07-2022,04:35 PM,210152,Anisha,2022-05-31T00:00:00Z,0152,81,21:45,2021-07-07T00:00:00Z,Hit Pedestrian,FALSE,FALSE,FALSE,Fatal Crash,1,0,1,Unknown,NA,Sewa Nagar Depot,"Infront of Workshop, Lodhi Colony",NA,29,77,"A pedestrian was been hit by a cluster bus. The victim was been crushed by the bus driver and his body parts were scattered on the road. On arrival of the CATS ambulance, he was declared as dead on the spot.",4012,2,N/A,Unknown,4012015281,LAJPATNAGAR,Lajpat Nagar,Delhi,Delhi,South East,Kalkaji,Lajpat Nagar,NA,NA
20-07-2022,04:35 PM,210014,Anisha,2022-05-31T00:00:00Z,0014,86,19:19,2021-01-16T00:00:00Z,Unknown,TRUE,FALSE,FALSE,Fatal Crash,1,0,2,Unknown,NA,"Road No.57, Near Nala, Hasanpur Village",NA,NA,29,77,A motorcyclist was been hit by a heavy vehicle. The victim was injured and was taken to the hospital by PCR van where he was unfit to give statement.,4013,2,North-East,Unknown,4013001486,MADHUVIHAR,Madhu Vihar,Delhi,Delhi,East District,Preet Vihar,Madhu Vihar,28.63322,77.31054
20-07-2022,04:35 PM,210058,Anisha,2022-05-31T00:00:00Z,0058,86,11:30,2021-03-16T00:00:00Z,Hit Pedestrian,TRUE,FALSE,FALSE,Fatal Crash,1,0,2,Unknown,NA,Near Metro Pillar No.211,Max Hospital PPG,NA,29,77,The pedestrians were been hit by a motorcyclist and then one of the pedestrians was been crushed by a truck. The victims were injured ad were taken to the hospital where they were treated.,4014,2,N/A,Unknown,4014005886,MADHUVIHAR,Madhu Vihar,Delhi,Delhi,East District,Preet Vihar,Madhu Vihar,28.629343,77.307133
20-07-2022,04:35 PM,210372,Anisha,2022-05-31T00:00:00Z,0372,86,19:53,2021-10-20T00:00:00Z,Hit Pedestrian,TRUE,FALSE,FALSE,Fatal Crash,1,0,1,Unknown,NA,Infront of Patanjali Store,Khichripur Road,NA,29,77,A pedestrian was been hit by an unknown vehicle. The victim was taken to the hospital where he was unfit to give statement.,4015,1,North-East,Unknown,4015037286,MADHUVIHAR,Madhu Vihar,Delhi,Delhi,East District,Preet Vihar,Madhu Vihar,28.62666,77.30951
20-07-2022,04:35 PM,210191,Anisha,2022-05-31T00:00:00Z,0191,86,23:50,2021-07-25T00:00:00Z,Hit Pedestrian,TRUE,FALSE,FALSE,Fatal Crash,1,0,1,Unknown,NA,"Main Road No.57, Near Singla Sweet","Madhu Vihar, Delhi",NA,29,77,A pedestrian was been hit by an unknown vehicle. The victim was taken to the hospital where he was unfit to give statement.,4016,2,N/A,Unknown,4016019186,MADHUVIHAR,Madhu Vihar,Delhi,Delhi,East District,Preet Vihar,Madhu Vihar,28.635827,77.3058
20-07-2022,04:35 PM,210006,Anisha,2022-06-01T00:00:00Z,0006,87,17:47,2021-01-03T00:00:00Z,Unknown,TRUE,FALSE,FALSE,Fatal Crash,1,0,1,Unknown,NA,Infront of GT Road Bhama Shah Park,NA,NA,29,77,A pedestrian was been hit by an unknown vehicle. The victim was been taken to the hospital where he was declared as brought dead.,4017,2,North-West,Unknown,4017000687,MAHENDRAPARK,Mahendra Park,Delhi,Delhi,North West,Shalimar Bagh,Shalimar Bagh,28.721604,77.16614
20-07-2022,04:35 PM,210011,Anisha,2022-06-01T00:00:00Z,0011,87,23:50,2021-01-06T00:00:00Z,Unknown,TRUE,FALSE,FALSE,Fatal Crash,1,1,2,Unknown,NA,Outer Ring Road,"Mukraba Chowk,Flyover",NA,29,77,A motorcyclist and a pillion rider were been hit by an unknown vehicle. The victims were taken to the hospital where the motorcyclist was declared as brought dead and the pillion rider was treated.,4018,1,South,Unknown,4018001187,MAHENDRAPARK,Mahendra Park,Delhi,Delhi,North West,Shalimar Bagh,Shalimar Bagh,28.73495,77.153584
20-07-2022,04:35 PM,210105,Anisha,2021-06-01T00:00:00Z,0105,87,13:30,2021-02-28T00:00:00Z,Hit Pedestrian,FALSE,FALSE,FALSE,Fatal Crash,1,0,1,Unknown,NA,Under Mukraba Chowk Flyover,GT Road,NA,29,77,A pedestrian was been hit by a TSR. The victim was taken to the hospital by the same TSR where she died during the treatment.,4019,1,North,Unknown,4019010587,MAHENDRAPARK,Mahendra Park,Delhi,Delhi,North West,Shalimar Bagh,Shalimar Bagh,28.734767,77.156052
20-07-2022,04:35 PM,210427,Anisha,2022-06-01T00:00:00Z,0427,87,21:30,2021-05-04T00:00:00Z,Unknown,TRUE,FALSE,FALSE,Fatal Crash,1,0,1,Unknown,NA,Mukraba Chowk Flyover,Towards ISBT Road,NA,29,77,A mototrcyclist was been hit by an unknown vehicle. The victim was been taken to the hospital where he was declared as brought dead.,4020,2,South,Unknown,4020042787,MAHENDRAPARK,Mahendra Park,Delhi,Delhi,North West,Shalimar Bagh,Shalimar Bagh,28.735124,77.156031
20-07-2022,04:35 PM,211189,Anisha,2022-06-01T00:00:00Z,1189,87,23:00,2021-09-12T00:00:00Z,Hit Pedestrian,FALSE,FALSE,FALSE,Fatal Crash,1,0,1,Unknown,NA,Towards Rohini Side Flyover,GT Road,NA,29,77,A pedestrian was been hit by a truck. The victim was taken to the hospital where he was declared as brought dead.,4021,2,West,Unknown,4021118987,MAHENDRAPARK,Mahendra Park,Delhi,Delhi,North West,Shalimar Bagh,Shalimar Bagh,28.734484,77.156285
20-07-2022,04:35 PM,210044,Anisha,2022-06-01T00:00:00Z,0044,87,22:15,2021-01-27T00:00:00Z,Unknown,FALSE,FALSE,FALSE,Fatal Crash,1,0,2,Unknown,NA,"Loop Flyover, Towards Rohini",Near Masjid,"Jahangir Puri, Delhi",29,77,A motorcyclist was been hit by a car. The motorcyclist was been taken to the hospital where he was unfit to give statement.,4022,1,North,Unknown,4022004487,MAHENDRAPARK,Mahendra Park,Delhi,Delhi,North West,Shalimar Bagh,Shalimar Bagh,28.733921,77.155
20-07-2022,04:35 PM,210071,Anisha,2022-06-01T00:00:00Z,0071,87,04:28,2021-02-09T00:00:00Z,Hit Pedestrian,TRUE,FALSE,FALSE,Fatal Crash,1,0,1,Unknown,NA,"Red Light, Gurudwara Mahendra Park",NA,NA,29,77,A pedestrian was been hit by an unknown vehicle and was dead on the spot.,4023,1,N/A,Unknown,4023007187,MAHENDRAPARK,Mahendra Park,Delhi,Delhi,North West,Shalimar Bagh,Shalimar Bagh,28.733921,77.158578
20-07-2022,04:35 PM,210083,Anisha,2022-06-01T00:00:00Z,0083,87,11:00,2021-02-16T00:00:00Z,Hit Pedestrian,FALSE,FALSE,FALSE,Fatal Crash,1,0,1,Unknown,NA,Near SSI Jhuggi,NA,NA,29,77,A pedestrian was been hit by a tempo and was injured. The victim was taken to the hospital where she was declared as borught dead.,4024,1,East,Unknown,4024008387,MAHENDRAPARK,Mahendra Park,Delhi,Delhi,North West,Shalimar Bagh,Shalimar Bagh,28.733921,77.158578
20-07-2022,04:35 PM,210569,Anisha,2022-06-01T00:00:00Z,0569,87,23:45,2021-05-25T00:00:00Z,Sideswipe (Same Direction),FALSE,FALSE,FALSE,Fatal Crash,1,0,2,Unknown,NA,Near D Block Chowk,Azadpur Sabzi Mandi,NA,29,77,A motorcyclist was been hit by a truck from side and the motorcyclist came under the tyre of the truck and the victim was dead on the spot.,4025,1,West,Same Direction,4025056987,MAHENDRAPARK,Mahendra Park,Delhi,Delhi,North West,Shalimar Bagh,Shalimar Bagh,28.714622,77.177006
20-07-2022,04:35 PM,210723,Anisha,2022-06-01T00:00:00Z,0723,87,18:05,2021-06-22T00:00:00Z,Unknown,TRUE,FALSE,FALSE,Fatal Crash,1,0,2,Unknown,NA,Infront of DTC Bus Depot,Sanjay Nagar,Near Karnal Bypass,29,77,A motorcyclist was been hit by an unknown vehicle. The victim was taken to the hospital where he was unfit for statement.,4026,2,East,Unknown,4026072387,MAHENDRAPARK,Mahendra Park,Delhi,Delhi,North West,Shalimar Bagh,Shalimar Bagh,28.704499,77.165043
20-07-2022,04:35 PM,210820,Anisha,2022-06-01T00:00:00Z,0820,87,23:15,2021-07-07T00:00:00Z,Hit Pedestrian,TRUE,FALSE,FALSE,Fatal Crash,1,0,1,Unknown,NA,Infront of Khusbu Hotel,Near Peer Baba Red Light,Mahendra Park,29,77,A pedestrian was been hit by an unknown vehicle. The victim was taken to the hospital where he died during the treatment.,4027,1,West,Unknown,4027082087,MAHENDRAPARK,Mahendra Park,Delhi,Delhi,North West,Shalimar Bagh,Shalimar Bagh,28.726845,77.162128
20-07-2022,04:35 PM,211132,Anisha,2022-06-01T00:00:00Z,1132,87,11:55,2021-08-27T00:00:00Z,Unknown,TRUE,FALSE,FALSE,Fatal Crash,1,0,2,Unknown,NA,GTK Road,Near Pillar No.108,NA,29,77,A motorcyclist was been hit by an unknown vehicle. The victim was taken to the hospital where he was declared as brought dead.,4028,1,North,Unknown,4028113287,MAHENDRAPARK,Mahendra Park,Delhi,Delhi,North West,Shalimar Bagh,Shalimar Bagh,28.720580000000002,77.166861
20-07-2022,04:35 PM,211347,Anisha,2022-06-01T00:00:00Z,1347,87,23:59,2021-10-27T00:00:00Z,Hit Pedestrian,TRUE,FALSE,FALSE,Fatal Crash,1,0,1,Unknown,NA,Service Road,Near Ram Garh,"Jahangir Puri, Delhi",29,77,A pedestrian was been hit by an unknown vehicle. The victim was taken to the hospital where he was declared as brought dead.,4029,1,North,Unknown,4029134787,MAHENDRAPARK,Mahendra Park,Delhi,Delhi,North West,Shalimar Bagh,Shalimar Bagh,28.7405619533732,77.153853978236
20-07-2022,04:35 PM,211497,Anisha,2022-06-01T00:00:00Z,1497,87,22:15,2021-12-04T00:00:00Z,Unknown,TRUE,FALSE,FALSE,Fatal Crash,1,0,2,Unknown,NA,Towards GTK Road,Near CNG Pump,NA,29,77,A cyclist was been hit by an unknown vehicle. The victim was taken to the hospital and was declared as brought dead.,4030,1,North,Unknown,4030149787,MAHENDRAPARK,Mahendra Park,Delhi,Delhi,North West,Shalimar Bagh,Shalimar Bagh,28.730528,77.159176
20-07-2022,04:35 PM,211585,Anisha,2022-06-01T00:00:00Z,1585,87,05:30,2021-12-22T00:00:00Z,Hit Pedestrian,TRUE,FALSE,FALSE,Fatal Crash,1,0,1,Unknown,NA,"T-point, Near C-10 RU Block","Jahangir Puri, Delhi",NA,29,77,Aa pedestrian was been hit by a truck and was been crushed by the same vehicle. The victim was taken to the hospital where the doctor declared him as brought dead.,4031,1,North-West,Unknown,4031158587,MAHENDRAPARK,Mahendra Park,Delhi,Delhi,North West,Shalimar Bagh,Shalimar Bagh,28.72698,77.172333