Auto_Date,Auto_Time,Form_No,Entry_Personnel,Filled_Date,FIR_No,Police_Station,Time_Of_Crash,Date_Of_Crash,Collision_Type,Hit_and_Run,Special_Case,Case File Available,Crash_Severity,No_Of_ Fatalities,No_Of_ Injured,No_Of_Vehicles,Location,Road_Type,Road_1,Road_2,Road_3,GPS_Lat,GPS_Long,Note,Crash_ID,Distance_From_Landmark,Text97,Veh_Rel_Travel_Dir,Crash_ID_new,PS_Name,PS_Name_New,PS_State,PS_Dist,div_DCP,Sb_div_ACP,Circle_TI,Latitude,Longitude
20-07-2022,04:35 PM,210153,Anisha,2022-06-06T00:00:00Z,0153,13,12:10,2021-03-27T00:00:00Z,Others,FALSE,FALSE,FALSE,Fatal Crash,1,1,1,Unknown,NA,"Near Hanuman Mandir, Bawana",NA,NA,29,77,A motorcyclist and a pillion rider were self falled from the motorcycle. The victims were taken to the hospital where they were treated.,4032,1,N/A,Not Applicable,4032015313,BAWANA,Bawana,Delhi,Delhi,Outer North,Bawana,Bawana,28.794508,77.044724
20-07-2022,04:35 PM,210616,Anisha,2022-06-06T00:00:00Z,0616,9,19:45,2021-12-28T00:00:00Z,Hit Pedestrian,FALSE,FALSE,FALSE,Fatal Crash,1,3,1,Unknown,NA,Infront of Main Gate on Road,PS Baba Hardidas Nagar,NA,29,77,"A pedestrian was been hit by a motorcyclist. The motorcyclist, the pedestrian and the pillion riders were been injured and was taken to the hospital where they were treated.",4033,0,East,Not Applicable,403306169,BABAHARIDASNAGAR,Baba Haridas Nagar,Delhi,Delhi,Dwarka,Najafgarh,Najafgarh,28.638848,76.960561
20-07-2022,04:35 PM,210874,Anisha,2022-06-06T00:00:00Z,0874,13,22:00,2021-10-22T00:00:00Z,Unknown,TRUE,FALSE,FALSE,Fatal Crash,1,1,2,Unknown,NA,Near Bada Golchakar,"Sector-4, DSCIIDC",NA,29,77,A motorcyclist and a pillion rider were been hit by an unknown vehicle. The victims were taken to the hospital where the motorcyclist was declared as brought dead and the pillion rider was treated.,4034,4,South-West,Unknown,4034087413,BAWANA,Bawana,Delhi,Delhi,Outer North,Bawana,Bawana,28.79015,77.05787
20-07-2022,04:35 PM,210347,Anisha,2022-06-06T00:00:00Z,0347,25,02:43,2021-09-10T00:00:00Z,Hit Pedestrian,FALSE,FALSE,FALSE,Fatal Crash,1,2,1,Unknown,NA,"Outer Ring Road, Infront of Park",Near Monestry Market Civil Lines,Delhi,29,77,The pedestrians were been hit by a car. The victims were taken to the hospital where they were treated.,4035,1,N/A,Not Applicable,4035034725,CIVILLINES,Civil Lines,Delhi,Delhi,North,Civil Lines,Civil Lines,28.673119,77.230957
20-07-2022,04:35 PM,210146,Anisha,2022-06-06T00:00:00Z,0146,26,04:30,2021-08-02T00:00:00Z,Unknown,FALSE,FALSE,FALSE,Fatal Crash,1,3,1,Unknown,NA,"Outer Circle, Infront of Panchkuiya Road","Cannaught Place, New Delhi",NA,29,77,A motorcyclist and the pillion riders were self falled from the motorcycle and were injured. The victims were taken to the hospital where they were unfit to give statement.,4036,1,South,Unknown,4036014626,CONNAUGHTPLACE,Connaught Place,Delhi,Delhi,New Delhi,Connaught Place,Connaught Place,28.6347,77.216216
20-07-2022,04:35 PM,210015,Anisha,2022-06-07T00:00:00Z,0015,39,11:15,2021-01-08T00:00:00Z,Single Vehicle Hit Fixed Object,FALSE,FALSE,FALSE,Fatal Crash,1,1,1,Unknown,NA,Shamshaan Ghat to Shakarpur Road,geeta Colony Flyover Bridge,NA,29,77,A motocyclist and a pillion rider were been hit by the divider. The victims were injured and were taken to the hopsital where they were unfit to give statement.,4037,1,West,Not Applicable,4037001539,GEETACOLONY,Geeta Colony,Delhi,Delhi,Shahdara,Gandhi Nagar,Gandhi Nagar,28.65469,77.26429
20-07-2022,04:35 PM,210234,Anisha,2022-06-07T00:00:00Z,0234,29,03:45,2021-07-08T00:00:00Z,Hit Pedestrian,FALSE,FALSE,FALSE,Fatal Crash,1,1,1,Unknown,NA,Towards Red Fort,Near Sabzi Mandi,NA,29,77,The pedestrians were been hit by a a car. The victims were injured and were taken to the hospital.,4038,0,NA,Unknown,4038023429,DARYAGANJ,Darya Ganj,Delhi,Delhi,Central,Kamla Market,Darya Ganj,28.655729,77.2399131
20-07-2022,04:35 PM,210089,Anisha,2022-06-07T00:00:00Z,0089,22,12:30,2021-05-12T00:00:00Z,Hit Pedestrian,TRUE,FALSE,FALSE,Fatal Crash,1,0,1,Unknown,NA,Towards Karol Bagh,Opposite Budha Gard,NA,29,77,A pedestrian was been hit by an unknown vehicle.,4039,0,NA,Unknown,4039008922,CHANAKYAPURI,Chanakya Puri,Delhi,Delhi,New Delhi,Chanakya Puri,Chanakya Puri,28.616026,77.175539
20-07-2022,04:35 PM,210117,Anisha,2022-06-07T00:00:00Z,0117,22,22:20,2021-08-01T00:00:00Z,Hit Pedestrian,TRUE,FALSE,FALSE,Fatal Crash,1,0,1,Unknown,NA,Mustafa Kamal Ataturg Marg,NA,NA,29,77,A pedestrian was been hit by an unknown vehicle.,4040,0,NA,Unknown,4040011722,CHANAKYAPURI,Chanakya Puri,Delhi,Delhi,New Delhi,Chanakya Puri,Chanakya Puri,28.596195,77.199423
20-07-2022,04:35 PM,210419,Anisha,2022-06-07T00:00:00Z,0419,6,06:30,2021-10-08T00:00:00Z,Unknown,TRUE,FALSE,FALSE,Fatal Crash,1,1,2,Unknown,NA,Zakhira Flyover,New Rohtak Road,NA,29,77,A motorcyclist and a pillion rider were been hit by a tempo driver.,4041,0,NA,Unknown,404104196,ANANDPARBAT,Anand Parbat,Delhi,Delhi,Central,Patel Nagar,Patel Nagar,28.667851,77.164669
20-07-2022,04:35 PM,210118,Anisha,2022-06-08T00:00:00Z,0118,7,16:00,2021-05-20T00:00:00Z,Unknown,FALSE,FALSE,FALSE,Fatal Crash,1,2,2,Unknown,NA,Rishabh Vihar Chowk,"Karkadooma, Delhi",NA,29,77,A motorcyclist was been hit by a car and was injured. The victim was taken to the hospital where he was treated.,4042,1,East,Unknown,404201187,ANANDVIHAR,Anand Vihar,Delhi,Delhi,Shahdara,Gandhi Nagar,Vivek Vihar,28.65599,77.30652
20-07-2022,04:35 PM,210247,Anisha,2022-06-15T00:00:00Z,0247,54,06:00,2021-06-29T00:00:00Z,Single Vehicle Overturn,FALSE,FALSE,FALSE,Fatal Crash,1,1,1,Unknown,NA,Karkari Mod Flyover,NA,NA,29,77,A tempo was been self overturned and it's driver and one unknown person fell from the flyover and were injured. The victims were taken to the hospital where the tempo's driver died during the treatment.,4043,2,North-East,Not Applicable,4043024754,JAGATPURI,Jagat puri,Delhi,Delhi,Shahdara,Gandhi Nagar,Vivek Vihar,28.644882,77.29828
20-07-2022,04:35 PM,210050,Anisha,2022-06-15T00:00:00Z,0050,1,20:30,2021-01-23T00:00:00Z,Hit Pedestrian,FALSE,FALSE,FALSE,Fatal Crash,1,0,2,Unknown,NA,"Near Shop No. 34, TPT",Azadpur Delhi,NA,29,77,A speeding truck hit the victim from behind who was loading goods on a parked truck. The speeding truck driver ran away from the spot and the victim was declared brought dead by the doctor.,4044,0,West,Same Direction,404400501,ADARSHNAGAR,Adarsh Nagar,Delhi,Delhi,North West,Shalimar Bagh,Jahangir Puri,28.711005,77.17322
20-07-2022,04:35 PM,210104,Anisha,2022-06-15T00:00:00Z,0104,1,23:40,2021-02-19T00:00:00Z,Unknown,TRUE,FALSE,FALSE,Fatal Crash,1,0,1,Unknown,NA,Near Police Booth,Kewal Park,NA,29,77,The victim was found in an unconscious state with his motorcycle whose parts were found broken on the spot.,4045,2,North-East,Unknown,404501041,ADARSHNAGAR,Adarsh Nagar,Delhi,Delhi,North West,Shalimar Bagh,Jahangir Puri,28.711734,77.179272
20-07-2022,04:35 PM,210141,Anisha,2022-06-15T00:00:00Z,0141,1,13:00,2021-03-21T00:00:00Z,Unknown,TRUE,FALSE,FALSE,Fatal Crash,1,0,1,Unknown,NA,NA,NA,NA,0,0,The victim was hit by the scooty rider and was  taken to the hospital by the scooty rider before the police arrived at the accident spot.,4046,0,East,Unknown,404601411,ADARSHNAGAR,Adarsh Nagar,Delhi,Delhi,North West,Shalimar Bagh,Jahangir Puri,28.71192,77.17893
20-07-2022,04:35 PM,210192,Anisha,2022-06-15T00:00:00Z,0192,1,12:30,2021-04-13T00:00:00Z,Backend Collision,FALSE,FALSE,FALSE,Fatal Crash,1,0,2,Unknown,NA,Near Adarsh Nagar Metro Station,Delhi,NA,29,77,The motorcyclist and the pillion rider was hit by the truck from behind and the truck driver rolled over his truck onto the motorcycle and pillion rider's leg. The motorcyclist then took the pillion rider to the hospital in an autorickshaw.,4047,2,North-East,Same Direction,404701921,ADARSHNAGAR,Adarsh Nagar,Delhi,Delhi,North West,Shalimar Bagh,Jahangir Puri,28.716886,77.169979
20-07-2022,04:35 PM,210295,Anisha,2022-06-15T00:00:00Z,0295,1,23:55,2021-06-17T00:00:00Z,Right Angle Crash,FALSE,FALSE,FALSE,Fatal Crash,1,0,2,Unknown,NA,Majlis Park Metro Station,Delhi,NA,29,77,A speeding tempo while taking a U-turn hits the scooty rider and rans away with his tempo. Later the scooty rider was treated at the hospital and few hours later he was declared dead by the doctor.,4048,1,North-West,Same Direction,404802951,ADARSHNAGAR,Adarsh Nagar,Delhi,Delhi,North West,Shalimar Bagh,Jahangir Puri,28.725188,77.182617
20-07-2022,04:35 PM,210818,Anisha,2022-06-15T00:00:00Z,0818,1,09:00,2021-12-19T00:00:00Z,Hit Pedestrian,TRUE,FALSE,FALSE,Fatal Crash,1,0,1,Unknown,NA,Azadpur Flyover Chowk,Delhi,NA,29,77,An unknown vehicle hit the victim and the victim was found on the road. Later on when the victim was taken to the hospital he was declared brought dead by the doctor.,4049,0,North,Unknown,404908181,ADARSHNAGAR,Adarsh Nagar,Delhi,Delhi,North West,Shalimar Bagh,Jahangir Puri,28.710129,77.176334
20-07-2022,04:35 PM,210004,Anisha,2022-06-15T00:00:00Z,0004,2,18:00,2021-01-01T00:00:00Z,Hit Pedestrian,FALSE,FALSE,FALSE,Fatal Crash,1,0,1,Unknown,NA,Near Bakoli Village,Delhi,NA,29,77,The victim was taken to the Maharishi Valmiki Hospital where the doctor said that his left ear was disoriented and needs to be taken to the  Safdurjung Hospital in the neuro department.,4050,3,North,Unknown,405000042,ALIPUR,AliPur,Delhi,Delhi,Outer North,Samai Pur Badli,Samai Pur Badli,28.810377,77.136308
20-07-2022,04:35 PM,210006,Anisha,2022-06-15T00:00:00Z,0006,2,20:30,2021-01-03T00:00:00Z,Unknown,TRUE,FALSE,FALSE,Fatal Crash,1,0,2,Unknown,NA,In Front of Royal Arches,Bakhtawarpur Road,"Alipur, Delhi",29,77,The victim was hitted by an unknown vehicle and ran away from the site. The victim was identified by one of his neighbour and he was taken to the hospital by his car. After reached at the hospital the doctor decalred brought dead to the victim.,4051,2,North,Unknown,405100062,ALIPUR,AliPur,Delhi,Delhi,Outer North,Samai Pur Badli,Samai Pur Badli,28.815338,77.162608
20-07-2022,04:35 PM,210029,Anisha,2022-06-15T00:00:00Z,0029,2,08:50,2021-01-16T00:00:00Z,Hit Pedestrian,TRUE,FALSE,FALSE,Fatal Crash,1,0,1,Unknown,NA,Hamidpur Village,Near Jindal Godown,"Alipur, Delhi",29,77,The victim was been hit by an unknown vehicle and the victim was found dead at the spot.,4052,2,North,Unknown,405200292,ALIPUR,AliPur,Delhi,Delhi,Outer North,Samai Pur Badli,Samai Pur Badli,28.826353,77.146889
20-07-2022,04:35 PM,210040,Anisha,2022-06-15T00:00:00Z,0040,2,15:00,2021-01-23T00:00:00Z,Unknown,TRUE,FALSE,FALSE,Fatal Crash,1,0,2,Unknown,NA,Near Old Age Home,Khera Kala,NA,29,77,"A motorcyclist was hit by a truck driver who ran away, kept his truck parked and the motorcyclist was taken to the hospital by the CATS van where the doctor declared him to be brought dead.",4053,5,North-West,Unknown,405300402,ALIPUR,AliPur,Delhi,Delhi,Outer North,Samai Pur Badli,Samai Pur Badli,28.857618,77.097293
20-07-2022,04:36 PM,21190,Ashwani,2022-06-15T00:00:00Z,0190,164,09:07,2021-03-21T00:00:00Z,Unknown,TRUE,FALSE,FALSE,Fatal Crash,1,0,2,Unknown,NA,"MG Road ,",Near Qutab Minar Metro Station,New Delhi,29,77,A bicycle rider was hit by unknown vehicle .,3446,3,NA,Unknown,34460190164,SULTANPURI,Sultan Puri,Delhi,Delhi,Outer,Mangol Puri,Sultan Puri,NA,NA
20-07-2022,04:36 PM,210164,Ashwani,2021-06-15T00:00:00Z,0164,90,21:20,2021-12-27T00:00:00Z,Hit Pedestrian,TRUE,FALSE,FALSE,Fatal Crash,1,0,1,Unknown,NA,Near Udhyan Marg,CNG Pump,NA,29,77,Unknown pedestrian was hit by unknown vehicle .,3447,0,NA,Unknown,3447016490,MANDIRMARG,Mandir Marg,Delhi,Delhi,New Delhi,Connaught Place,Connaught Place,28.632415,77.201369
20-07-2022,04:36 PM,210105,Ashwani,2022-06-15T00:00:00Z,0105,91,03:00,2021-02-11T00:00:00Z,Single Vehicle Overturn,FALSE,FALSE,FALSE,Fatal Crash,1,0,1,Unknown,NA,Anukampa Chowk,Road no 43,NA,29,77,A car crashed due to unknown reasons killing the driver .,3448,0,NA,Not Applicable,3448010591,MANGOLPURI,Mangol Puri,Delhi,Delhi,Outer,Mangol Puri,Mangol Puri,28.688376,77.095486
20-07-2022,04:36 PM,210629,Ashwani,2022-06-15T00:00:00Z,0629,93,01:41,2021-02-07T00:00:00Z,Backend Collision,FALSE,FALSE,FALSE,Fatal Crash,1,0,2,Unknown,NA,Near VIPS College Pitampurma,DR KB Hedgewar Road,NA,29,77,A bike rider was hit by truck .,3449,0,NA,Same Direction,3449062993,MAURYAENCLAVE,Maurya Enclave,Delhi,Delhi,North West,Shalimar Bagh,Subhash Palace,28.721425,77.14076
20-07-2022,04:36 PM,210715,Ashwani,2022-06-15T00:00:00Z,0715,100,04:15,2021-07-12T00:00:00Z,Head on Collision,TRUE,FALSE,FALSE,Fatal Crash,1,0,2,Unknown,NA,Near Ghewra Metro station,"Mundka ,",Rohtak Road,29,77,"A bike was hit by unknown truck , the pillion rider was injured and later died .",3450,0,NA,Same Direction,34500715100,MUNDKA,Mundka,Delhi,Delhi,Outer,Nangloi,Nangloi,28.685144,76.996
20-07-2022,04:36 PM,210633,Ashwani,2022-06-15T00:00:00Z,0633,104,18:00,2021-09-01T00:00:00Z,Hit Pedestrian,FALSE,FALSE,FALSE,Fatal Crash,1,1,1,Unknown,NA,Near Surajmal Stadium Nangloi,Rohtak road,NA,29,77,"Two pedesrtian were hit by a car  , killing one and injuring other.",3451,0,NA,Unknown,34510633104,"NANGLOI",Nangloi,Delhi,Delhi,Outer,Nangloi,Nangloi,28.681869,77.072903
20-07-2022,04:36 PM,210090,Ashwani,2022-06-15T00:00:00Z,0090,112,12:50,2021-02-12T00:00:00Z,Unknown,TRUE,FALSE,FALSE,Fatal Crash,1,0,2,Unknown,NA,Near Khada Chowk,Abchal Nagar,NA,29,77,A motorcyclist was hit by car .,3452,0,NA,Unknown,34520090112,NIHALVIHAR,Nihal Vihar,Delhi,Delhi,Outer,Nangloi,Paschim Vihar,28.657648,77.060224
20-07-2022,04:36 PM,210465,Ashwani,2022-06-15T00:00:00Z,0465,118,01:30,2021-11-26T00:00:00Z,Hit Pedestrian,TRUE,FALSE,FALSE,Fatal Crash,1,0,1,Unknown,NA,Paharganj chowk,Desh Bandu Gupta Road,NA,29,77,A pedestrian was hit by a unknown truck .,3453,0,NA,Unknown,34530465118,NA,NA,NA,NA,NA,NA,NA,NA,NA
20-07-2022,04:36 PM,210455,Ashwani,2022-06-15T00:00:00Z,0455,133,08:40,2021-06-24T00:00:00Z,Unknown,TRUE,FALSE,FALSE,Fatal Crash,1,0,2,Unknown,NA,Phase 1 Near Petrol Pump,mangolpuri,NA,29,77,"An E Rickshaw was hit by a car , killing one passenger of E Rickshaw.",3454,0,NA,Unknown,34540455133,RAJPARK,Raj Park,Delhi,Delhi,Outer,Mangol Puri,Sultan Puri,28.689828,77.071359
20-07-2022,04:37 PM,210336,Ashwani,2022-04-29T00:00:00Z,0336,449,22:30,2021-06-09T00:00:00Z,Hit Pedestrian,TRUE,FALSE,FALSE,Fatal Crash,1,0,1,Unknown,NA,Near Moti Nagar Flyover,NA,NA,29,77,One pedestrian hit by unknown vehicle . No other detail available about the accused .,3446,1,West,Unknown,34460336449,MOTINAGAR,Moti Nagar,Delhi,Delhi,West,Punjabi Bagh,Punjabi Bagh,28.668162,77.136357
20-07-2022,04:37 PM,210473,Ashwani,2022-04-29T00:00:00Z,0473,449,11:30,2021-08-04T00:00:00Z,Single Vehicle Overturn,FALSE,FALSE,FALSE,Fatal Crash,1,0,1,Unknown,NA,Moti Nagar Block - 7,Delhi,NA,29,77,Scooty slipped on road injuring the rider . No other details available .,3447,1,West,Not Applicable,34470473449,MOTINAGAR,Moti Nagar,Delhi,Delhi,West,Punjabi Bagh,Punjabi Bagh,28.659753,77.140764
20-07-2022,04:37 PM,210499,Ashwani,2022-04-29T00:00:00Z,0499,449,NA,2021-08-16T00:00:00Z,Unknown,FALSE,FALSE,FALSE,Fatal Crash,1,0,2,Unknown,NA,Moti Nagar to Najafgarh Road carriage way,"near pillar no 335, Police Booth",24x 7 Kirti Nagar,29,77,Rickshaw puller was hit by tempo . Which resulted in death of the rickshaw puller.,3448,1,West,Unknown,34480499449,MOTINAGAR,Moti Nagar,Delhi,Delhi,West,Punjabi Bagh,Punjabi Bagh,28.65276,77.13185
20-07-2022,04:37 PM,210613,Ashwani,2022-04-29T00:00:00Z,0613,449,16:30,2021-10-13T00:00:00Z,Hit Pedestrian,TRUE,FALSE,FALSE,Fatal Crash,1,0,1,Unknown,NA,Zakhira Flyover,"Near Masjid ,",New Rohtak Road,29,77,"One pedestrian hit by EECO car , she died on the spot . After the incident EECO car driver fled from the spot .",3449,2,North,Perpendicular Direction,34490613449,MOTINAGAR,Moti Nagar,Delhi,Delhi,West,Punjabi Bagh,Punjabi Bagh,28.666766,77.169189
20-07-2022,04:37 PM,210629,Ashwani,2022-04-29T00:00:00Z,0629,449,20:00,2021-10-17T00:00:00Z,Hit Pedestrian,TRUE,FALSE,FALSE,Fatal Crash,1,0,1,Unknown,NA,Shadipur  Flyover,Moti Nagar,Delhi,29,77,Pedestrian was hit by unknown vehicle . No details or witness available in incident.,3450,2,NA,Unknown,34500629449,MOTINAGAR,Moti Nagar,Delhi,Delhi,West,Punjabi Bagh,Punjabi Bagh,28.65518,77.15223
20-07-2022,04:37 PM,210688,Ashwani,2022-04-29T00:00:00Z,0688,449,23:00,2021-11-04T00:00:00Z,Hit Pedestrian,TRUE,FALSE,FALSE,Fatal Crash,1,1,1,Unknown,NA,Zakhira Flyover,Delhi,NA,29,77,Two Pedestrian were hit by unknown vehicle . No eyewitness of incident available.,3451,2,North,Unknown,34510688449,MOTINAGAR,Moti Nagar,Delhi,Delhi,West,Punjabi Bagh,Punjabi Bagh,28.667809,77.166841
20-07-2022,04:37 PM,210735,Ashwani,2022-04-29T00:00:00Z,0735,449,00:10,2021-11-29T00:00:00Z,Single Vehicle Overturn,FALSE,FALSE,FALSE,Fatal Crash,1,0,1,Unknown,NA,Near Government School,"H Block  , Karampura",New Delhi,29,77,"Scooty slipped while being driven by driver . Driver found unconcious and intoxicated , taken to hospital by PCR.",3452,1,West,Not Applicable,34520735449,MOTINAGAR,Moti Nagar,Delhi,Delhi,West,Punjabi Bagh,Punjabi Bagh,28.664862,77.148061
20-07-2022,04:37 PM,210323,Ashwani,2022-04-29T00:00:00Z,0323,99,08:20,2021-07-05T00:00:00Z,Single Vehicle Overturn,FALSE,FALSE,FALSE,Fatal Crash,1,2,1,Unknown,NA,Ganda Nala Road,Near Nirankari Sarovar,NA,29,77,"Auto Tempo was over speeding , while turning the vehicle overturned and passengers got injured while the driver was declared DOA in hospital .",3453,1,NA,Not Applicable,3453032399,MUKHERJINAGAR,Mukherjee Nagar,Delhi,Delhi,North West,Ashok Vihar,Model Town,28.7259,77.19789
20-07-2022,04:37 PM,210545,Ashwani,2022-04-29T00:00:00Z,0545,99,23:50,2021-11-03T00:00:00Z,Hit Pedestrian,TRUE,FALSE,FALSE,Fatal Crash,1,0,1,Unknown,NA,"Model Town 1  , Red Light",Towards Camp Chowk Main Road,NA,29,77,One pedestrian was hit by unknown vehicle and was taken to hospital in ambulance . He was declared DOA in hospital.,3454,1,NA,Unknown,3454054599,MUKHERJINAGAR,Mukherjee Nagar,Delhi,Delhi,North West,Ashok Vihar,Model Town,28.702146,77.195202
20-07-2022,04:37 PM,210556,Ashwani,2022-04-29T00:00:00Z,0556,99,22:05,2021-11-08T00:00:00Z,Hit Pedestrian,FALSE,FALSE,FALSE,Fatal Crash,1,0,1,Unknown,NA,"Infront of BBM Bus Depot,",Way to Batra Cinema to Hakikat,"Nagar, Red Light.",29,77,Pedestrian was hit by moving car while crossing road . Car driver and witness took the pedestrian to Trauma Centre .,3455,1,NA,Perpendicular Direction,3455055699,MUKHERJINAGAR,Mukherjee Nagar,Delhi,Delhi,North West,Ashok Vihar,Model Town,28.704,77.211056
20-07-2022,04:37 PM,210145,Ashwani,2022-04-29T00:00:00Z,0145,100,19:56,2021-03-05T00:00:00Z,Unknown,FALSE,FALSE,FALSE,Fatal Crash,1,0,0,Unknown,NA,"Main RKT Road , Near Tikri Village",Metro Station,NA,29,77,One bike rider was found injured and taken to hospital by public .No details of victim were available.,3456,3,East,Unknown,34560145100,MUNDKA,Mundka,Delhi,Delhi,Outer,Nangloi,Nangloi,28.686976,76.975117
20-07-2022,04:37 PM,210204,Ashwani,2022-04-29T00:00:00Z,0204,100,16:20,2021-03-27T00:00:00Z,Hit Pedestrian,FALSE,FALSE,FALSE,Fatal Crash,1,0,1,Unknown,NA,Near Ghevra Metro Station,NA,NA,29,77,One pedestrian was hit by an auto TSR. Victim was taken to hospital by public and auto driver was caught by public .,3457,7,East,Same Direction,34570204100,MUNDKA,Mundka,Delhi,Delhi,Outer,Nangloi,Nangloi,28.685187,76.997294
20-07-2022,04:37 PM,210356,Ashwani,2021-04-29T00:00:00Z,0356,100,11:40,2021-05-06T00:00:00Z,Hit Pedestrian,TRUE,FALSE,FALSE,Fatal Crash,1,0,1,Unknown,NA,Between Ghewra More and Indian oil Company,Near Metro pillar no 650,NA,29,77,Pedestrian was hit by unknown vehicle . Later was taken to Hospital by known person (office). Victim died in hospital during treatment.,3458,8,East,Unknown,34580356100,MUNDKA,Mundka,Delhi,Delhi,Outer,Nangloi,Nangloi,28.685577,76.992657
20-07-2022,04:37 PM,210358,Ashwani,2021-04-29T00:00:00Z,0358,100,12:40,2021-05-07T00:00:00Z,Backend Collision,FALSE,FALSE,FALSE,Fatal Crash,1,0,2,Unknown,NA,Near Metro Pillar no 593,Main Rohtak Road,Towards Bahadurgarh,29,77,One cyclist was hit by truck . Cyclist was taken to hospital in PCR and was declared DOA by doctor .,3459,8,East,Same Direction,34590358100,MUNDKA,Mundka,Delhi,Delhi,Outer,Nangloi,Nangloi,28.683865,77.010527
20-07-2022,04:37 PM,210579,Ashwani,2022-04-29T00:00:00Z,0579,100,16:30,2021-06-15T00:00:00Z,Backend Collision,FALSE,FALSE,FALSE,Fatal Crash,1,1,2,Unknown,NA,Road From PVC Market to,Village Tikri Kalan,Delhi,29,77,Motorcyle was hit from behind by truck . Pillion rider of bike got minor injury where as bike Driver's head was hit by same truck which resulted in his death.,3460,2,East,Same Direction,34600579100,MUNDKA,Mundka,Delhi,Delhi,Outer,Nangloi,Nangloi,28.682095,76.96687
20-07-2022,04:37 PM,210632,Ashwani,2022-04-29T00:00:00Z,0632,100,23:45,2021-06-24T00:00:00Z,Hit Pedestrian,FALSE,FALSE,FALSE,Fatal Crash,1,0,2,Unknown,NA,Parking Behind  Baba Hari Das,"Dharam Kanta , near PS Mundka","Tikri Kalan , DELHI",29,77,One truck was reversing in parking and one helper was marshalling the same . Truck driver without realising hit him and the person got smashed between this truck and one stationary parked  truck without any occupant.,3461,1,North,Opposite Direction,34610632100,MUNDKA,Mundka,Delhi,Delhi,Outer,Nangloi,Nangloi,28.671734,76.96069
20-07-2022,04:37 PM,210682,Ashwani,2022-04-29T00:00:00Z,0682,100,05:00,2021-07-04T00:00:00Z,Head on Collision,FALSE,FALSE,FALSE,Fatal Crash,1,0,2,Unknown,NA,300 Foota road,Mundka Delhi,NA,29,77,Bike Driver was hit by tractor head on . Bike driver sustained head injury. When taken to hospital was declared DOA.,3462,7,NA,Opposite Direction,34620682100,MUNDKA,Mundka,Delhi,Delhi,Outer,Nangloi,Nangloi,NA,NA
20-07-2022,04:37 PM,210714,Ashwani,2022-04-29T00:00:00Z,0714,100,23:00,2021-07-11T00:00:00Z,Unknown,TRUE,FALSE,FALSE,Fatal Crash,1,0,2,Unknown,NA,City Park Rohtak Road,Near CNG Pump,NA,29,77,Bike and car were found in accidental condition . Bike rider was taken to hospital were he was declared DOA . Car driver was not found .,3463,8,East,Unknown,34630714100,MUNDKA,Mundka,Delhi,Delhi,Outer,Nangloi,Nangloi,28.684917,76.999224
20-07-2022,04:37 PM,210756,Ashwani,2022-04-29T00:00:00Z,0756,100,07:00,2021-07-21T00:00:00Z,Backend Collision,FALSE,FALSE,FALSE,Fatal Crash,1,1,2,Unknown,NA,Main Rohtak Road,front of metro pillar 578,Mundka industrial area,29,77,Bike was hit from by trolley tractor. Pillion rider died on the spot as the wheel of the tractor ran over the head of pillion rider . Bike driver sustained injuries.,3464,8,NA,Same Direction,34640756100,MUNDKA,Mundka,Delhi,Delhi,Outer,Nangloi,Nangloi,28.68341,77.015788
20-07-2022,04:37 PM,210843,Ashwani,2022-04-29T00:00:00Z,0843,100,19:35,2021-08-04T00:00:00Z,Hit Pedestrian,TRUE,FALSE,FALSE,Fatal Crash,1,0,1,Unknown,NA,Rohtak Road,below Tikri Kalan Metro Station,Road Towards Nangloi,29,77,Pedestrian was hit by unknown vehicle and taken to hospital by public in private vehicle . Doctor declared him DOA .,3465,3,North,Unknown,34650843100,MUNDKA,Mundka,Delhi,Delhi,Outer,Nangloi,Nangloi,28.688098,76.964026
20-07-2022,04:37 PM,210935,Ashwani,2022-04-29T00:00:00Z,0935,100,16:23,2021-09-06T00:00:00Z,Unknown,FALSE,FALSE,FALSE,Fatal Crash,1,0,2,Unknown,NA,Main rohtak Road,Near Metro pillar no 680,Tikri Kalan Delhi,29,77,Bike rider was hit by car . Bike ride was taken to hospital by CATS ambulance . There are no details of car driver .,3466,5,North,Unknown,34660935100,MUNDKA,Mundka,Delhi,Delhi,Outer,Nangloi,Nangloi,28.685742,76.988862
20-07-2022,04:37 PM,210952,Ashwani,2022-04-29T00:00:00Z,0952,100,NA,NA,Hit Pedestrian,TRUE,FALSE,FALSE,Fatal Crash,1,0,1,Unknown,NA,"pillar no 561 , near mundka",Rohtak road Delhi,NA,29,77,Pedestrian was hit by unknown vehicle . He was admitted in hospital in unconcious state . There are no details of impacting vehicle or driver .,3467,6,East,Unknown,34670952100,MUNDKA,Mundka,Delhi,Delhi,Outer,Nangloi,Nangloi,28.683028,77.020479